{"id":"AE","name":"United Arab Emirates","month":"2018-12","access_date":"2019-01-04","data":{"chrome":{"4":0,"5":0,"6":0,"7":0,"8":0,"9":0,"10":0,"11":0.004608,"12":0,"13":0,"14":0,"15":0,"16":0,"17":0,"18":0,"19":0,"20":0,"21":0.004608,"22":0.009216,"23":0,"24":0,"25":0,"26":0.004608,"27":0,"28":0,"29":0.110592,"30":0.004608,"31":0.004608,"32":0,"33":0.004608,"34":0.018432,"35":0,"36":0,"37":0,"38":0.036864,"39":0.004608,"40":0.004608,"41":0.004608,"42":0,"43":0.018432,"44":0.004608,"45":0.004608,"46":0.004608,"47":0,"48":0.009216,"49":0.188928,"50":0.004608,"51":0.004608,"52":0.004608,"53":0.004608,"54":0.018432,"55":0.018432,"56":0.027648,"57":0.027648,"58":0.3456,"59":0.004608,"60":0.013824,"61":0.156672,"62":0.036864,"63":0.06912,"64":0.032256,"65":0.087552,"66":0.041472,"67":0.101376,"68":0.06912,"69":0.225792,"70":6.064128,"71":6.944256,"72":0.036864,"73":0.018432,"74":0},"firefox":{"2":0,"3":0.004608,"3.5":0,"3.6":0,"4":0,"5":0,"6":0,"7":0,"8":0,"9":0,"10":0,"11":0,"12":0,"13":0,"14":0,"15":0,"16":0,"17":0,"18":0,"19":0,"20":0,"21":0,"22":0,"23":0,"24":0,"25":0,"26":0,"27":0,"28":0,"29":0,"30":0,"31":0,"32":0,"33":0,"34":0,"35":0,"36":0,"37":0,"38":0,"39":0,"40":0,"41":0,"42":0,"43":0.004608,"44":0,"45":0.004608,"46":0.004608,"47":0.004608,"48":0.027648,"49":0.004608,"50":0.004608,"51":0.004608,"52":0.027648,"53":0.06912,"54":0.004608,"55":0.004608,"56":0.009216,"57":0.018432,"58":0.004608,"59":0.004608,"60":0.018432,"61":0.013824,"62":0.013824,"63":0.428544,"64":0.479232,"65":0.018432,"66":0},"opera":{"9":0,"9.5-9.6":0,"10.0-10.1":0,"10.5":0,"10.6":0,"11":0,"11.1":0,"11.5":0,"11.6":0,"12":0,"12.1":0.004608,"15":0,"16":0,"17":0,"18":0,"19":0,"20":0,"21":0,"22":0,"23":0,"24":0,"25":0,"26":0,"27":0,"28":0,"29":0,"30":0,"31":0,"32":0,"33":0,"34":0,"35":0,"36":0,"37":0.02304,"38":0.009216,"39":0,"40":0,"41":0,"42":0,"43":0,"44":0,"45":0.004608,"46":0,"47":0,"48":0,"49":0.036864,"50":0,"51":0.004608,"52":0,"53":0,"54":0,"55":0,"56":0.20736,"57":0.110592},"safari":{"3.1":0,"3.2":0,"4":0,"5":0,"5.1":0.004608,"6":0,"6.1":0.004608,"7":0.004608,"7.1":0,"8":0.004608,"9":0.004608,"9.1":0.036864,"10":0.027648,"10.1":0.101376,"11":0.06912,"11.1":0.18432,"12":0.926208,"0":null},"ios_saf":{"3.2":0.0031144702232009,"4.0-4.1":0.0015572351116004,"4.2-4.3":0.0015572351116004,"5.0-5.1":0.018686821339205,"6.0-6.1":0.0062289404464018,"7.0-7.1":0.031144702232009,"8":0.26317273386047,"8.1-8.4":0.066961109798819,"9.0-9.2":0.049831523571214,"9.3":0.32546213832449,"10.0-10.2":0.22891356140526,"10.3":0.48897182504254,"11.0-11.2":0.720999856671,"11.3-11.4":1.983917532179,"12.0-12.1":11.367816314683},"android":{"2.1":0,"2.2":0.00061059377945335,"2.3":0.0183178133836,"3":0.00061059377945335,"4":0.10563272384543,"4.1":0.040909783223374,"4.2-4.3":0.15325903864279,"4.4":0,"4.4.3-4.4.4":0.3284994533459,"67":null},"ie":{"5.5":0,"6":0,"7":0,"8":0.032932699300699,"9":0.014114013986014,"10":0.018818685314685,"11":0.6069026013986},"edge":{"12":0.009216,"13":0.013824,"14":0.032256,"15":0.041472,"16":0.059904,"17":0.603648,"18":null},"op_mob":{"10":null,"11":null,"11.1":null,"11.5":null,"12":null,"12.1":null,"0":null},"samsung":{"4":0.57861608362369,"5":0.069832975609756,"6.2":0.079809114982578,"7.2":null},"ie_mob":{"10":0,"11":0.043136},"bb":{"7":0.0043136,"10":0.0172544},"baidu":{"0":null},"and_ff":{"0":0.1348},"and_uc":{"0":12.806},"and_qq":{"1.2":null},"op_mini":{"0":3.0322495670103},"and_chr":{"0":36.544016}},"total":88.703915741226}