{"id":"AL","name":"Albania","month":"2018-12","access_date":"2019-01-04","data":{"chrome":{"4":0,"5":0,"6":0,"7":0,"8":0,"9":0,"10":0,"11":0.005421,"12":0,"13":0,"14":0,"15":0,"16":0,"17":0,"18":0,"19":0,"20":0,"21":0,"22":0.032526,"23":0,"24":0.010842,"25":0,"26":0.010842,"27":0,"28":0.005421,"29":0.368628,"30":0.010842,"31":0.005421,"32":0,"33":0.005421,"34":0.027105,"35":0.010842,"36":0.005421,"37":0.005421,"38":0.043368,"39":0.005421,"40":0.005421,"41":0.016263,"42":0,"43":0.016263,"44":0.010842,"45":0.005421,"46":0.010842,"47":0.005421,"48":0.016263,"49":1.203462,"50":0.010842,"51":0.010842,"52":0.016263,"53":0.037947,"54":0.021684,"55":0.027105,"56":0.043368,"57":0.05421,"58":0.43368,"59":0.010842,"60":0.048789,"61":0.05421,"62":0.233103,"63":0.233103,"64":0.16263,"65":0.260208,"66":0.086736,"67":0.102999,"68":0.081315,"69":0.151788,"70":8.809125,"71":9.009702,"72":0.037947,"73":0.010842,"74":0},"firefox":{"2":0.005421,"3":0,"3.5":0,"3.6":0.005421,"4":0,"5":0,"6":0,"7":0,"8":0,"9":0,"10":0,"11":0,"12":0,"13":0,"14":0,"15":0.005421,"16":0,"17":0,"18":0,"19":0,"20":0,"21":0,"22":0,"23":0.005421,"24":0,"25":0,"26":0,"27":0,"28":0,"29":0,"30":0,"31":0,"32":0.005421,"33":0,"34":0.010842,"35":0,"36":0,"37":0,"38":0,"39":0,"40":0.016263,"41":0,"42":0,"43":0.010842,"44":0.005421,"45":0.005421,"46":0,"47":0.021684,"48":0.021684,"49":0.010842,"50":0.010842,"51":0,"52":0.178893,"53":0.081315,"54":0.010842,"55":0.005421,"56":0.043368,"57":0.059631,"58":0.05421,"59":0.065052,"60":0.037947,"61":0.027105,"62":0.032526,"63":0.688467,"64":0.720993,"65":0.021684,"66":0},"opera":{"9":0,"9.5-9.6":0,"10.0-10.1":0.005421,"10.5":0,"10.6":0,"11":0,"11.1":0,"11.5":0,"11.6":0,"12":0,"12.1":0,"15":0,"16":0,"17":0,"18":0,"19":0,"20":0,"21":0,"22":0,"23":0,"24":0,"25":0,"26":0,"27":0,"28":0,"29":0,"30":0,"31":0,"32":0,"33":0,"34":0,"35":0,"36":0.016263,"37":0,"38":0,"39":0,"40":0.010842,"41":0,"42":0,"43":0.005421,"44":0,"45":0,"46":0,"47":0,"48":0.005421,"49":0.010842,"50":0.005421,"51":0.005421,"52":0.010842,"53":0,"54":0,"55":0.005421,"56":0.27105,"57":0.16263},"safari":{"3.1":0,"3.2":0,"4":0,"5":0,"5.1":0,"6":0,"6.1":0,"7":0,"7.1":0,"8":0.010842,"9":0.005421,"9.1":0.010842,"10":0.005421,"10.1":0.032526,"11":0.027105,"11.1":0.070473,"12":0.21684,"0":null},"ios_saf":{"3.2":0.0047156488839956,"4.0-4.1":0.0023578244419978,"4.2-4.3":0.0023578244419978,"5.0-5.1":0.028293893303974,"6.0-6.1":0.0094312977679912,"7.0-7.1":0.047156488839956,"8":0.39847233069763,"8.1-8.4":0.10138645100591,"9.0-9.2":0.07545038214393,"9.3":0.49278530837754,"10.0-10.2":0.34660019297368,"10.3":0.74035687478731,"11.0-11.2":1.091672716645,"11.3-11.4":3.0038683391052,"12.0-12.1":17.212118426584},"android":{"2.1":0,"2.2":0.0016394184731385,"2.3":0.049182554194156,"3":0.0016394184731385,"4":0.28361939585297,"4.1":0.10984103770028,"4.2-4.3":0.41149403675778,"4.4":0,"4.4.3-4.4.4":0.88200713854854,"67":null},"ie":{"5.5":0,"6":0,"7":0.0055283465346535,"8":0.13820866336634,"9":0.033170079207921,"10":0.022113386138614,"11":0.35934252475248},"edge":{"12":0.010842,"13":0.027105,"14":0.043368,"15":0.037947,"16":0.043368,"17":0.336102,"18":null},"op_mob":{"10":null,"11":null,"11.1":null,"11.5":null,"12":null,"12.1":null,"0":null},"samsung":{"4":0.86906944864865,"5":0.049378945945946,"6.2":0.20739157297297,"7.2":null},"ie_mob":{"10":0.021103217391304,"11":0.2215837826087},"bb":{"7":0.0073264,"10":0.0293056},"baidu":{"0":null},"and_ff":{"0":0.054948},"and_uc":{"0":0.073264},"and_qq":{"1.2":null},"op_mini":{"0":0.23843057560137},"and_chr":{"0":41.602411}},"total":94.583039543169}