{"id":"AM","name":"Armenia","month":"2018-12","access_date":"2019-01-04","data":{"chrome":{"4":0.041705,"5":0.008341,"6":0.016682,"7":0.033364,"8":0,"9":0.008341,"10":0.008341,"11":0.025023,"12":0.016682,"13":0.025023,"14":0.033364,"15":0.041705,"16":0.041705,"17":0.050046,"18":0.050046,"19":0.033364,"20":0.050046,"21":0.08341,"22":0.058387,"23":0.033364,"24":0.066728,"25":0.033364,"26":0.050046,"27":0.016682,"28":0.008341,"29":0.008341,"30":0.016682,"31":0.016682,"32":0.008341,"33":0.008341,"34":0.041705,"35":0.025023,"36":0.008341,"37":0.016682,"38":0.033364,"39":0.050046,"40":0.100092,"41":0.025023,"42":0.025023,"43":0.033364,"44":0.008341,"45":0.008341,"46":0.050046,"47":0.008341,"48":0.008341,"49":1.192763,"50":0.016682,"51":0.025023,"52":0.033364,"53":0.016682,"54":0.008341,"55":0.050046,"56":0.108433,"57":0.200184,"58":0.900828,"59":0.033364,"60":0.050046,"61":0.041705,"62":0.058387,"63":0.066728,"64":0.041705,"65":0.16682,"66":0.066728,"67":0.141797,"68":0.367004,"69":0.283594,"70":16.131494,"71":16.123153,"72":0.483778,"73":0.016682,"74":0},"firefox":{"2":0.033364,"3":0.08341,"3.5":0.108433,"3.6":0.467096,"4":0.008341,"5":0.016682,"6":0.008341,"7":0,"8":0.008341,"9":0,"10":0.008341,"11":0.008341,"12":0.016682,"13":0.008341,"14":0.008341,"15":0.016682,"16":0.016682,"17":0,"18":0,"19":0,"20":0.025023,"21":0.008341,"22":0.008341,"23":0.008341,"24":0,"25":0.016682,"26":0,"27":0,"28":0.008341,"29":0,"30":0.008341,"31":0.008341,"32":0.016682,"33":0.016682,"34":0.008341,"35":0.058387,"36":0.025023,"37":0,"38":0.033364,"39":0,"40":0,"41":0,"42":0.025023,"43":0.008341,"44":0,"45":0.075069,"46":0,"47":0.008341,"48":0.008341,"49":0.008341,"50":0,"51":0,"52":20.026741,"53":0.183502,"54":0.008341,"55":0.008341,"56":0.008341,"57":0.025023,"58":0.025023,"59":0.008341,"60":0.025023,"61":0.041705,"62":0.058387,"63":0.66728,"64":0.717326,"65":0.008341,"66":0},"opera":{"9":0,"9.5-9.6":0,"10.0-10.1":0.016682,"10.5":0.016682,"10.6":0.050046,"11":0.016682,"11.1":0.016682,"11.5":0.058387,"11.6":0.066728,"12":0.125115,"12.1":0.325299,"15":0.016682,"16":0.008341,"17":0,"18":0.016682,"19":0.016682,"20":0.016682,"21":0.016682,"22":0.008341,"23":0.008341,"24":0.016682,"25":0.008341,"26":0.008341,"27":0.058387,"28":0,"29":0,"30":0,"31":0,"32":0,"33":0,"34":0,"35":0,"36":0.008341,"37":0.008341,"38":0,"39":0,"40":0,"41":0,"42":0,"43":0.008341,"44":0.008341,"45":0.008341,"46":0.008341,"47":0,"48":0.008341,"49":0.016682,"50":0,"51":0,"52":0,"53":0,"54":0,"55":0,"56":0.75069,"57":0.33364},"safari":{"3.1":0.008341,"3.2":0,"4":0.025023,"5":0.066728,"5.1":0.066728,"6":0,"6.1":0,"7":0,"7.1":0,"8":0.008341,"9":0,"9.1":0.008341,"10":0,"10.1":0.025023,"11":0.016682,"11.1":0.191843,"12":0.642257,"0":null},"ios_saf":{"3.2":0.0018033984586128,"4.0-4.1":0.00090169922930638,"4.2-4.3":0.00090169922930638,"5.0-5.1":0.010820390751677,"6.0-6.1":0.0036067969172255,"7.0-7.1":0.018033984586128,"8":0.15238716975278,"8.1-8.4":0.038773066860174,"9.0-9.2":0.028854375337804,"9.3":0.18845513892503,"10.0-10.2":0.13254978670804,"10.3":0.2831335580022,"11.0-11.2":0.41748674316885,"11.3-11.4":1.1487648181363,"12.0-12.1":6.5824043739365},"android":{"2.1":0,"2.2":0.00051147408105561,"2.3":0.015344222431668,"3":0.00051147408105561,"4":0.08848501602262,"4.1":0.034268763430726,"4.2-4.3":0.12837999434496,"4.4":0,"4.4.3-4.4.4":0.27517305560792,"67":null},"ie":{"5.5":0,"6":0,"7":0,"8":0.06069175,"9":0.06069175,"10":0.11271325,"11":0.42484225},"edge":{"12":0.008341,"13":0.008341,"14":0.058387,"15":0.058387,"16":0.025023,"17":0.475437,"18":null},"op_mob":{"10":null,"11":null,"11.1":null,"11.5":null,"12":null,"12.1":null,"0":null},"samsung":{"4":0.11556351219512,"5":0.02889087804878,"6.2":0.02889087804878,"7.2":null},"ie_mob":{"10":0.0146545,"11":0.0732725},"bb":{"7":0.0006636,"10":0.0026544},"baidu":{"0":null},"and_ff":{"0":0.028203},"and_uc":{"0":1.016967},"and_qq":{"1.2":null},"op_mini":{"0":0.34239821649485},"and_chr":{"0":18.879833}},"total":95.460300484788}