{"id":"AU","name":"Australia","month":"2018-12","access_date":"2019-01-04","data":{"chrome":{"4":0,"5":0,"6":0,"7":0,"8":0,"9":0,"10":0,"11":0.005976,"12":0,"13":0,"14":0,"15":0,"16":0,"17":0,"18":0,"19":0,"20":0,"21":0,"22":0.005976,"23":0,"24":0,"25":0,"26":0.005976,"27":0,"28":0,"29":0,"30":0,"31":0,"32":0,"33":0,"34":0.011952,"35":0,"36":0,"37":0,"38":0.02988,"39":0.005976,"40":0.011952,"41":0.005976,"42":0,"43":0.005976,"44":0.005976,"45":0.005976,"46":0.005976,"47":0.005976,"48":0.011952,"49":0.250992,"50":0.005976,"51":0.005976,"52":0.011952,"53":0.011952,"54":0.017928,"55":0.047808,"56":0.047808,"57":0.053784,"58":0.316728,"59":0.041832,"60":0.02988,"61":0.035856,"62":0.05976,"63":0.454176,"64":0.08964,"65":0.113544,"66":0.11952,"67":0.286848,"68":0.424296,"69":0.382464,"70":9.519768,"71":7.087536,"72":0.023904,"73":0.005976,"74":null},"firefox":{"2":0,"3":0,"3.5":0,"3.6":0,"4":0,"5":0,"6":0,"7":0,"8":0,"9":0,"10":0,"11":0,"12":0,"13":0,"14":0,"15":0,"16":0,"17":0,"18":0,"19":0,"20":0,"21":0,"22":0,"23":0,"24":0,"25":0,"26":0,"27":0,"28":0,"29":0,"30":0,"31":0,"32":0,"33":0.041832,"34":0,"35":0,"36":0,"37":0,"38":0,"39":0,"40":0,"41":0,"42":0,"43":0.005976,"44":0,"45":0.005976,"46":0,"47":0.011952,"48":0.02988,"49":0.005976,"50":0.005976,"51":0,"52":0.08964,"53":0.005976,"54":0.017928,"55":0.005976,"56":0.02988,"57":0.02988,"58":0.005976,"59":0.011952,"60":0.065736,"61":0.053784,"62":0.05976,"63":1.153368,"64":1.057752,"65":0.017928,"66":null},"opera":{"9":0,"9.5-9.6":0,"10.0-10.1":0,"10.5":0,"10.6":0,"11":0,"11.1":0,"11.5":0,"11.6":0,"12":0,"12.1":0.005976,"15":0,"16":0,"17":0,"18":0,"19":0,"20":0,"21":0,"22":0,"23":0,"24":0,"25":0,"26":0,"27":0,"28":0,"29":0,"30":0,"31":0,"32":0,"33":0,"34":0,"35":0,"36":0.005976,"37":0.077688,"38":0,"39":0,"40":0.005976,"41":0,"42":0,"43":0,"44":0,"45":0,"46":0,"47":0,"48":0,"49":0.011952,"50":0,"51":0,"52":0,"53":0,"54":0,"55":0,"56":0.161352,"57":0.065736},"safari":{"3.1":0,"3.2":0,"4":0,"5":0.005976,"5.1":0.011952,"6":0,"6.1":0.005976,"7":0.005976,"7.1":0,"8":0.017928,"9":0.017928,"9.1":0.107568,"10":0.053784,"10.1":0.233064,"11":0.131472,"11.1":0.400392,"12":1.727064,"0":null},"ios_saf":{"3.2":0.0083417363627265,"4.0-4.1":0.0041708681813632,"4.2-4.3":0.0041708681813632,"5.0-5.1":0.050050418176359,"6.0-6.1":0.016683472725453,"7.0-7.1":0.083417363627265,"8":0.70487672265039,"8.1-8.4":0.17934733179862,"9.0-9.2":0.13346778180362,"9.3":0.87171144990491,"10.0-10.2":0.61311762266039,"10.3":1.3096526089481,"11.0-11.2":1.9311119679712,"11.3-11.4":5.3136860630568,"12.0-12.1":30.447337723952},"android":{"2.1":0,"2.2":0.00065123468426013,"2.3":0.019537040527804,"3":0.00065123468426013,"4":0.112663600377,"4.1":0.043632723845429,"4.2-4.3":0.16345990574929,"4.4":0,"4.4.3-4.4.4":0.35036426013195,"67":null},"ie":{"5.5":0,"6":0,"7":0,"8":0.018628768729642,"9":0.037257537459283,"10":0.031047947882736,"11":1.8194097459283},"edge":{"12":0.005976,"13":0.017928,"14":0.041832,"15":0.047808,"16":0.11952,"17":1.88244,"18":null},"op_mob":{"10":null,"11":null,"11.1":null,"11.5":null,"12":null,"12.1":null,"0":null},"samsung":{"4":0.30334769230769,"5":0.080892717948718,"6.2":0.060669538461538,"7.2":null},"ie_mob":{"10":0,"11":0.048288},"bb":{"7":0.0008048,"10":0.0032192},"baidu":{"0":null},"and_ff":{"0":0.185104},"and_uc":{"0":0.346064},"and_qq":{"1.2":null},"op_mini":{"0":0.33525036426117},"and_chr":{"0":22.372024}},"total":95.457856312979}