{"id":"AZ","name":"Azerbaijan","month":"2018-12","access_date":"2019-01-04","data":{"chrome":{"4":0.013959,"5":0.004653,"6":0,"7":0.004653,"8":0.004653,"9":0.004653,"10":0.004653,"11":0.004653,"12":0.004653,"13":0.004653,"14":0.009306,"15":0.009306,"16":0.004653,"17":0.013959,"18":0.013959,"19":0.009306,"20":0.013959,"21":0.023265,"22":0.051183,"23":0.013959,"24":0.013959,"25":0.013959,"26":0.023265,"27":0.023265,"28":0.009306,"29":0.009306,"30":0.009306,"31":0.009306,"32":0.009306,"33":0.009306,"34":0.013959,"35":0.004653,"36":0.013959,"37":0.013959,"38":0.032571,"39":0.023265,"40":0.04653,"41":0.018612,"42":0.018612,"43":0.018612,"44":0.009306,"45":0.013959,"46":0.009306,"47":0.009306,"48":0.009306,"49":0.288486,"50":0.009306,"51":0.013959,"52":0.013959,"53":0.013959,"54":0.027918,"55":0.018612,"56":0.032571,"57":0.060489,"58":0.362934,"59":0.013959,"60":0.027918,"61":0.023265,"62":0.027918,"63":0.083754,"64":0.051183,"65":0.060489,"66":0.032571,"67":0.074448,"68":0.083754,"69":0.181467,"70":5.648742,"71":6.007023,"72":0.027918,"73":0.013959,"74":0},"firefox":{"2":0.004653,"3":0.023265,"3.5":0.023265,"3.6":0.13959,"4":0.004653,"5":0.004653,"6":0.004653,"7":0,"8":0.004653,"9":0.004653,"10":0.004653,"11":0.004653,"12":0.004653,"13":0.004653,"14":0.009306,"15":0.004653,"16":0.004653,"17":0.004653,"18":0.004653,"19":0.004653,"20":0.004653,"21":0,"22":0,"23":0,"24":0.004653,"25":0,"26":0.004653,"27":0,"28":0,"29":0.004653,"30":0,"31":0.004653,"32":0.004653,"33":0,"34":0.013959,"35":0.004653,"36":0.004653,"37":0,"38":0.004653,"39":0.004653,"40":0.004653,"41":0.004653,"42":0.004653,"43":0.004653,"44":0.004653,"45":0.004653,"46":0,"47":0.004653,"48":0.037224,"49":0.004653,"50":0.004653,"51":0.009306,"52":0.037224,"53":0.079101,"54":0.009306,"55":0.009306,"56":0.018612,"57":0.037224,"58":0.009306,"59":0.018612,"60":0.009306,"61":0.004653,"62":0.009306,"63":0.153549,"64":0.148896,"65":0.009306,"66":0},"opera":{"9":0,"9.5-9.6":0,"10.0-10.1":0,"10.5":0.009306,"10.6":0.009306,"11":0.009306,"11.1":0.004653,"11.5":0.009306,"11.6":0.037224,"12":0.041877,"12.1":0.116325,"15":0.009306,"16":0.004653,"17":0.004653,"18":0.004653,"19":0.018612,"20":0.023265,"21":0.004653,"22":0.004653,"23":0,"24":0,"25":0.004653,"26":0.004653,"27":0.032571,"28":0.004653,"29":0.004653,"30":0.004653,"31":0,"32":0.004653,"33":0,"34":0.004653,"35":0,"36":0.013959,"37":0.009306,"38":0.004653,"39":0.004653,"40":0.004653,"41":0,"42":0.009306,"43":0.004653,"44":0,"45":0.004653,"46":0.004653,"47":0,"48":0.009306,"49":0.04653,"50":0.004653,"51":0,"52":0,"53":0.004653,"54":0.004653,"55":0.004653,"56":0.935253,"57":0.460647},"safari":{"3.1":0.004653,"3.2":0,"4":0.023265,"5":0.027918,"5.1":0.032571,"6":0.004653,"6.1":0,"7":0,"7.1":0.004653,"8":0.004653,"9":0.004653,"9.1":0.018612,"10":0.004653,"10.1":0.023265,"11":0.018612,"11.1":0.041877,"12":0.181467,"0":null},"ios_saf":{"3.2":0.0017607232509258,"4.0-4.1":0.00088036162546292,"4.2-4.3":0.00088036162546292,"5.0-5.1":0.010564339505555,"6.0-6.1":0.0035214465018517,"7.0-7.1":0.017607232509258,"8":0.14878111470323,"8.1-8.4":0.037855549894905,"9.0-9.2":0.028171572014813,"9.3":0.18399557972175,"10.0-10.2":0.12941315894305,"10.3":0.27643355039536,"11.0-11.2":0.40760743258933,"11.3-11.4":1.1215807108398,"12.0-12.1":6.4266398658793},"android":{"2.1":0,"2.2":0.0037501517436381,"2.3":0.11250455230914,"3":0.0037501517436381,"4":0.64877625164939,"4.1":0.25126016682375,"4.2-4.3":0.94128808765316,"4.4":0,"4.4.3-4.4.4":2.0175816380773,"67":null},"ie":{"5.5":0,"6":0,"7":0.0049632,"8":0.074448,"9":0.0595584,"10":0.0595584,"11":0.173712},"edge":{"12":0.004653,"13":0.009306,"14":0.018612,"15":0.013959,"16":0.013959,"17":0.144243,"18":null},"op_mob":{"10":null,"11":null,"11.1":null,"11.5":null,"12":null,"12.1":null,"0":null},"samsung":{"4":1.9508091884457,"5":0.092406751031637,"6.2":0.53390567262724,"7.2":null},"ie_mob":{"10":0.031369066666667,"11":0.20389893333333},"bb":{"7":0.0064164,"10":0.0256656},"baidu":{"0":null},"and_ff":{"0":0.042776},"and_uc":{"0":0.438454},"and_qq":{"1.2":null},"op_mini":{"0":4.4344820824742},"and_chr":{"0":49.533731}},"total":87.717347694579}