{"id":"BF","name":"Burkina Faso","month":"2018-12","access_date":"2019-01-04","data":{"chrome":{"4":0,"5":0,"6":0,"7":0,"8":0,"9":0,"10":0,"11":0.009844,"12":0,"13":0,"14":0,"15":0,"16":0,"17":0,"18":0,"19":0,"20":0,"21":0,"22":0,"23":0,"24":0,"25":0,"26":0,"27":0.009844,"28":0,"29":0,"30":0.002461,"31":0.002461,"32":0,"33":0.002461,"34":0.002461,"35":0,"36":0,"37":0,"38":0,"39":0,"40":0.002461,"41":0,"42":0,"43":0.002461,"44":0,"45":0.002461,"46":0,"47":0.002461,"48":0,"49":0.09844,"50":0.002461,"51":0,"52":0.002461,"53":0,"54":0,"55":0.009844,"56":0.059064,"57":0.004922,"58":0.068908,"59":0,"60":0.002461,"61":0.002461,"62":0.002461,"63":0.012305,"64":0.002461,"65":0.017227,"66":0.014766,"67":0.031993,"68":0.007383,"69":0.031993,"70":0.883499,"71":0.908109,"72":0.004922,"73":0,"74":0},"firefox":{"2":0,"3":0.022149,"3.5":0,"3.6":0.002461,"4":0,"5":0,"6":0,"7":0,"8":0,"9":0,"10":0,"11":0,"12":0,"13":0,"14":0,"15":0,"16":0,"17":0,"18":0,"19":0,"20":0,"21":0,"22":0.004922,"23":0.002461,"24":0,"25":0,"26":0,"27":0,"28":0,"29":0,"30":0.004922,"31":0,"32":0.002461,"33":0.002461,"34":0,"35":0.007383,"36":0.002461,"37":0.002461,"38":0.004922,"39":0.002461,"40":0.002461,"41":0.02461,"42":0.002461,"43":0.009844,"44":0.002461,"45":0.004922,"46":0.002461,"47":0.019688,"48":0.036915,"49":0.004922,"50":0.002461,"51":0.002461,"52":0.029532,"53":0.019688,"54":0.004922,"55":0,"56":0.012305,"57":0.019688,"58":0,"59":0.017227,"60":0.014766,"61":0.009844,"62":0.039376,"63":0.649704,"64":0.534037,"65":0.009844,"66":0},"opera":{"9":0,"9.5-9.6":0,"10.0-10.1":0,"10.5":0,"10.6":0,"11":0,"11.1":0,"11.5":0,"11.6":0,"12":0,"12.1":0.04922,"15":0,"16":0.472512,"17":0,"18":0.002461,"19":0.002461,"20":0.009844,"21":0.002461,"22":0,"23":0.012305,"24":0,"25":0,"26":0,"27":0,"28":0.002461,"29":0,"30":0.004922,"31":0,"32":0.002461,"33":0.002461,"34":0,"35":0,"36":0.002461,"37":0.002461,"38":0,"39":0,"40":0.002461,"41":0,"42":0.002461,"43":0,"44":0,"45":0.002461,"46":0.004922,"47":0,"48":0.002461,"49":0.007383,"50":0,"51":0,"52":0,"53":0.002461,"54":0,"55":0.004922,"56":0.22149,"57":0.051681},"safari":{"3.1":0,"3.2":0,"4":0,"5":0,"5.1":0.002461,"6":0.002461,"6.1":0,"7":0,"7.1":0,"8":0,"9":0.019688,"9.1":0,"10":0.014766,"10.1":0.04922,"11":0.012305,"11.1":0.02461,"12":0.093518,"0":null},"ios_saf":{"3.2":0.0005197329596637,"4.0-4.1":0.00025986647983185,"4.2-4.3":0.00025986647983185,"5.0-5.1":0.0031183977579822,"6.0-6.1":0.0010394659193274,"7.0-7.1":0.005197329596637,"8":0.043917435091582,"8.1-8.4":0.011174258632769,"9.0-9.2":0.0083157273546192,"9.3":0.054312094284856,"10.0-10.2":0.038200372535282,"10.3":0.0815980746672,"11.0-11.2":0.12031818016215,"11.3-11.4":0.33106989530578,"12.0-12.1":1.8970253027725},"android":{"2.1":0,"2.2":0.0027737313854854,"2.3":0.083211941564562,"3":0.0027737313854854,"4":0.47985552968897,"4.1":0.18584000282752,"4.2-4.3":0.69620657775683,"4.4":0,"4.4.3-4.4.4":1.4922674853911,"67":null},"ie":{"5.5":0,"6":0,"7":0,"8":0.02461,"9":0.004922,"10":0.007383,"11":0.105823},"edge":{"12":0.034454,"13":0.014766,"14":0.012305,"15":0.019688,"16":0.014766,"17":0.174731,"18":null},"op_mob":{"10":null,"11":null,"11.1":null,"11.5":null,"12":null,"12.1":null,"0":null},"samsung":{"4":0.32121865822785,"5":0.068137291139241,"6.2":0.029201696202532,"7.2":null},"ie_mob":{"10":0.031233,"11":0.187398},"bb":{"7":0.0256326,"10":0.1025304},"baidu":{"0":null},"and_ff":{"0":0.158319},"and_uc":{"0":2.872359},"and_qq":{"1.2":null},"op_mini":{"0":23.739119268041},"and_chr":{"0":53.03354}},"total":91.357256913611}