{"id":"BG","name":"Bulgaria","month":"2018-12","access_date":"2019-01-04","data":{"chrome":{"4":0.006022,"5":0,"6":0,"7":0,"8":0,"9":0,"10":0,"11":0.006022,"12":0,"13":0,"14":0,"15":0,"16":0,"17":0,"18":0.006022,"19":0.006022,"20":0,"21":0.006022,"22":0.012044,"23":0.006022,"24":0,"25":0.006022,"26":0.018066,"27":0,"28":0,"29":0.33121,"30":0,"31":0.006022,"32":0,"33":0.006022,"34":0.024088,"35":0.006022,"36":0.006022,"37":0.006022,"38":0.018066,"39":0.006022,"40":0.018066,"41":0.012044,"42":0,"43":0.012044,"44":0.006022,"45":0.006022,"46":0.012044,"47":0.012044,"48":0.018066,"49":0.75275,"50":0.024088,"51":0.012044,"52":0.012044,"53":0.012044,"54":0.018066,"55":0.024088,"56":0.036132,"57":0.048176,"58":0.433584,"59":0.024088,"60":0.036132,"61":0.066242,"62":0.048176,"63":0.12044,"64":0.054198,"65":0.066242,"66":0.06022,"67":0.12044,"68":0.096352,"69":0.216792,"70":9.442496,"71":9.21366,"72":0.024088,"73":0.012044,"74":0},"firefox":{"2":0.006022,"3":0.006022,"3.5":0.006022,"3.6":0.024088,"4":0,"5":0,"6":0,"7":0,"8":0,"9":0,"10":0,"11":0,"12":0,"13":0,"14":0.006022,"15":0,"16":0,"17":0,"18":0,"19":0,"20":0,"21":0,"22":0,"23":0,"24":0,"25":0,"26":0,"27":0,"28":0,"29":0,"30":0,"31":0.012044,"32":0,"33":0.066242,"34":0.006022,"35":0.006022,"36":0.006022,"37":0.006022,"38":0.012044,"39":0.006022,"40":0.03011,"41":0.012044,"42":0.006022,"43":0.024088,"44":0,"45":0.024088,"46":0.006022,"47":0.03011,"48":0.126462,"49":0.018066,"50":0.018066,"51":0.012044,"52":0.746728,"53":0.12044,"54":0.066242,"55":0.012044,"56":0.138506,"57":0.036132,"58":0.024088,"59":0.03011,"60":0.264968,"61":0.15055,"62":0.072264,"63":2.547306,"64":2.577416,"65":0.024088,"66":0},"opera":{"9":0,"9.5-9.6":0,"10.0-10.1":0,"10.5":0,"10.6":0,"11":0,"11.1":0,"11.5":0,"11.6":0.006022,"12":0.006022,"12.1":0.066242,"15":0,"16":0,"17":0,"18":0,"19":0,"20":0.006022,"21":0,"22":0,"23":0,"24":0,"25":0,"26":0,"27":0.006022,"28":0,"29":0,"30":0,"31":0.006022,"32":0.006022,"33":0,"34":0,"35":0,"36":0.036132,"37":0.006022,"38":0.006022,"39":0,"40":0.012044,"41":0,"42":0,"43":0.006022,"44":0,"45":0.006022,"46":0,"47":0,"48":0,"49":0.024088,"50":0,"51":0,"52":0,"53":0,"54":0.006022,"55":0,"56":0.716618,"57":0.349276},"safari":{"3.1":0,"3.2":0,"4":0.006022,"5":0,"5.1":0.006022,"6":0,"6.1":0,"7":0,"7.1":0,"8":0.006022,"9":0,"9.1":0.018066,"10":0.006022,"10.1":0.024088,"11":0.018066,"11.1":0.066242,"12":0.36132,"0":null},"ios_saf":{"3.2":0.0018255786207587,"4.0-4.1":0.00091278931037934,"4.2-4.3":0.00091278931037934,"5.0-5.1":0.010953471724552,"6.0-6.1":0.0036511572415174,"7.0-7.1":0.018255786207587,"8":0.15426139345411,"8.1-8.4":0.039249940346312,"9.0-9.2":0.029209257932139,"9.3":0.19077296586928,"10.0-10.2":0.13418002862576,"10.3":0.28661584345911,"11.0-11.2":0.42262145070564,"11.3-11.4":1.1628935814233,"12.0-12.1":6.6633619657692},"android":{"2.1":0,"2.2":0.0010700867106503,"2.3":0.03210260131951,"3":0.0010700867106503,"4":0.18512500094251,"4.1":0.071695809613572,"4.2-4.3":0.26859176437323,"4.4":0,"4.4.3-4.4.4":0.57570665032988,"67":null},"ie":{"5.5":0,"6":0,"7":0,"8":0.060832406779661,"9":0.072998888135593,"10":0.036499444067797,"11":1.6242252610169},"edge":{"12":0.006022,"13":0.012044,"14":0.042154,"15":0.084308,"16":0.042154,"17":0.716618,"18":null},"op_mob":{"10":null,"11":null,"11.1":null,"11.5":null,"12":null,"12.1":null,"0":null},"samsung":{"4":0.2711007,"5":0.0280449,"6.2":0.0654381,"7.2":null},"ie_mob":{"10":0.0108732,"11":0.1522248},"bb":{"7":0.0015912,"10":0.0063648},"baidu":{"0":null},"and_ff":{"0":0.163098},"and_uc":{"0":0.07956},"and_qq":{"1.2":null},"op_mini":{"0":0.2372651443299},"and_chr":{"0":51.465308}},"total":96.05563484433}