{"id":"BH","name":"Bahrain","month":"2018-12","access_date":"2019-01-04","data":{"chrome":{"4":0,"5":0,"6":0,"7":0,"8":0,"9":0,"10":0,"11":0,"12":0,"13":0,"14":0,"15":0,"16":0,"17":0,"18":0,"19":0.005404,"20":0,"21":0,"22":0,"23":0,"24":0,"25":0,"26":0,"27":0,"28":0,"29":0.005404,"30":0.005404,"31":0.005404,"32":0.005404,"33":0.010808,"34":0.010808,"35":0,"36":0.010808,"37":0.005404,"38":0.010808,"39":0,"40":0.005404,"41":0.005404,"42":0,"43":0.021616,"44":0.005404,"45":0.005404,"46":0.005404,"47":0.005404,"48":0.005404,"49":0.475552,"50":0,"51":0.005404,"52":0.016212,"53":0.005404,"54":0.010808,"55":0.021616,"56":0.043232,"57":0.05404,"58":0.578228,"59":0.016212,"60":0.021616,"61":0.010808,"62":0.048636,"63":0.064848,"64":0.016212,"65":0.124292,"66":0.032424,"67":0.172928,"68":0.178332,"69":0.10808,"70":8.26812,"71":8.576148,"72":0.064848,"73":0.016212,"74":0},"firefox":{"2":0,"3":0,"3.5":0,"3.6":0.005404,"4":0,"5":0,"6":0,"7":0,"8":0,"9":0,"10":0,"11":0,"12":0,"13":0,"14":0,"15":0,"16":0,"17":0,"18":0,"19":0,"20":0,"21":0,"22":0,"23":0,"24":0,"25":0,"26":0,"27":0,"28":0,"29":0,"30":0,"31":0,"32":0,"33":0,"34":0.005404,"35":0,"36":0,"37":0,"38":0,"39":0,"40":0.005404,"41":0,"42":0,"43":0.005404,"44":0,"45":0.005404,"46":0,"47":0.005404,"48":0.048636,"49":0.005404,"50":0,"51":0.005404,"52":0.048636,"53":0.10808,"54":0.005404,"55":0,"56":0.005404,"57":0.032424,"58":0.005404,"59":0,"60":0.032424,"61":0.021616,"62":0.05404,"63":0.832216,"64":1.13484,"65":0.021616,"66":0},"opera":{"9":0,"9.5-9.6":0,"10.0-10.1":0,"10.5":0,"10.6":0,"11":0,"11.1":0,"11.5":0,"11.6":0,"12":0,"12.1":0,"15":0,"16":0,"17":0,"18":0,"19":0,"20":0,"21":0,"22":0,"23":0,"24":0,"25":0,"26":0,"27":0,"28":0,"29":0,"30":0,"31":0,"32":0,"33":0,"34":0,"35":0,"36":0,"37":0.021616,"38":0.005404,"39":0,"40":0.005404,"41":0,"42":0,"43":0.005404,"44":0,"45":0.016212,"46":0,"47":0,"48":0.005404,"49":0.021616,"50":0.005404,"51":0.021616,"52":0.005404,"53":0.010808,"54":0.021616,"55":0.016212,"56":0.118888,"57":0.032424},"safari":{"3.1":0,"3.2":0,"4":0,"5":0,"5.1":0.005404,"6":0.005404,"6.1":0,"7":0.005404,"7.1":0,"8":0.010808,"9":0.010808,"9.1":0.086464,"10":0.070252,"10.1":0.275604,"11":0.086464,"11.1":0.362068,"12":1.956248,"0":null},"ios_saf":{"3.2":0.0030256799119207,"4.0-4.1":0.0015128399559604,"4.2-4.3":0.0015128399559604,"5.0-5.1":0.018154079471524,"6.0-6.1":0.0060513598238415,"7.0-7.1":0.030256799119207,"8":0.2556699525573,"8.1-8.4":0.065052118106296,"9.0-9.2":0.048410878590732,"9.3":0.31618355079572,"10.0-10.2":0.22238747352617,"10.3":0.47503174617155,"11.0-11.2":0.70044489960965,"11.3-11.4":1.9273581038935,"12.0-12.1":11.043731678511},"android":{"2.1":0,"2.2":0.00053751555136664,"2.3":0.016125466540999,"3":0.00053751555136664,"4":0.092990190386428,"4.1":0.036013541941565,"4.2-4.3":0.13491640339303,"4.4":0,"4.4.3-4.4.4":0.28918336663525,"67":null},"ie":{"5.5":0,"6":0,"7":0,"8":0.038030288770053,"9":0.038030288770053,"10":0.021731593582888,"11":0.91815982887701},"edge":{"12":0.016212,"13":0.021616,"14":0.037828,"15":0.097272,"16":0.129696,"17":0.967316,"18":null},"op_mob":{"10":null,"11":null,"11.1":null,"11.5":null,"12":null,"12.1":null,"0":null},"samsung":{"4":0.71986743956044,"5":0.10847317582418,"6.2":0.11833437362637,"7.2":null},"ie_mob":{"10":0,"11":0.032172},"bb":{"7":0.0009192,"10":0.0036768},"baidu":{"0":null},"and_ff":{"0":0.06894},"and_uc":{"0":9.182808},"and_qq":{"1.2":null},"op_mini":{"0":1.6012400824742},"and_chr":{"0":33.880852}},"total":88.335907071485}