{"id":"BM","name":"Bermuda","month":"2018-12","access_date":"2019-01-04","data":{"chrome":{"4":0,"5":0,"6":0,"7":0,"8":0,"9":0,"10":0,"11":0.009008,"12":0,"13":0,"14":0,"15":0,"16":0,"17":0,"18":0,"19":0,"20":0,"21":0,"22":0,"23":0,"24":0,"25":0,"26":0,"27":0,"28":0,"29":0,"30":0,"31":0,"32":0,"33":0.009008,"34":0,"35":0,"36":0,"37":0.009008,"38":0,"39":0,"40":0,"41":0,"42":0,"43":0,"44":0,"45":0.018016,"46":0,"47":0.009008,"48":0.018016,"49":0.486432,"50":0,"51":0,"52":0,"53":0,"54":0,"55":0.036032,"56":0.009008,"57":0.072064,"58":0.144128,"59":0.018016,"60":0.027024,"61":0.063056,"62":0.036032,"63":0.018016,"64":0.072064,"65":0.072064,"66":0.27024,"67":0.243216,"68":0.477424,"69":0.27024,"70":15.520784,"71":13.313824,"72":0.018016,"73":0.009008,"74":0},"firefox":{"2":0,"3":0,"3.5":0,"3.6":0,"4":0,"5":0,"6":0,"7":0,"8":0,"9":0,"10":0,"11":0.009008,"12":0,"13":0,"14":0,"15":0,"16":0,"17":0,"18":0,"19":0,"20":0,"21":0,"22":0,"23":0,"24":0,"25":0,"26":0,"27":0,"28":0,"29":0,"30":0,"31":0,"32":0,"33":0,"34":0,"35":0,"36":0,"37":0,"38":0.009008,"39":0,"40":0.018016,"41":0.027024,"42":0,"43":0.009008,"44":0,"45":0,"46":0,"47":0,"48":0.063056,"49":0,"50":0,"51":0,"52":0.108096,"53":0,"54":0,"55":0.009008,"56":0.009008,"57":0,"58":0,"59":0,"60":0.04504,"61":0.009008,"62":0.04504,"63":1.468304,"64":1.207072,"65":0,"66":0},"opera":{"9":0,"9.5-9.6":0,"10.0-10.1":0,"10.5":0,"10.6":0,"11":0,"11.1":0,"11.5":0,"11.6":0,"12":0,"12.1":0,"15":0,"16":0,"17":0,"18":0,"19":0,"20":0,"21":0,"22":0,"23":0,"24":0,"25":0,"26":0,"27":0,"28":0,"29":0,"30":0,"31":0,"32":0,"33":0,"34":0,"35":0,"36":0,"37":0,"38":0,"39":0,"40":0,"41":0,"42":0,"43":0,"44":0,"45":0.009008,"46":0,"47":0,"48":0,"49":0,"50":0,"51":0,"52":0,"53":0,"54":0,"55":0,"56":0.09008,"57":0.072064},"safari":{"3.1":0,"3.2":0,"4":0,"5":0,"5.1":0.009008,"6":0,"6.1":0.027024,"7":0.009008,"7.1":0,"8":0.054048,"9":0.04504,"9.1":0.324288,"10":0.063056,"10.1":0.504448,"11":0.2252,"11.1":1.144016,"12":4.080624,"0":null},"ios_saf":{"3.2":0.005997801221099,"4.0-4.1":0.0029989006105495,"4.2-4.3":0.0029989006105495,"5.0-5.1":0.035986807326594,"6.0-6.1":0.011995602442198,"7.0-7.1":0.05997801221099,"8":0.50681420318286,"8.1-8.4":0.12895272625363,"9.0-9.2":0.095964819537584,"9.3":0.62677022760484,"10.0-10.2":0.44083838975078,"10.3":0.94165479171254,"11.0-11.2":1.3884909826844,"11.3-11.4":3.8205993778401,"12.0-12.1":21.891974457011},"android":{"2.1":0,"2.2":0.00061566069745523,"2.3":0.018469820923657,"3":0.00061566069745523,"4":0.10650930065975,"4.1":0.0412492667295,"4.2-4.3":0.15453083506126,"4.4":0,"4.4.3-4.4.4":0.33122545523091,"67":null},"ie":{"5.5":0,"6":0,"7":0,"8":0.04504,"9":0.162144,"10":0.04504,"11":12.34096},"edge":{"12":0.036032,"13":0.063056,"14":0.108096,"15":0.333296,"16":0.468416,"17":5.350752,"18":null},"op_mob":{"10":null,"11":null,"11.1":null,"11.5":null,"12":null,"12.1":null,"0":null},"samsung":{"4":0.17516347826087,"5":0.019462608695652,"6.2":0.019462608695652,"7.2":null},"ie_mob":{"10":0,"11":0},"bb":{"7":0.0202368,"10":0.0809472},"baidu":{"0":null},"and_ff":{"0":0.026784},"and_uc":{"0":0.013888},"and_qq":{"1.2":null},"op_mini":{"0":0.023479037800687},"and_chr":{"0":5.305488}},"total":96.194335733453}