{"id":"CA","name":"Canada","month":"2018-12","access_date":"2019-01-04","data":{"chrome":{"4":0,"5":0,"6":0,"7":0,"8":0,"9":0,"10":0,"11":0,"12":0,"13":0,"14":0,"15":0,"16":0,"17":0,"18":0,"19":0,"20":0,"21":0,"22":0.006434,"23":0,"24":0,"25":0.006434,"26":0,"27":0,"28":0,"29":0.122246,"30":0,"31":0,"32":0,"33":0,"34":0.006434,"35":0.006434,"36":0.006434,"37":0.006434,"38":0.019302,"39":0.006434,"40":0.012868,"41":0.038604,"42":0,"43":0.006434,"44":0.006434,"45":0.006434,"46":0.006434,"47":0.019302,"48":0.135114,"49":0.41821,"50":0.006434,"51":0.012868,"52":0.006434,"53":0.012868,"54":0.019302,"55":0.038604,"56":0.025736,"57":0.038604,"58":0.077208,"59":0.03217,"60":0.019302,"61":0.141548,"62":0.051472,"63":0.205888,"64":0.070774,"65":0.102944,"66":0.077208,"67":0.22519,"68":0.25736,"69":0.35387,"70":10.236494,"71":8.383502,"72":0.019302,"73":0.006434,"74":0},"firefox":{"2":0,"3":0,"3.5":0,"3.6":0.006434,"4":0,"5":0,"6":0,"7":0,"8":0,"9":0,"10":0,"11":0,"12":0,"13":0,"14":0,"15":0,"16":0,"17":0,"18":0,"19":0,"20":0,"21":0,"22":0,"23":0,"24":0,"25":0,"26":0,"27":0,"28":0,"29":0,"30":0,"31":0,"32":0,"33":0,"34":0,"35":0,"36":0,"37":0,"38":0.012868,"39":0,"40":0,"41":0.006434,"42":0,"43":0.012868,"44":0.051472,"45":0.019302,"46":0,"47":0.012868,"48":0.057906,"49":0.006434,"50":0.006434,"51":0.006434,"52":0.141548,"53":0.012868,"54":0.012868,"55":0.006434,"56":0.03217,"57":0.019302,"58":0.006434,"59":0.025736,"60":0.06434,"61":0.051472,"62":0.057906,"63":1.428348,"64":1.344706,"65":0.019302,"66":0},"opera":{"9":0,"9.5-9.6":0,"10.0-10.1":0,"10.5":0,"10.6":0,"11":0,"11.1":0,"11.5":0,"11.6":0,"12":0,"12.1":0,"15":0,"16":0,"17":0,"18":0,"19":0,"20":0,"21":0,"22":0,"23":0,"24":0,"25":0,"26":0,"27":0,"28":0,"29":0,"30":0,"31":0,"32":0,"33":0,"34":0,"35":0,"36":0.006434,"37":0.006434,"38":0.006434,"39":0,"40":0,"41":0,"42":0,"43":0,"44":0,"45":0,"46":0,"47":0,"48":0,"49":0.012868,"50":0,"51":0,"52":0,"53":0,"54":0,"55":0,"56":0.238058,"57":0.09651},"safari":{"3.1":0,"3.2":0,"4":0.006434,"5":0.012868,"5.1":0.019302,"6":0,"6.1":0.012868,"7":0.012868,"7.1":0,"8":0.019302,"9":0.03217,"9.1":0.109378,"10":0.045038,"10.1":0.231624,"11":0.102944,"11.1":0.45038,"12":1.955936,"0":null},"ios_saf":{"3.2":0.0075314410969873,"4.0-4.1":0.0037657205484936,"4.2-4.3":0.0037657205484936,"5.0-5.1":0.045188646581924,"6.0-6.1":0.015062882193975,"7.0-7.1":0.075314410969873,"8":0.63640677269543,"8.1-8.4":0.16192598358523,"9.0-9.2":0.1205030575518,"9.3":0.78703559463517,"10.0-10.2":0.55356092062857,"10.3":1.182436252227,"11.0-11.2":1.7435286139526,"11.3-11.4":4.7975279787809,"12.0-12.1":27.489760004004},"android":{"2.1":0,"2.2":0.00062680301602262,"2.3":0.018804090480679,"3":0.00062680301602262,"4":0.10843692177191,"4.1":0.041995802073516,"4.2-4.3":0.15732755702168,"4.4":0,"4.4.3-4.4.4":0.33722002262017,"67":null},"ie":{"5.5":0,"6":0.0065039347826087,"7":0.0065039347826087,"8":0.039023608695652,"9":0.065039347826087,"10":0.026015739130435,"11":2.8487234347826},"edge":{"12":0.006434,"13":0.019302,"14":0.03217,"15":0.045038,"16":0.12868,"17":2.329108,"18":null},"op_mob":{"10":null,"11":null,"11.1":null,"11.5":null,"12":null,"12.1":null,"0":null},"samsung":{"4":0.22639005714286,"5":0.041161828571429,"6.2":0.041161828571429,"7.2":null},"ie_mob":{"10":0.012481,"11":0.012481},"bb":{"7":0.0156904,"10":0.0627616},"baidu":{"0":null},"and_ff":{"0":0.199696},"and_uc":{"0":0.402958},"and_qq":{"1.2":null},"op_mini":{"0":0.13166627835052},"and_chr":{"0":21.85851}},"total":94.904525992636}