{"id":"CG","name":"Congo, Republic of the","month":"2018-12","access_date":"2019-01-04","data":{"chrome":{"4":null,"5":0.053664,"6":null,"7":null,"8":null,"9":null,"10":null,"11":0.17888,"12":null,"13":null,"14":null,"15":null,"16":null,"17":null,"18":null,"19":null,"20":null,"21":null,"22":0.004472,"23":null,"24":null,"25":null,"26":0.004472,"27":0.008944,"28":null,"29":null,"30":null,"31":0.008944,"32":null,"33":0.02236,"34":0.031304,"35":null,"36":null,"37":0.013416,"38":null,"39":null,"40":0.008944,"41":0.013416,"42":0.013416,"43":0.053664,"44":0.004472,"45":0.02236,"46":0.02236,"47":null,"48":0.008944,"49":0.554528,"50":null,"51":0.017888,"52":0.02236,"53":0.017888,"54":0.013416,"55":0.04472,"56":0.116272,"57":0.102856,"58":1.618864,"59":0.004472,"60":0.026832,"61":0.049192,"62":0.02236,"63":0.17888,"64":0.06708,"65":0.080496,"66":0.08944,"67":0.143104,"68":0.20124,"69":0.174408,"70":7.763392,"71":8.930584,"72":0.013416,"73":null,"74":null},"firefox":{"2":null,"3":0.20124,"3.5":null,"3.6":0.053664,"4":0.004472,"5":null,"6":null,"7":null,"8":null,"9":null,"10":null,"11":null,"12":0.008944,"13":null,"14":null,"15":null,"16":null,"17":0.008944,"18":null,"19":0.107328,"20":null,"21":null,"22":null,"23":null,"24":null,"25":0.004472,"26":null,"27":null,"28":null,"29":0.008944,"30":null,"31":0.004472,"32":null,"33":null,"34":null,"35":0.004472,"36":0.008944,"37":null,"38":0.058136,"39":0.02236,"40":0.02236,"41":0.008944,"42":0.017888,"43":0.049192,"44":0.049192,"45":0.02236,"46":0.004472,"47":0.160992,"48":0.026832,"49":0.008944,"50":0.008944,"51":0.008944,"52":0.214656,"53":0.31304,"54":0.026832,"55":null,"56":0.049192,"57":0.02236,"58":0.02236,"59":0.362232,"60":0.13416,"61":0.129688,"62":1.417624,"63":4.118712,"64":4.073992,"65":0.017888,"66":null},"opera":{"9":null,"9.5-9.6":null,"10.0-10.1":0,"10.5":null,"10.6":null,"11":0.004472,"11.1":null,"11.5":null,"11.6":null,"12":0.017888,"12.1":0.008944,"15":null,"16":null,"17":null,"18":null,"19":null,"20":0.013416,"21":null,"22":null,"23":null,"24":null,"25":null,"26":null,"27":null,"28":null,"29":null,"30":null,"31":null,"32":null,"33":null,"34":0.026832,"35":0.062608,"36":0.008944,"37":0.008944,"38":null,"39":null,"40":null,"41":null,"42":0.008944,"43":0.008944,"44":null,"45":0.008944,"46":null,"47":null,"48":null,"49":0.545584,"50":0.008944,"51":null,"52":null,"53":null,"54":0.049192,"55":0.004472,"56":1.94532,"57":0.442728},"safari":{"3.1":null,"3.2":null,"4":0,"5":null,"5.1":0.026832,"6":null,"6.1":null,"7":0.004472,"7.1":0.013416,"8":null,"9":null,"9.1":0.02236,"10":0.053664,"10.1":0.076024,"11":0.035776,"11.1":0.076024,"12":0.608192,"0":null},"ios_saf":{"3.2":0.00053770833750375,"4.0-4.1":0.00026885416875188,"4.2-4.3":0.00026885416875188,"5.0-5.1":0.0032262500250225,"6.0-6.1":0.0010754166750075,"7.0-7.1":0.0053770833750375,"8":0.045436354519067,"8.1-8.4":0.011560729256331,"9.0-9.2":0.0086033334000601,"9.3":0.056190521269142,"10.0-10.2":0.039521562806526,"10.3":0.084420208988089,"11.0-11.2":0.12447948013212,"11.3-11.4":0.34252021098989,"12.0-12.1":1.9626354318887},"android":{"2.1":0,"2.2":0.0042611555136664,"2.3":0.12783466540999,"3":0.0042611555136664,"4":0.73717990386428,"4.1":0.28549741941565,"4.2-4.3":1.0695500339303,"4.4":0,"4.4.3-4.4.4":2.2925016663525,"67":null},"ie":{"5.5":null,"6":null,"7":null,"8":0.21592240707965,"9":0.0089967669616519,"10":0.062977368731563,"11":1.2370554572271},"edge":{"12":0.187824,"13":0.076024,"14":0.120744,"15":0.084968,"16":0.143104,"17":2.115256,"18":null},"op_mob":{"10":null,"11":null,"11.1":null,"11.5":null,"12":null,"12.1":null,"0":null},"samsung":{"4":0.66172690494297,"5":0.12407379467681,"6.2":0.051697414448669,"7.2":null},"ie_mob":{"10":0.035234625,"11":0.152683375},"bb":{"7":0.0751672,"10":0.3006688},"baidu":{"0":null},"and_ff":{"0":0.27635},"and_uc":{"0":6.295253},"and_qq":{"1.2":null},"op_mini":{"0":11.040799776632},"and_chr":{"0":29.039716}},"total":96.121242890701}