{"id":"CK","name":"Cook Islands","month":"2018-12","access_date":"2019-01-04","data":{"chrome":{"4":0,"5":0,"6":0,"7":0,"8":0,"9":0,"10":0,"11":0,"12":0,"13":0,"14":0,"15":0,"16":0,"17":0,"18":0,"19":0,"20":0,"21":0,"22":0,"23":0,"24":0,"25":0,"26":0,"27":0,"28":0,"29":0,"30":0,"31":0,"32":0,"33":0,"34":0,"35":0,"36":0.05459,"37":0,"38":0,"39":0,"40":0,"41":0,"42":0,"43":0,"44":0.021836,"45":0,"46":2.472927,"47":0,"48":0,"49":0.715129,"50":0,"51":0,"52":0,"53":0.010918,"54":0,"55":0.889817,"56":0,"57":0.005459,"58":0.016377,"59":0,"60":0.005459,"61":0,"62":0,"63":0,"64":0,"65":0.049131,"66":0,"67":0.065508,"68":0.021836,"69":0.087344,"70":3.935939,"71":4.771166,"72":0,"73":0,"74":0},"firefox":{"2":0,"3":0,"3.5":0,"3.6":0,"4":0,"5":0,"6":0,"7":0,"8":0,"9":0,"10":0,"11":0,"12":0,"13":0,"14":0,"15":0,"16":0,"17":0,"18":0,"19":0,"20":0,"21":0,"22":0,"23":0,"24":0,"25":0,"26":0,"27":0,"28":0.005459,"29":0,"30":0.005459,"31":0,"32":0,"33":0,"34":0,"35":0,"36":0,"37":0,"38":0,"39":0,"40":0,"41":0,"42":0,"43":0,"44":0,"45":0,"46":0,"47":0,"48":0,"49":0,"50":0,"51":0,"52":0.038213,"53":0,"54":0,"55":0,"56":0,"57":0.05459,"58":0,"59":0,"60":0.016377,"61":0.021836,"62":0.016377,"63":0.742424,"64":0.573195,"65":0,"66":0},"opera":{"9":0,"9.5-9.6":0,"10.0-10.1":0,"10.5":0,"10.6":0,"11":0,"11.1":0,"11.5":0,"11.6":0,"12":0,"12.1":0,"15":0,"16":0,"17":0,"18":0,"19":0,"20":0,"21":0,"22":0,"23":0,"24":0,"25":0,"26":0,"27":0,"28":0,"29":0,"30":0,"31":0,"32":0,"33":0,"34":0,"35":0.005459,"36":0,"37":0.038213,"38":0,"39":0,"40":0,"41":0,"42":0,"43":0,"44":0,"45":0,"46":0,"47":0,"48":0,"49":0,"50":0,"51":0,"52":0,"53":0,"54":0,"55":0,"56":0.032754,"57":0.027295},"safari":{"3.1":0.005459,"3.2":0,"4":0,"5":0,"5.1":0,"6":0,"6.1":0,"7":0,"7.1":0,"8":0,"9":0,"9.1":0.005459,"10":0,"10.1":0.081885,"11":0.016377,"11.1":0.229278,"12":1.25557,"0":null},"ios_saf":{"3.2":0.0067900850765689,"4.0-4.1":0.0033950425382845,"4.2-4.3":0.0033950425382845,"5.0-5.1":0.040740510459413,"6.0-6.1":0.013580170153138,"7.0-7.1":0.067900850765689,"8":0.57376218897007,"8.1-8.4":0.14598682914623,"9.0-9.2":0.1086413612251,"9.3":0.70956389050145,"10.0-10.2":0.49907125312782,"10.3":1.0660433570213,"11.0-11.2":1.5719046952257,"11.3-11.4":4.3252841937744,"12.0-12.1":24.783810529477},"android":{"2.1":0,"2.2":0.00044375117813384,"2.3":0.013312535344015,"3":0.00044375117813384,"4":0.076768953817154,"4.1":0.029731328934967,"4.2-4.3":0.11138154571159,"4.4":0,"4.4.3-4.4.4":0.238738133836,"67":null},"ie":{"5.5":0,"6":0,"7":0,"8":4.416331,"9":0,"10":0,"11":3.357285},"edge":{"12":0.027295,"13":0,"14":0.043672,"15":0.021836,"16":0.16377,"17":0.857063,"18":null},"op_mob":{"10":null,"11":null,"11.1":null,"11.5":null,"12":null,"12.1":null,"0":null},"samsung":{"4":0.45505011692308,"5":0.13882884923077,"6.2":0.14654156307692,"7.2":null},"ie_mob":{"10":0.030273333333333,"11":0.10595666666667},"bb":{"7":0,"10":0},"baidu":{"0":null},"and_ff":{"0":0.208886},"and_uc":{"0":0.168017},"and_qq":{"1.2":null},"op_mini":{"0":0.15046939003436},"and_chr":{"0":35.149282}},"total":96.126361919265}