{"id":"CU","name":"Cuba","month":"2018-12","access_date":"2019-01-04","data":{"chrome":{"4":0,"5":0,"6":0,"7":0,"8":0,"9":0,"10":0,"11":0.007064,"12":0,"13":0,"14":0,"15":0,"16":0,"17":0,"18":0.007064,"19":0,"20":0,"21":0,"22":0.028256,"23":0.007064,"24":0,"25":0,"26":0,"27":0.014128,"28":0,"29":0.021192,"30":0.007064,"31":0.007064,"32":0.021192,"33":0.007064,"34":0.03532,"35":0,"36":0.007064,"37":0.007064,"38":0.03532,"39":0.014128,"40":0.014128,"41":0.007064,"42":0.007064,"43":0.014128,"44":0.014128,"45":0.014128,"46":0.021192,"47":0.007064,"48":0.007064,"49":0.084768,"50":0.014128,"51":0.014128,"52":0.049448,"53":0.021192,"54":0.07064,"55":0.049448,"56":0.03532,"57":0.042384,"58":0.296688,"59":0.03532,"60":0.091832,"61":0.077704,"62":0.056512,"63":0.063576,"64":0.063576,"65":0.049448,"66":0.063576,"67":0.1766,"68":0.254304,"69":0.339072,"70":3.207056,"71":2.726704,"72":0.007064,"73":0,"74":0},"firefox":{"2":0,"3":0,"3.5":0.007064,"3.6":0.021192,"4":0.028256,"5":0.007064,"6":0,"7":0,"8":0.007064,"9":0,"10":0,"11":0,"12":0.007064,"13":0,"14":0.007064,"15":0.014128,"16":0.014128,"17":0.014128,"18":0.007064,"19":0.014128,"20":0.014128,"21":0.021192,"22":0.007064,"23":0.077704,"24":0.042384,"25":0.197792,"26":0.332008,"27":0.028256,"28":0.028256,"29":0.028256,"30":0.03532,"31":0.042384,"32":0.028256,"33":0.148344,"34":0.346136,"35":0.077704,"36":0.077704,"37":0.10596,"38":0.233112,"39":0.169536,"40":0.275496,"41":0.21192,"42":0.233112,"43":0.515672,"44":0.127152,"45":0.798232,"46":0.240176,"47":0.621632,"48":0.367328,"49":0.3532,"50":0.755848,"51":0.183664,"52":1.441056,"53":0.332008,"54":2.232224,"55":0.480352,"56":1.066664,"57":1.4128,"58":0.56512,"59":1.080792,"60":1.34216,"61":1.949664,"62":1.44812,"63":8.060024,"64":6.42824,"65":0.204856,"66":0.028256},"opera":{"9":0,"9.5-9.6":0,"10.0-10.1":0,"10.5":0,"10.6":0,"11":0,"11.1":0,"11.5":0,"11.6":0.028256,"12":0,"12.1":0.028256,"15":0,"16":0,"17":0.021192,"18":0,"19":0,"20":0,"21":0,"22":0,"23":0.007064,"24":0,"25":0,"26":0,"27":0,"28":0,"29":0.007064,"30":0,"31":0,"32":0,"33":0.007064,"34":0.007064,"35":0.014128,"36":0.007064,"37":0.014128,"38":0.007064,"39":0,"40":0.007064,"41":0,"42":0.03532,"43":0,"44":0,"45":0.007064,"46":0.007064,"47":0,"48":0.007064,"49":0.021192,"50":0.007064,"51":0,"52":0,"53":0.007064,"54":0.021192,"55":0.021192,"56":0.572184,"57":0.169536},"safari":{"3.1":0,"3.2":0,"4":0,"5":0.007064,"5.1":0,"6":0,"6.1":0,"7":0.007064,"7.1":0,"8":0,"9":0,"9.1":0.007064,"10":0.007064,"10.1":0.014128,"11":0.021192,"11.1":0.063576,"12":0.148344,"0":null},"ios_saf":{"3.2":0.0010446329696727,"4.0-4.1":0.00052231648483635,"4.2-4.3":0.00052231648483635,"5.0-5.1":0.0062677978180362,"6.0-6.1":0.0020892659393454,"7.0-7.1":0.010446329696727,"8":0.088271485937344,"8.1-8.4":0.022459608847963,"9.0-9.2":0.016714127514763,"9.3":0.1091641453308,"10.0-10.2":0.076780523270944,"10.3":0.16400737623861,"11.0-11.2":0.24183253247923,"11.3-11.4":0.66543120168151,"12.0-12.1":3.8129103393054},"android":{"2.1":0,"2.2":0.0019743788878417,"2.3":0.05923136663525,"3":0.0019743788878417,"4":0.34156754759661,"4.1":0.13228338548539,"4.2-4.3":0.49556910084826,"4.4":0,"4.4.3-4.4.4":1.0622158416588,"67":null},"ie":{"5.5":0,"6":0,"7":0,"8":0.07064,"9":0.021192,"10":0.339072,"11":0.960704},"edge":{"12":0.056512,"13":0.10596,"14":0.10596,"15":0.084768,"16":0.169536,"17":0.204856,"18":null},"op_mob":{"10":null,"11":null,"11.1":null,"11.5":null,"12":null,"12.1":null,"0":null},"samsung":{"4":0.75691974193548,"5":0.1962384516129,"6.2":0.074757505376344,"7.2":null},"ie_mob":{"10":0.0211392,"11":0.0845568},"bb":{"7":0.002936,"10":0.011744},"baidu":{"0":null},"and_ff":{"0":1.635352},"and_uc":{"0":0.63124},"and_qq":{"1.2":null},"op_mini":{"0":0.45307726460481},"and_chr":{"0":38.458736}},"total":96.23412096353}