{"id":"DK","name":"Denmark","month":"2018-12","access_date":"2019-01-04","data":{"chrome":{"4":0,"5":0,"6":0,"7":0,"8":0,"9":0,"10":0,"11":0,"12":0,"13":0,"14":0,"15":0,"16":0,"17":0,"18":0,"19":0,"20":0,"21":0,"22":0.007403,"23":0,"24":0,"25":0,"26":0,"27":0,"28":0,"29":0,"30":0,"31":0,"32":0,"33":0,"34":0.007403,"35":0,"36":0,"37":0,"38":0.029612,"39":0.007403,"40":0,"41":0.007403,"42":0,"43":0,"44":0,"45":0,"46":0,"47":0,"48":0,"49":0.155463,"50":0,"51":0.007403,"52":0,"53":0.022209,"54":0.007403,"55":0.007403,"56":0.014806,"57":0.022209,"58":0.103642,"59":0.044418,"60":0.029612,"61":0.029612,"62":0.066627,"63":0.096239,"64":0.066627,"65":0.081433,"66":0.07403,"67":0.207284,"68":0.199881,"69":0.458986,"70":17.537707,"71":12.88122,"72":0.014806,"73":0.007403,"74":0},"firefox":{"2":0,"3":0,"3.5":0,"3.6":0,"4":0,"5":0,"6":0,"7":0,"8":0,"9":0,"10":0,"11":0,"12":0,"13":0,"14":0,"15":0,"16":0,"17":0,"18":0,"19":0,"20":0,"21":0,"22":0,"23":0,"24":0,"25":0,"26":0,"27":0,"28":0,"29":0,"30":0,"31":0,"32":0,"33":0,"34":0,"35":0,"36":0,"37":0,"38":0,"39":0,"40":0,"41":0,"42":0,"43":0,"44":0,"45":0.014806,"46":0,"47":0.007403,"48":0.022209,"49":0,"50":0.007403,"51":0,"52":0.037015,"53":0.014806,"54":0.007403,"55":0.007403,"56":0.037015,"57":0.014806,"58":0.007403,"59":0.007403,"60":0.088836,"61":0.014806,"62":0.029612,"63":1.199286,"64":1.132659,"65":0.007403,"66":0},"opera":{"9":0,"9.5-9.6":0,"10.0-10.1":0,"10.5":0,"10.6":0,"11":0,"11.1":0,"11.5":0,"11.6":0,"12":0,"12.1":0,"15":0,"16":0,"17":0,"18":0,"19":0,"20":0,"21":0,"22":0,"23":0,"24":0,"25":0,"26":0,"27":0,"28":0,"29":0,"30":0,"31":0,"32":0,"33":0,"34":0,"35":0,"36":0,"37":0,"38":0,"39":0,"40":0,"41":0,"42":0,"43":0,"44":0,"45":0,"46":0,"47":0,"48":0,"49":0.022209,"50":0,"51":0,"52":0,"53":0,"54":0,"55":0,"56":0.229493,"57":0.125851},"safari":{"3.1":0,"3.2":0,"4":0,"5":0,"5.1":0.014806,"6":0,"6.1":0.014806,"7":0,"7.1":0,"8":0.007403,"9":0.007403,"9.1":0.14806,"10":0.096239,"10.1":0.473792,"11":0.236896,"11.1":1.066032,"12":4.700905,"0":null},"ios_saf":{"3.2":0.0064368395556,"4.0-4.1":0.0032184197778,"4.2-4.3":0.0032184197778,"5.0-5.1":0.0386210373336,"6.0-6.1":0.0128736791112,"7.0-7.1":0.064368395556,"8":0.5439129424482,"8.1-8.4":0.1383920504454,"9.0-9.2":0.1029894328896,"9.3":0.6726497335602,"10.0-10.2":0.4731077073366,"10.3":1.0105838102292,"11.0-11.2":1.4901283571214,"11.3-11.4":4.1002667969172,"12.0-12.1":23.49446437794},"android":{"2.1":0,"2.2":0.00029718473138549,"2.3":0.0089155419415646,"3":0.00029718473138549,"4":0.051412958529689,"4.1":0.019911377002828,"4.2-4.3":0.074593367577757,"4.4":0,"4.4.3-4.4.4":0.15988538548539,"67":null},"ie":{"5.5":0,"6":0,"7":0,"8":0.029612,"9":0.022209,"10":0.037015,"11":3.087051},"edge":{"12":0.007403,"13":0.014806,"14":0.051821,"15":0.066627,"16":0.177672,"17":2.531826,"18":null},"op_mob":{"10":null,"11":null,"11.1":null,"11.5":null,"12":null,"12.1":null,"0":null},"samsung":{"4":0.086595049180328,"5":0.019243344262295,"6.2":0.03848668852459,"7.2":null},"ie_mob":{"10":0,"11":0.02597},"bb":{"7":0,"10":0},"baidu":{"0":null},"and_ff":{"0":0.148029},"and_uc":{"0":0.028567},"and_qq":{"1.2":null},"op_mini":{"0":0.093429529209622},"and_chr":{"0":16.52817}},"total":97.462296611177}