{"id":"FM","name":"Micronesia, Federated States of","month":"2018-12","access_date":"2019-01-04","data":{"chrome":{"4":null,"5":null,"6":null,"7":null,"8":null,"9":null,"10":null,"11":null,"12":null,"13":null,"14":null,"15":null,"16":null,"17":null,"18":null,"19":null,"20":0.016389,"21":null,"22":null,"23":null,"24":null,"25":null,"26":1.108989,"27":null,"28":null,"29":null,"30":null,"31":null,"32":null,"33":null,"34":null,"35":null,"36":null,"37":null,"38":0.120186,"39":null,"40":0.005463,"41":null,"42":null,"43":null,"44":null,"45":null,"46":null,"47":null,"48":null,"49":0.360558,"50":null,"51":null,"52":null,"53":null,"54":null,"55":null,"56":0.005463,"57":0.21852,"58":0.010926,"59":0.038241,"60":0.021852,"61":0.032778,"62":null,"63":null,"64":0.021852,"65":0.05463,"66":0.021852,"67":0.060093,"68":0.10926,"69":0.442503,"70":17.416044,"71":10.904148,"72":null,"73":0.021852,"74":null},"firefox":{"2":null,"3":null,"3.5":null,"3.6":null,"4":null,"5":null,"6":null,"7":null,"8":null,"9":null,"10":0.032778,"11":null,"12":null,"13":null,"14":null,"15":null,"16":null,"17":null,"18":null,"19":0.005463,"20":null,"21":null,"22":null,"23":null,"24":null,"25":null,"26":null,"27":null,"28":null,"29":null,"30":null,"31":null,"32":null,"33":null,"34":null,"35":null,"36":0.021852,"37":null,"38":null,"39":null,"40":null,"41":null,"42":null,"43":0.043704,"44":null,"45":null,"46":null,"47":0.038241,"48":0.081945,"49":null,"50":null,"51":null,"52":0.021852,"53":null,"54":null,"55":null,"56":null,"57":0.010926,"58":0.005463,"59":0.016389,"60":0.021852,"61":0.087408,"62":0.049167,"63":2.29446,"64":1.644363,"65":0.10926,"66":null},"opera":{"9":null,"9.5-9.6":null,"10.0-10.1":0,"10.5":null,"10.6":null,"11":null,"11.1":null,"11.5":null,"11.6":null,"12":null,"12.1":null,"15":null,"16":null,"17":null,"18":null,"19":null,"20":null,"21":null,"22":null,"23":null,"24":null,"25":null,"26":null,"27":null,"28":null,"29":null,"30":null,"31":null,"32":null,"33":null,"34":null,"35":null,"36":null,"37":0.032778,"38":null,"39":null,"40":null,"41":null,"42":null,"43":null,"44":null,"45":null,"46":null,"47":null,"48":null,"49":null,"50":null,"51":null,"52":null,"53":null,"54":null,"55":null,"56":0.956025,"57":0.267687},"safari":{"3.1":null,"3.2":null,"4":0,"5":null,"5.1":null,"6":null,"6.1":0.010926,"7":null,"7.1":null,"8":null,"9":0.016389,"9.1":0.060093,"10":0.595467,"10.1":0.032778,"11":null,"11.1":0.10926,"12":1.043433,"0":null},"ios_saf":{"3.2":0.0010001677509759,"4.0-4.1":0.00050008387548794,"4.2-4.3":0.00050008387548794,"5.0-5.1":0.0060010065058553,"6.0-6.1":0.0020003355019518,"7.0-7.1":0.010001677509759,"8":0.084514174957462,"8.1-8.4":0.021503606645981,"9.0-9.2":0.016002684015614,"9.3":0.10451752997698,"10.0-10.2":0.073512329696727,"10.3":0.15702633690321,"11.0-11.2":0.23153883435092,"11.3-11.4":0.63710685737163,"12.0-12.1":3.650612291062},"android":{"2.1":0,"2.2":0.0010735513666352,"2.3":0.032206540999057,"3":0.0010735513666352,"4":0.1857243864279,"4.1":0.071927941564562,"4.2-4.3":0.26946139302545,"4.4":0,"4.4.3-4.4.4":0.57757063524976,"67":null},"ie":{"5.5":null,"6":null,"7":null,"8":null,"9":0.032778,"10":0.010926,"11":1.895661},"edge":{"12":0.021852,"13":0.114723,"14":0.16389,"15":0.196668,"16":0.21852,"17":3.616506,"18":null},"op_mob":{"10":null,"11":null,"11.1":null,"11.5":null,"12":null,"12.1":null,"0":null},"samsung":{"4":0.34973896551724,"5":null,"6.2":0.046631862068966,"7.2":null},"ie_mob":{"10":0.011388538461538,"11":0.13666246153846},"bb":{"7":0,"10":0},"baidu":{"0":null},"and_ff":{"0":0.040842},"and_uc":{"0":1.669984},"and_qq":{"1.2":null},"op_mini":{"0":0.76473876975945},"and_chr":{"0":42.784102}},"total":96.812546597346}