{"id":"GY","name":"Guyana","month":"2018-12","access_date":"2019-01-04","data":{"chrome":{"4":0,"5":0,"6":0,"7":0,"8":0,"9":0,"10":0.010412,"11":0,"12":0,"13":0,"14":0,"15":0,"16":0,"17":0,"18":0,"19":0,"20":0,"21":0,"22":0.005206,"23":0,"24":0,"25":0,"26":0.005206,"27":0,"28":0,"29":0,"30":0,"31":0.005206,"32":0,"33":0.010412,"34":0.036442,"35":0,"36":0.005206,"37":0,"38":0.036442,"39":0,"40":0.005206,"41":0.010412,"42":0.005206,"43":0.005206,"44":0.005206,"45":0.015618,"46":0.020824,"47":0.005206,"48":0.015618,"49":0.171798,"50":0.005206,"51":0.020824,"52":0.020824,"53":0.072884,"54":0.015618,"55":0.109326,"56":0.098914,"57":0.119738,"58":1.71798,"59":0.005206,"60":0.041648,"61":0.020824,"62":0.015618,"63":0.088502,"64":0.020824,"65":0.13015,"66":0.010412,"67":0.046854,"68":0.067678,"69":0.161386,"70":5.825514,"71":5.783866,"72":0.015618,"73":0.005206,"74":0},"firefox":{"2":0,"3":0,"3.5":0,"3.6":0,"4":0,"5":0,"6":0,"7":0,"8":0,"9":0,"10":0,"11":0,"12":0,"13":0,"14":0,"15":0,"16":0,"17":0,"18":0,"19":0,"20":0,"21":0,"22":0,"23":0,"24":0,"25":0,"26":0,"27":0,"28":0,"29":0,"30":0,"31":0,"32":0,"33":0,"34":0,"35":0,"36":0,"37":0,"38":0,"39":0,"40":0,"41":0.005206,"42":0,"43":0,"44":0,"45":0.005206,"46":0,"47":0.005206,"48":0,"49":0.005206,"50":0,"51":0,"52":0.041648,"53":0.333184,"54":0,"55":0,"56":0.010412,"57":0,"58":0.010412,"59":0.005206,"60":0.010412,"61":0.010412,"62":0.010412,"63":0.609102,"64":0.65075,"65":0.015618,"66":0},"opera":{"9":0,"9.5-9.6":0,"10.0-10.1":0,"10.5":0,"10.6":0,"11":0,"11.1":0,"11.5":0,"11.6":0,"12":0.010412,"12.1":0.010412,"15":0,"16":0,"17":0.015618,"18":0,"19":0,"20":0.010412,"21":0,"22":0,"23":0,"24":0,"25":0,"26":0,"27":0,"28":0,"29":0.010412,"30":0,"31":0,"32":0.005206,"33":0.005206,"34":0,"35":0.036442,"36":0,"37":0.005206,"38":0,"39":0,"40":0,"41":0,"42":0,"43":0,"44":0,"45":0.010412,"46":0,"47":0,"48":0,"49":0.02603,"50":0,"51":0,"52":0,"53":0,"54":0,"55":0.010412,"56":0.614308,"57":0.177004},"safari":{"3.1":0,"3.2":0,"4":0,"5":0,"5.1":0,"6":0,"6.1":0,"7":0,"7.1":0,"8":0,"9":0.005206,"9.1":0.005206,"10":0.010412,"10.1":0.072884,"11":0.005206,"11.1":0.114532,"12":0.114532,"0":null},"ios_saf":{"3.2":0.0021632721449304,"4.0-4.1":0.0010816360724652,"4.2-4.3":0.0010816360724652,"5.0-5.1":0.012979632869583,"6.0-6.1":0.0043265442898609,"7.0-7.1":0.021632721449304,"8":0.18279649624662,"8.1-8.4":0.046510351116004,"9.0-9.2":0.034612354318887,"9.3":0.22606193914523,"10.0-10.2":0.15900050265239,"10.3":0.33963372675408,"11.0-11.2":0.5007975015514,"11.3-11.4":1.3780043563207,"12.0-12.1":7.8959433289961},"android":{"2.1":0,"2.2":0.0022302488218662,"2.3":0.066907464655985,"3":0.0022302488218662,"4":0.38583304618285,"4.1":0.14942667106503,"4.2-4.3":0.55979245428841,"4.4":0,"4.4.3-4.4.4":1.199873866164,"67":null},"ie":{"5.5":0,"6":0,"7":0,"8":0.02603,"9":0.005206,"10":0.010412,"11":0.369626},"edge":{"12":0.02603,"13":0.041648,"14":0.072884,"15":0.07809,"16":0.119738,"17":0.80693,"18":null},"op_mob":{"10":null,"11":null,"11.1":null,"11.5":null,"12":null,"12.1":null,"0":null},"samsung":{"4":0.78709512893983,"5":0.13642982234957,"6.2":0.22038663610315,"7.2":null},"ie_mob":{"10":0,"11":0.110262},"bb":{"7":0.009588,"10":0.038352},"baidu":{"0":null},"and_ff":{"0":0.148614},"and_uc":{"0":1.241646},"and_qq":{"1.2":null},"op_mini":{"0":1.0348120824742},"and_chr":{"0":57.62099}},"total":93.877003669867}