{"id":"HT","name":"Haiti","month":"2018-12","access_date":"2019-01-04","data":{"chrome":{"4":0,"5":0,"6":0,"7":0,"8":0,"9":0,"10":0,"11":0.00306,"12":0,"13":0,"14":0,"15":0,"16":0,"17":0.00306,"18":0,"19":0,"20":0,"21":0,"22":0,"23":0,"24":0,"25":0.00306,"26":0,"27":0,"28":0,"29":0,"30":0,"31":0.00306,"32":0,"33":0.00612,"34":0.00612,"35":0.00306,"36":0.00306,"37":0.00306,"38":0,"39":0,"40":0.00306,"41":0.00612,"42":0.00306,"43":0.00612,"44":0.00306,"45":0.00306,"46":0.00918,"47":0,"48":0.00306,"49":0.14382,"50":0.00918,"51":0.00306,"52":0.00612,"53":0.00612,"54":0.00612,"55":0.0153,"56":0.02448,"57":0.03672,"58":0.3825,"59":0.00306,"60":0.02448,"61":0.00306,"62":0.00612,"63":0.00918,"64":0.00918,"65":0.14076,"66":0.00918,"67":0.02142,"68":0.03672,"69":0.05814,"70":2.10222,"71":1.7136,"72":0.00306,"73":0,"74":0},"firefox":{"2":0,"3":0.0153,"3.5":0,"3.6":0,"4":0,"5":0,"6":0,"7":0,"8":0,"9":0,"10":0,"11":0,"12":0,"13":0,"14":0,"15":0,"16":0,"17":0,"18":0,"19":0,"20":0,"21":0.00306,"22":0,"23":0,"24":0,"25":0,"26":0,"27":0,"28":0,"29":0,"30":0,"31":0,"32":0,"33":0,"34":0.00306,"35":0,"36":0,"37":0.00612,"38":0,"39":0,"40":0,"41":0,"42":0,"43":0.00306,"44":0,"45":0.00306,"46":0,"47":0.00306,"48":0.00918,"49":0.00612,"50":0.00918,"51":0,"52":0.02142,"53":0.06732,"54":0.00612,"55":0,"56":0.00306,"57":0.00612,"58":0,"59":0.00306,"60":0.0153,"61":0.02142,"62":0.01224,"63":0.33354,"64":0.26928,"65":0.00612,"66":0},"opera":{"9":0,"9.5-9.6":0,"10.0-10.1":0,"10.5":0,"10.6":0,"11":0,"11.1":0,"11.5":0,"11.6":0,"12":0,"12.1":0.01224,"15":0,"16":0,"17":0.00918,"18":0,"19":0,"20":0,"21":0.00306,"22":0.00612,"23":0,"24":0,"25":0,"26":0,"27":0.00306,"28":0.00612,"29":0.00612,"30":0,"31":0.00918,"32":0,"33":0.01224,"34":0,"35":0,"36":0.00306,"37":0.00306,"38":0.00306,"39":0,"40":0,"41":0,"42":0,"43":0,"44":0.0153,"45":0.00306,"46":0,"47":0,"48":0,"49":0.00306,"50":0,"51":0,"52":0.00918,"53":0,"54":0,"55":0,"56":0.38556,"57":0.11322},"safari":{"3.1":0,"3.2":0,"4":0,"5":0,"5.1":0.00306,"6":0,"6.1":0,"7":0,"7.1":0,"8":0.0153,"9":0,"9.1":0.00612,"10":0.00918,"10.1":0.04284,"11":0.02142,"11.1":0.06732,"12":0.3213,"0":null},"ios_saf":{"3.2":0.0016691902712441,"4.0-4.1":0.00083459513562206,"4.2-4.3":0.00083459513562206,"5.0-5.1":0.010015141627465,"6.0-6.1":0.0033383805424882,"7.0-7.1":0.016691902712441,"8":0.14104657792013,"8.1-8.4":0.035887590831749,"9.0-9.2":0.026707044339906,"9.3":0.17443038334501,"10.0-10.2":0.12268548493644,"10.3":0.26206287258533,"11.0-11.2":0.38641754779301,"11.3-11.4":1.0632742027825,"12.0-12.1":6.092544490041},"android":{"2.1":0,"2.2":0.0028114043355325,"2.3":0.084342130065975,"3":0.0028114043355325,"4":0.48637295004713,"4.1":0.18836409048068,"4.2-4.3":0.70566248821866,"4.4":0,"4.4.3-4.4.4":1.5125355325165,"67":null},"ie":{"5.5":0,"6":0,"7":0,"8":0.03366,"9":0.00612,"10":0.0153,"11":0.21726},"edge":{"12":0.02754,"13":0.02142,"14":0.02142,"15":0.03672,"16":0.0306,"17":0.23868,"18":null},"op_mob":{"10":null,"11":null,"11.1":null,"11.5":null,"12":null,"12.1":null,"0":null},"samsung":{"4":0.67820838323353,"5":0.13963113772455,"6.2":0.15957844311377,"7.2":null},"ie_mob":{"10":0.022362222222222,"11":0.17889777777778},"bb":{"7":0.012492,"10":0.049968},"baidu":{"0":null},"and_ff":{"0":0.2082},"and_uc":{"0":0.73564},"and_qq":{"1.2":null},"op_mini":{"0":5.2037121649485},"and_chr":{"0":70.24566}},"total":96.36701012902}