{"id":"IR","name":"Iran, Islamic Republic of","month":"2018-12","access_date":"2019-01-04","data":{"chrome":{"4":null,"5":null,"6":null,"7":0.006668,"8":null,"9":null,"10":null,"11":0.013336,"12":null,"13":null,"14":null,"15":null,"16":null,"17":null,"18":null,"19":null,"20":0.006668,"21":0.006668,"22":0.013336,"23":0.006668,"24":null,"25":null,"26":0.020004,"27":null,"28":null,"29":0.380076,"30":0.006668,"31":0.026672,"32":null,"33":0.040008,"34":0.1667,"35":0.013336,"36":0.020004,"37":0.020004,"38":0.026672,"39":null,"40":0.040008,"41":0.06668,"42":0.020004,"43":0.013336,"44":0.040008,"45":0.080016,"46":0.060012,"47":0.026672,"48":0.086684,"49":1.03354,"50":0.013336,"51":0.080016,"52":0.113356,"53":0.093352,"54":0.093352,"55":0.226712,"56":0.473428,"57":0.60012,"58":8.641728,"59":0.03334,"60":0.13336,"61":0.286724,"62":0.23338,"63":0.320064,"64":0.186704,"65":0.20004,"66":0.093352,"67":0.173368,"68":0.146696,"69":0.5001,"70":11.522304,"71":13.662732,"72":0.020004,"73":0.020004,"74":null},"firefox":{"2":null,"3":null,"3.5":null,"3.6":0.006668,"4":null,"5":null,"6":null,"7":null,"8":null,"9":null,"10":null,"11":null,"12":0.013336,"13":null,"14":null,"15":null,"16":null,"17":null,"18":null,"19":null,"20":null,"21":null,"22":null,"23":null,"24":null,"25":null,"26":null,"27":null,"28":null,"29":0.006668,"30":0.006668,"31":0.006668,"32":null,"33":0.013336,"34":null,"35":0.006668,"36":null,"37":0.013336,"38":0.013336,"39":0.013336,"40":0.013336,"41":0.020004,"42":0.013336,"43":0.073348,"44":0.03334,"45":0.060012,"46":0.020004,"47":0.173368,"48":0.073348,"49":0.053344,"50":0.026672,"51":0.020004,"52":0.940188,"53":1.687004,"54":0.046676,"55":0.020004,"56":0.120024,"57":0.106688,"58":0.073348,"59":0.073348,"60":0.253384,"61":0.13336,"62":0.220044,"63":4.03414,"64":4.780956,"65":0.160032,"66":null},"opera":{"9":null,"9.5-9.6":null,"10.0-10.1":0,"10.5":null,"10.6":null,"11":null,"11.1":null,"11.5":null,"11.6":null,"12":null,"12.1":null,"15":null,"16":null,"17":null,"18":null,"19":null,"20":null,"21":null,"22":null,"23":null,"24":null,"25":null,"26":null,"27":null,"28":null,"29":null,"30":null,"31":null,"32":null,"33":null,"34":null,"35":null,"36":0.013336,"37":null,"38":null,"39":null,"40":null,"41":null,"42":null,"43":null,"44":null,"45":0.046676,"46":null,"47":null,"48":0.006668,"49":0.020004,"50":0.006668,"51":0.020004,"52":0.020004,"53":null,"54":null,"55":null,"56":0.493432,"57":0.273388},"safari":{"3.1":null,"3.2":null,"4":0,"5":null,"5.1":null,"6":null,"6.1":null,"7":null,"7.1":null,"8":0.006668,"9":null,"9.1":0.013336,"10":0.026672,"10.1":0.046676,"11":0.053344,"11.1":0.073348,"12":0.240048,"0":null},"ios_saf":{"3.2":0.00075148373536183,"4.0-4.1":0.00037574186768091,"4.2-4.3":0.00037574186768091,"5.0-5.1":0.004508902412171,"6.0-6.1":0.0015029674707237,"7.0-7.1":0.0075148373536183,"8":0.063500375638074,"8.1-8.4":0.016156900310279,"9.0-9.2":0.012023739765789,"9.3":0.078530050345311,"10.0-10.2":0.055234054549094,"10.3":0.11798294645181,"11.0-11.2":0.17396848473626,"11.3-11.4":0.47869513942548,"12.0-12.1":2.7429156340707},"android":{"2.1":0,"2.2":0.0015854429783223,"2.3":0.04756328934967,"3":0.0015854429783223,"4":0.27428163524976,"4.1":0.1062246795476,"4.2-4.3":0.39794618755891,"4.4":0,"4.4.3-4.4.4":0.85296832233742,"67":null},"ie":{"5.5":null,"6":0.28837183908046,"7":0.33531609195402,"8":1.9582459770115,"9":0.69745747126437,"10":0.5163867816092,"11":4.3725218390805},"edge":{"12":0.046676,"13":0.053344,"14":0.20004,"15":0.06668,"16":0.080016,"17":0.446756,"18":null},"op_mob":{"10":null,"11":null,"11.1":null,"11.5":null,"12":null,"12.1":null,"0":null},"samsung":{"4":2.2999065095847,"5":0.53153394888179,"6.2":0.36798504153355,"7.2":null},"ie_mob":{"10":0.010123285714286,"11":0.043303},"bb":{"7":0.0053296,"10":0.0213184},"baidu":{"0":null},"and_ff":{"0":0.689517},"and_uc":{"0":0.206522},"and_qq":{"1.2":null},"op_mini":{"0":0.7568581443299},"and_chr":{"0":21.536625}},"total":95.764649930044}