{"id":"KH","name":"Cambodia","month":"2018-12","access_date":"2019-01-04","data":{"chrome":{"4":0.007031,"5":0,"6":0,"7":0,"8":0,"9":0,"10":0,"11":0.014062,"12":0,"13":0,"14":0,"15":0,"16":0,"17":0,"18":0,"19":0,"20":0,"21":0,"22":0,"23":0,"24":0,"25":0,"26":0,"27":0,"28":0,"29":0.105465,"30":0.007031,"31":0.007031,"32":0,"33":0.021093,"34":0.014062,"35":0,"36":0.007031,"37":0.007031,"38":0.021093,"39":0.007031,"40":0.042186,"41":0.021093,"42":0,"43":0.098434,"44":0.007031,"45":0.035155,"46":0.007031,"47":0.014062,"48":0.07031,"49":0.217961,"50":0.014062,"51":0.042186,"52":0.056248,"53":0.021093,"54":0.042186,"55":0.084372,"56":0.063279,"57":0.133589,"58":0.618728,"59":0.049217,"60":0.203899,"61":0.21093,"62":0.513263,"63":1.05465,"64":0.745286,"65":1.012464,"66":0.091403,"67":0.457015,"68":0.232023,"69":0.337488,"70":11.755832,"71":14.181527,"72":0.161713,"73":0.14062,"74":0},"firefox":{"2":0.007031,"3":0.014062,"3.5":0,"3.6":0.007031,"4":0.007031,"5":0.007031,"6":0,"7":0,"8":0,"9":0,"10":0,"11":0.007031,"12":0,"13":0,"14":0,"15":0,"16":0,"17":0,"18":0,"19":0,"20":0,"21":0,"22":0,"23":0,"24":0,"25":0,"26":0.007031,"27":0,"28":0,"29":0.007031,"30":0.007031,"31":0,"32":0,"33":0,"34":0.007031,"35":0.007031,"36":0.007031,"37":0.007031,"38":0.014062,"39":0.007031,"40":0.014062,"41":0.028124,"42":0.021093,"43":0.035155,"44":0.014062,"45":0.014062,"46":0.014062,"47":0.105465,"48":0.154682,"49":0.021093,"50":0.028124,"51":0.028124,"52":0.105465,"53":0.126558,"54":0.049217,"55":0.056248,"56":0.126558,"57":0.295302,"58":0.182806,"59":0.154682,"60":0.288271,"61":0.56248,"62":0.260147,"63":1.947587,"64":2.517098,"65":0.288271,"66":0},"opera":{"9":0,"9.5-9.6":0,"10.0-10.1":0,"10.5":0,"10.6":0,"11":0,"11.1":0,"11.5":0,"11.6":0.007031,"12":0,"12.1":0.007031,"15":0,"16":0,"17":0,"18":0,"19":0,"20":0.007031,"21":0,"22":0,"23":0,"24":0,"25":0,"26":0,"27":0,"28":0,"29":0,"30":0,"31":0,"32":0,"33":0,"34":0,"35":0,"36":0.021093,"37":0.133589,"38":0,"39":0,"40":0,"41":0,"42":0,"43":0,"44":0,"45":0.007031,"46":0,"47":0,"48":0.056248,"49":0.063279,"50":0.014062,"51":0.028124,"52":0.042186,"53":0.007031,"54":0.014062,"55":0,"56":0.696069,"57":0.365612},"safari":{"3.1":0,"3.2":0,"4":0.014062,"5":0,"5.1":0,"6":0,"6.1":0.007031,"7":0,"7.1":0,"8":0.014062,"9":0.007031,"9.1":0.035155,"10":0.056248,"10.1":0.112496,"11":0.168744,"11.1":0.21093,"12":0.906999,"0":null},"ios_saf":{"3.2":0.0037390955860274,"4.0-4.1":0.0018695477930137,"4.2-4.3":0.0018695477930137,"5.0-5.1":0.022434573516165,"6.0-6.1":0.0074781911720548,"7.0-7.1":0.037390955860274,"8":0.31595357701932,"8.1-8.4":0.08039055509959,"9.0-9.2":0.059825529376439,"9.3":0.39073548873987,"10.0-10.2":0.27482352557302,"10.3":0.58703800700631,"11.0-11.2":0.86560062816535,"11.3-11.4":2.3818038882995,"12.0-12.1":13.647698889},"android":{"2.1":0,"2.2":0.0012649114043355,"2.3":0.037947342130066,"3":0.0012649114043355,"4":0.21882967295005,"4.1":0.084749064090481,"4.2-4.3":0.31749276248822,"4.4":0,"4.4.3-4.4.4":0.68052233553252,"67":null},"ie":{"5.5":0,"6":0.024985160714286,"7":0.016656773809524,"8":0.38310579761905,"9":0.1082690297619,"10":0.14158257738095,"11":0.72456966071429},"edge":{"12":0.021093,"13":0.056248,"14":0.112496,"15":0.063279,"16":0.147651,"17":0.689038,"18":null},"op_mob":{"10":null,"11":null,"11.1":null,"11.5":null,"12":null,"12.1":null,"0":null},"samsung":{"4":0.7421947627907,"5":0.096388930232558,"6.2":0.11566671627907,"7.2":null},"ie_mob":{"10":0.01558725,"11":0.04676175},"bb":{"7":0.0011876,"10":0.0047504},"baidu":{"0":null},"and_ff":{"0":0.109853},"and_uc":{"0":0.668025},"and_qq":{"1.2":null},"op_mini":{"0":0.89947436426117},"and_chr":{"0":26.151468}},"total":94.875913773563}