{"id":"KI","name":"Kiribati","month":"2018-12","access_date":"2019-01-04","data":{"chrome":{"4":0,"5":0,"6":0,"7":0,"8":0,"9":0,"10":0,"11":0.004052,"12":0,"13":0,"14":0,"15":0,"16":0,"17":0,"18":0,"19":0,"20":0,"21":0,"22":0,"23":0,"24":0,"25":0,"26":0,"27":0,"28":0,"29":0,"30":0,"31":0,"32":0,"33":0,"34":0,"35":0,"36":0,"37":0.008104,"38":0,"39":0,"40":0,"41":0,"42":0.012156,"43":0.012156,"44":0,"45":0.08104,"46":0.004052,"47":0,"48":0,"49":0.008104,"50":0,"51":0.028364,"52":0,"53":0.004052,"54":0,"55":0.008104,"56":0.105352,"57":0,"58":0.052676,"59":0,"60":0.004052,"61":0,"62":0,"63":0.008104,"64":0,"65":0.024312,"66":0.133716,"67":0.044572,"68":0.012156,"69":0.008104,"70":3.8494,"71":2.496032,"72":0,"73":0,"74":0},"firefox":{"2":0,"3":0,"3.5":0,"3.6":0,"4":0,"5":0,"6":0,"7":0,"8":0,"9":0,"10":0,"11":0,"12":0,"13":0,"14":0.024312,"15":0,"16":0,"17":0,"18":0,"19":0,"20":0,"21":0,"22":0,"23":0,"24":0,"25":0,"26":0,"27":0,"28":0,"29":0,"30":0,"31":0,"32":0,"33":0,"34":0,"35":0,"36":0,"37":0.004052,"38":0,"39":0,"40":0,"41":0,"42":0,"43":0,"44":0.004052,"45":0.004052,"46":0.008104,"47":0.008104,"48":0.004052,"49":0,"50":0.024312,"51":0,"52":0.008104,"53":0,"54":0.008104,"55":0,"56":0.064832,"57":0.004052,"58":0.004052,"59":0.032416,"60":0.008104,"61":0.036468,"62":0.072936,"63":1.66132,"64":0.538916,"65":0.056728,"66":0},"opera":{"9":0,"9.5-9.6":0,"10.0-10.1":0,"10.5":0,"10.6":0,"11":0,"11.1":0,"11.5":0,"11.6":0,"12":0,"12.1":0,"15":0,"16":0,"17":0,"18":0,"19":0,"20":0,"21":0,"22":0,"23":0,"24":0,"25":0,"26":0,"27":0,"28":0,"29":0,"30":0,"31":0,"32":0,"33":0,"34":0,"35":0,"36":0,"37":0.012156,"38":0,"39":0,"40":0,"41":0,"42":0,"43":0,"44":0,"45":0,"46":0,"47":0,"48":0,"49":0.024312,"50":0,"51":0,"52":0,"53":0,"54":0,"55":0,"56":0.08104,"57":0.198548},"safari":{"3.1":0,"3.2":0,"4":0,"5":0,"5.1":0.008104,"6":0,"6.1":0,"7":0,"7.1":0,"8":0,"9":0,"9.1":0,"10":0,"10.1":0,"11":0.008104,"11.1":0.008104,"12":0.008104,"0":null},"ios_saf":{"3.2":0.0016461463316985,"4.0-4.1":0.00082307316584926,"4.2-4.3":0.00082307316584926,"5.0-5.1":0.0098768779901912,"6.0-6.1":0.0032922926633971,"7.0-7.1":0.016461463316985,"8":0.13909936502853,"8.1-8.4":0.035392146131518,"9.0-9.2":0.026338341307176,"9.3":0.1720222916625,"10.0-10.2":0.12099175537984,"10.3":0.25844497407667,"11.0-11.2":0.38108287578821,"11.3-11.4":1.048595213292,"12.0-12.1":6.0084341106996},"android":{"2.1":0,"2.2":0.00076546277097078,"2.3":0.022963883129123,"3":0.00076546277097078,"4":0.13242505937795,"4.1":0.051286005655042,"4.2-4.3":0.19213115551367,"4.4":0,"4.4.3-4.4.4":0.41181897078228,"67":null},"ie":{"5.5":0,"6":0,"7":0,"8":0.008104,"9":0,"10":0,"11":0.105352},"edge":{"12":0.016208,"13":0.016208,"14":0.093196,"15":0.109404,"16":0.06078,"17":0.16208,"18":null},"op_mob":{"10":null,"11":null,"11.1":null,"11.5":null,"12":null,"12.1":null,"0":null},"samsung":{"4":4.7701864759207,"5":0.3400132917847,"6.2":1.6200633314448,"7.2":null},"ie_mob":{"10":0,"11":0.053532},"bb":{"7":0,"10":0},"baidu":{"0":null},"and_ff":{"0":0.434204},"and_uc":{"0":4.865464},"and_qq":{"1.2":null},"op_mini":{"0":0.18582901030928},"and_chr":{"0":63.070908}},"total":94.781216109459}