{"id":"KM","name":"Comoros","month":"2018-12","access_date":"2019-01-04","data":{"chrome":{"4":0,"5":0,"6":0,"7":0,"8":0,"9":0,"10":0,"11":0,"12":0,"13":0,"14":0,"15":0,"16":0,"17":0,"18":0,"19":0,"20":0,"21":0,"22":0,"23":0,"24":0,"25":0,"26":0.003435,"27":0.003435,"28":0,"29":0.003435,"30":0.00687,"31":0.01374,"32":0.065265,"33":0.02748,"34":0.00687,"35":0,"36":0,"37":0,"38":0,"39":0,"40":0.003435,"41":0.003435,"42":0,"43":0.14427,"44":0,"45":0.003435,"46":0.003435,"47":0.003435,"48":0.003435,"49":0.099615,"50":0,"51":0.00687,"52":0.010305,"53":0.02061,"54":0.00687,"55":0.01374,"56":0.09618,"57":0.04809,"58":0.50151,"59":0.00687,"60":0.04809,"61":0.003435,"62":0.01374,"63":0.00687,"64":0.010305,"65":0.11679,"66":0.00687,"67":0.003435,"68":0.030915,"69":0.140835,"70":2.01978,"71":1.97856,"72":0.00687,"73":0,"74":0},"firefox":{"2":0,"3":0,"3.5":0.00687,"3.6":0.003435,"4":0,"5":0,"6":0,"7":0,"8":0,"9":0,"10":0,"11":0,"12":0,"13":0,"14":0,"15":0,"16":0,"17":0,"18":0,"19":0,"20":0,"21":0,"22":0,"23":0,"24":0,"25":0.003435,"26":0.010305,"27":0,"28":0,"29":0,"30":0,"31":0,"32":0,"33":0,"34":0,"35":0,"36":0,"37":0,"38":0.003435,"39":0.00687,"40":0,"41":0,"42":0.00687,"43":0.003435,"44":0,"45":0.01374,"46":0,"47":0.01374,"48":0,"49":0,"50":0,"51":0,"52":0.037785,"53":0.085875,"54":0.003435,"55":0,"56":0.01374,"57":0,"58":0.003435,"59":0,"60":0.04809,"61":0.003435,"62":0.024045,"63":1.432395,"64":1.34652,"65":0.003435,"66":0},"opera":{"9":0,"9.5-9.6":0,"10.0-10.1":0,"10.5":0,"10.6":0,"11":0,"11.1":0,"11.5":0,"11.6":0,"12":0,"12.1":0.02748,"15":0.01374,"16":0,"17":0,"18":0,"19":0,"20":0,"21":0,"22":0,"23":0,"24":0,"25":0,"26":0,"27":0,"28":0.00687,"29":0,"30":0,"31":0,"32":0,"33":0,"34":0,"35":0,"36":0,"37":0.003435,"38":0,"39":0,"40":0,"41":0,"42":0,"43":0,"44":0,"45":0.003435,"46":0,"47":0,"48":0,"49":0,"50":0,"51":0,"52":0,"53":0,"54":0,"55":0,"56":0.319455,"57":0.120225},"safari":{"3.1":0,"3.2":0,"4":0,"5":0,"5.1":0,"6":0.003435,"6.1":0,"7":0.003435,"7.1":0,"8":0,"9":0,"9.1":0.02061,"10":0.017175,"10.1":0.00687,"11":0.133965,"11.1":0.07557,"12":0.08931,"0":null},"ios_saf":{"3.2":0.00072804824341908,"4.0-4.1":0.00036402412170954,"4.2-4.3":0.00036402412170954,"5.0-5.1":0.0043682894605145,"6.0-6.1":0.0014560964868382,"7.0-7.1":0.0072804824341908,"8":0.061520076568912,"8.1-8.4":0.01565303723351,"9.0-9.2":0.011648771894705,"9.3":0.076081041437294,"10.0-10.2":0.053511545891302,"10.3":0.1143035742168,"11.0-11.2":0.16854316835152,"11.3-11.4":0.46376673105795,"12.0-12.1":2.6573760884796},"android":{"2.1":0,"2.2":0.010724425070688,"2.3":0.32173275212064,"3":0.010724425070688,"4":1.855325537229,"4.1":0.7185364797361,"4.2-4.3":2.6918306927427,"4.4":0,"4.4.3-4.4.4":5.7697406880302,"67":null},"ie":{"5.5":0,"6":0,"7":0,"8":0.05496,"9":0.00687,"10":0.01374,"11":0.120225},"edge":{"12":0.030915,"13":0.01374,"14":0.02061,"15":0.037785,"16":0.02061,"17":0.106485,"18":null},"op_mob":{"10":null,"11":null,"11.1":null,"11.5":null,"12":null,"12.1":null,"0":null},"samsung":{"4":0.50825806451613,"5":0.043564976958525,"6.2":0.34125898617512,"7.2":null},"ie_mob":{"10":0.056055,"11":0.18685},"bb":{"7":0.011817,"10":0.047268},"baidu":{"0":null},"and_ff":{"0":0.10504},"and_uc":{"0":1.49682},"and_qq":{"1.2":null},"op_mini":{"0":2.2375144329897},"and_chr":{"0":66.869985}},"total":96.757851460639}