{"id":"KR","name":"Korea, Republic of","month":"2018-12","access_date":"2019-01-04","data":{"chrome":{"4":null,"5":null,"6":null,"7":null,"8":null,"9":null,"10":null,"11":null,"12":null,"13":null,"14":null,"15":null,"16":null,"17":null,"18":null,"19":null,"20":null,"21":null,"22":null,"23":null,"24":null,"25":null,"26":0.005535,"27":null,"28":null,"29":null,"30":null,"31":0.426195,"32":null,"33":0.01107,"34":0.04428,"35":null,"36":null,"37":0.005535,"38":null,"39":null,"40":0.01107,"41":0.02214,"42":0.038745,"43":0.005535,"44":0.01107,"45":0.02214,"46":0.02214,"47":0.03321,"48":0.03321,"49":0.48708,"50":0.038745,"51":0.02214,"52":0.03321,"53":0.03321,"54":0.04428,"55":0.071955,"56":0.14391,"57":0.215865,"58":2.363445,"59":0.094095,"60":0.03321,"61":0.03321,"62":0.06642,"63":0.271215,"64":0.071955,"65":0.094095,"66":0.049815,"67":0.116235,"68":0.083025,"69":0.12177,"70":11.37996,"71":11.97774,"72":0.01107,"73":0.02214,"74":null},"firefox":{"2":null,"3":null,"3.5":null,"3.6":null,"4":null,"5":null,"6":null,"7":null,"8":null,"9":null,"10":null,"11":null,"12":null,"13":null,"14":null,"15":null,"16":null,"17":null,"18":null,"19":null,"20":null,"21":null,"22":null,"23":null,"24":null,"25":null,"26":null,"27":null,"28":null,"29":null,"30":null,"31":null,"32":null,"33":null,"34":null,"35":null,"36":null,"37":null,"38":null,"39":null,"40":null,"41":null,"42":null,"43":null,"44":null,"45":0.01107,"46":null,"47":0.01107,"48":0.016605,"49":0.005535,"50":null,"51":null,"52":0.060885,"53":0.459405,"54":0.01107,"55":null,"56":0.027675,"57":0.02214,"58":0.016605,"59":0.016605,"60":0.005535,"61":null,"62":0.005535,"63":0.17712,"64":0.19926,"65":0.005535,"66":0.005535},"opera":{"9":null,"9.5-9.6":null,"10.0-10.1":0,"10.5":null,"10.6":null,"11":null,"11.1":null,"11.5":null,"11.6":null,"12":null,"12.1":null,"15":null,"16":null,"17":null,"18":null,"19":null,"20":null,"21":null,"22":null,"23":null,"24":null,"25":null,"26":null,"27":null,"28":null,"29":null,"30":null,"31":null,"32":null,"33":null,"34":null,"35":null,"36":null,"37":null,"38":null,"39":null,"40":null,"41":null,"42":null,"43":null,"44":null,"45":0.01107,"46":null,"47":null,"48":null,"49":null,"50":null,"51":null,"52":null,"53":null,"54":null,"55":null,"56":0.182655,"57":0.1107},"safari":{"3.1":null,"3.2":null,"4":0,"5":null,"5.1":0.005535,"6":null,"6.1":null,"7":null,"7.1":null,"8":0.016605,"9":0.01107,"9.1":0.038745,"10":0.027675,"10.1":0.094095,"11":0.06642,"11.1":0.171585,"12":0.669735,"0":null},"ios_saf":{"3.2":0.0029388289460514,"4.0-4.1":0.0014694144730257,"4.2-4.3":0.0014694144730257,"5.0-5.1":0.017632973676309,"6.0-6.1":0.0058776578921029,"7.0-7.1":0.029388289460514,"8":0.24833104594135,"8.1-8.4":0.063184822340106,"9.0-9.2":0.047021263136823,"9.3":0.30710762486238,"10.0-10.2":0.21600392753478,"10.3":0.46139614453008,"11.0-11.2":0.68033890101091,"11.3-11.4":1.8720340386348,"12.0-12.1":10.726725653088},"android":{"2.1":0,"2.2":0.00019778982092366,"2.3":0.0059336946277097,"3":0.00019778982092366,"4":0.034217639019793,"4.1":0.013251918001885,"4.2-4.3":0.049645245051838,"4.4":0,"4.4.3-4.4.4":0.10641092365693,"67":null},"ie":{"5.5":null,"6":null,"7":null,"8":0.17189277578475,"9":0.099808708520179,"10":0.18852756053812,"11":11.904960955157},"edge":{"12":0.027675,"13":0.01107,"14":0.049815,"15":0.03321,"16":0.060885,"17":1.37268,"18":null},"op_mob":{"10":null,"11":null,"11.1":null,"11.5":null,"12":null,"12.1":null,"0":null},"samsung":{"4":0.32517517241379,"5":0.21339620689655,"6.2":0.15242586206897,"7.2":null},"ie_mob":{"10":0,"11":0.053532},"bb":{"7":0,"10":0},"baidu":{"0":null},"and_ff":{"0":0.05358},"and_uc":{"0":0.08037},"and_qq":{"1.2":null},"op_mini":{"0":0.07608912371134},"and_chr":{"0":29.60887}},"total":90.409483365091}