{"id":"LU","name":"Luxembourg","month":"2018-12","access_date":"2019-01-04","data":{"chrome":{"4":0,"5":0,"6":0,"7":0,"8":0,"9":0,"10":0,"11":0,"12":0,"13":0,"14":0,"15":0,"16":0,"17":0.006414,"18":0,"19":0,"20":0,"21":0,"22":0,"23":0.012828,"24":0,"25":0,"26":0,"27":0,"28":0,"29":0,"30":0,"31":0,"32":0,"33":0,"34":0.012828,"35":0,"36":0,"37":0,"38":0.019242,"39":0.019242,"40":0,"41":0.006414,"42":0,"43":0,"44":0.006414,"45":0.006414,"46":0.006414,"47":0,"48":0.006414,"49":0.35277,"50":0,"51":0.012828,"52":0.012828,"53":0.006414,"54":0.025656,"55":0.03207,"56":0.109038,"57":0.057726,"58":0.660642,"59":0.089796,"60":0.03207,"61":0.06414,"62":0.057726,"63":0.109038,"64":0.083382,"65":0.16035,"66":0.025656,"67":0.089796,"68":0.109038,"69":0.198834,"70":7.690386,"71":6.272892,"72":0.012828,"73":0.012828,"74":0},"firefox":{"2":0,"3":0,"3.5":0,"3.6":0.006414,"4":0,"5":0,"6":0,"7":0,"8":0,"9":0,"10":0,"11":0,"12":0,"13":0,"14":0.006414,"15":0,"16":0,"17":0,"18":0,"19":0,"20":0,"21":0,"22":0,"23":0,"24":0.006414,"25":0,"26":0,"27":0,"28":0,"29":0,"30":0,"31":0.006414,"32":0.006414,"33":0,"34":0,"35":0,"36":0,"37":0,"38":0.115452,"39":0,"40":0,"41":0,"42":0,"43":0,"44":0,"45":0.070554,"46":0.006414,"47":0.012828,"48":0.102624,"49":0.006414,"50":0.03207,"51":0.012828,"52":0.493878,"53":0.12828,"54":0.025656,"55":0.012828,"56":0.076968,"57":0.03207,"58":0.025656,"59":0.019242,"60":0.93003,"61":0.06414,"62":0.070554,"63":2.475804,"64":2.347524,"65":0.019242,"66":0},"opera":{"9":0,"9.5-9.6":0,"10.0-10.1":0,"10.5":0,"10.6":0,"11":0,"11.1":0,"11.5":0,"11.6":0,"12":0,"12.1":0.006414,"15":0,"16":0,"17":0,"18":0,"19":0,"20":0,"21":0,"22":0,"23":0,"24":0,"25":0,"26":0,"27":0.006414,"28":0,"29":0,"30":0,"31":0,"32":0,"33":0,"34":0,"35":0,"36":0.006414,"37":0.006414,"38":0,"39":0,"40":0.006414,"41":0,"42":0,"43":0,"44":0,"45":0.006414,"46":0,"47":0,"48":0,"49":0.006414,"50":0,"51":0,"52":0,"53":0,"54":0,"55":0.006414,"56":0.339942,"57":0.186006},"safari":{"3.1":0,"3.2":0,"4":0,"5":0.006414,"5.1":0.019242,"6":0,"6.1":0.012828,"7":0.006414,"7.1":0,"8":0.019242,"9":0.038484,"9.1":0.141108,"10":0.03207,"10.1":0.307872,"11":0.089796,"11.1":0.60933,"12":3.59184,"0":null},"ios_saf":{"3.2":0.0062857127414673,"4.0-4.1":0.0031428563707337,"4.2-4.3":0.0031428563707337,"5.0-5.1":0.037714276448804,"6.0-6.1":0.012571425482935,"7.0-7.1":0.062857127414673,"8":0.53114272665399,"8.1-8.4":0.13514282394155,"9.0-9.2":0.10057140386348,"9.3":0.65685698148334,"10.0-10.2":0.46199988649785,"10.3":0.98685690041037,"11.0-11.2":1.4551424996497,"11.3-11.4":4.0039990163147,"12.0-12.1":22.942851506356},"android":{"2.1":0,"2.2":0.00067613195098963,"2.3":0.020283958529689,"3":0.00067613195098963,"4":0.11697082752121,"4.1":0.045300840716305,"4.2-4.3":0.1697091196984,"4.4":0,"4.4.3-4.4.4":0.36375898963242,"67":null},"ie":{"5.5":0,"6":0,"7":0.756852,"8":1.69971,"9":0.038484,"10":0.006414,"11":2.572014},"edge":{"12":0,"13":0.025656,"14":0.044898,"15":0.166764,"16":0.147522,"17":1.532946,"18":null},"op_mob":{"10":null,"11":null,"11.1":null,"11.5":null,"12":null,"12.1":null,"0":null},"samsung":{"4":0.2883001980198,"5":0.0480500330033,"6.2":0.05766003960396,"7.2":null},"ie_mob":{"10":0,"11":0.08965},"bb":{"7":0.0043032,"10":0.0172128},"baidu":{"0":null},"and_ff":{"0":0.290466},"and_uc":{"0":0.326326},"and_qq":{"1.2":null},"op_mini":{"0":0.25462448453608},"and_chr":{"0":24.98153}},"total":94.413418755163}