{"id":"ME","name":"Montenegro","month":"2018-12","access_date":"2019-01-04","data":{"chrome":{"4":0,"5":0,"6":0,"7":0,"8":0.014949,"9":0,"10":0.004983,"11":0.004983,"12":0,"13":0,"14":0,"15":0,"16":0,"17":0,"18":0,"19":0,"20":0.004983,"21":0,"22":0.014949,"23":0,"24":0,"25":0,"26":0.034881,"27":0,"28":0,"29":0.308946,"30":0.004983,"31":0.004983,"32":0,"33":0.004983,"34":0.024915,"35":0.004983,"36":0,"37":0,"38":0.054813,"39":0.004983,"40":0.014949,"41":0.004983,"42":0,"43":0.019932,"44":0.004983,"45":0.004983,"46":0.034881,"47":0,"48":0.004983,"49":0.637824,"50":0.009966,"51":0.004983,"52":0.014949,"53":0.019932,"54":0.004983,"55":0.019932,"56":0.034881,"57":0.04983,"58":0.368742,"59":0.009966,"60":0.024915,"61":0.014949,"62":0.034881,"63":0.034881,"64":0.044847,"65":0.039864,"66":0.054813,"67":0.064779,"68":0.114609,"69":0.089694,"70":6.682203,"71":7.140639,"72":0.024915,"73":0.009966,"74":0},"firefox":{"2":0,"3":0,"3.5":0,"3.6":0,"4":0,"5":0,"6":0,"7":0,"8":0,"9":0,"10":0,"11":0,"12":0,"13":0,"14":0,"15":0,"16":0,"17":0,"18":0,"19":0,"20":0,"21":0,"22":0,"23":0,"24":0,"25":0,"26":0,"27":0,"28":0,"29":0,"30":0,"31":0,"32":0.009966,"33":0,"34":0,"35":0,"36":0,"37":0,"38":0,"39":0.004983,"40":0.004983,"41":0.004983,"42":0,"43":0,"44":0,"45":0.004983,"46":0,"47":0.004983,"48":0.009966,"49":0.004983,"50":0.014949,"51":0,"52":0.224235,"53":0.064779,"54":0.004983,"55":0,"56":0.039864,"57":0.04983,"58":0.004983,"59":0.009966,"60":0.019932,"61":0.029898,"62":0.054813,"63":0.936804,"64":1.061379,"65":0.024915,"66":0},"opera":{"9":0,"9.5-9.6":0,"10.0-10.1":0,"10.5":0,"10.6":0,"11":0,"11.1":0,"11.5":0,"11.6":0,"12":0,"12.1":0.009966,"15":0,"16":0,"17":0,"18":0,"19":0,"20":0,"21":0,"22":0,"23":0,"24":0,"25":0,"26":0,"27":0,"28":0,"29":0,"30":0,"31":0.009966,"32":0,"33":0,"34":0,"35":0,"36":0.024915,"37":0,"38":0,"39":0,"40":0.009966,"41":0,"42":0,"43":0,"44":0,"45":0.004983,"46":0,"47":0,"48":0,"49":0.019932,"50":0,"51":0,"52":0,"53":0,"54":0,"55":0,"56":0.583011,"57":0.891957},"safari":{"3.1":0,"3.2":0,"4":0,"5":0,"5.1":0,"6":0,"6.1":0,"7":0,"7.1":0,"8":0,"9":0,"9.1":0.044847,"10":0.009966,"10.1":0.009966,"11":0.014949,"11.1":0.084711,"12":0.254133,"0":null},"ios_saf":{"3.2":0.0021935994394955,"4.0-4.1":0.0010967997197478,"4.2-4.3":0.0010967997197478,"5.0-5.1":0.013161596636973,"6.0-6.1":0.0043871988789911,"7.0-7.1":0.021935994394955,"8":0.18535915263737,"8.1-8.4":0.047162387949154,"9.0-9.2":0.035097591031929,"9.3":0.22923114142728,"10.0-10.2":0.16122955880292,"10.3":0.3443951120008,"11.0-11.2":0.50781827024322,"11.3-11.4":1.3973228429587,"12.0-12.1":8.0066379541587},"android":{"2.1":0,"2.2":0.0010419029217719,"2.3":0.031257087653157,"3":0.0010419029217719,"4":0.18024920546654,"4.1":0.069807495758718,"4.2-4.3":0.26151763336475,"4.4":0,"4.4.3-4.4.4":0.56054377191329,"67":null},"ie":{"5.5":0,"6":0,"7":0,"8":0.10067693877551,"9":0.015101540816327,"10":0.010067693877551,"11":0.36747082653061},"edge":{"12":0,"13":0.004983,"14":0.014949,"15":0.04983,"16":0.024915,"17":0.239184,"18":null},"op_mob":{"10":null,"11":null,"11.1":null,"11.5":null,"12":null,"12.1":null,"0":null},"samsung":{"4":0.97512045929019,"5":0.089551878914405,"6.2":0.15920334029228,"7.2":null},"ie_mob":{"10":0,"11":0.110374},"bb":{"7":0.0010034,"10":0.0040136},"baidu":{"0":null},"and_ff":{"0":0.135459},"and_uc":{"0":0.05017},"and_qq":{"1.2":null},"op_mini":{"0":0.4132301185567},"and_chr":{"0":57.520267}},"total":93.048537797054}