{"id":"MH","name":"Marshall Islands","month":"2018-12","access_date":"2019-01-04","data":{"chrome":{"4":0,"5":0,"6":0,"7":0,"8":0,"9":0,"10":0,"11":0,"12":0,"13":0.016929,"14":0,"15":0,"16":0,"17":0,"18":0,"19":0,"20":0,"21":0,"22":0,"23":0,"24":0,"25":0,"26":0,"27":0,"28":0.005643,"29":0,"30":0,"31":0,"32":0,"33":0.005643,"34":0.011286,"35":0,"36":0,"37":0,"38":0,"39":0,"40":0,"41":0.011286,"42":0,"43":0,"44":0,"45":0,"46":0,"47":0,"48":0.005643,"49":0.16929,"50":0,"51":0,"52":0,"53":0.016929,"54":0.005643,"55":1.941192,"56":0.033858,"57":0.050787,"58":0.581229,"59":0.005643,"60":0.016929,"61":0,"62":0,"63":0.090288,"64":0.011286,"65":0.050787,"66":0.005643,"67":0.084645,"68":1.35432,"69":0.067716,"70":8.148492,"71":8.092062,"72":0.016929,"73":0.005643,"74":0},"firefox":{"2":0,"3":0,"3.5":0,"3.6":0,"4":0,"5":0,"6":0,"7":0,"8":0,"9":0,"10":0,"11":0,"12":0,"13":0,"14":0,"15":0,"16":0,"17":0,"18":0,"19":0,"20":0,"21":0,"22":0,"23":0,"24":0,"25":0,"26":0,"27":0,"28":0,"29":0,"30":0,"31":0,"32":0,"33":0,"34":0,"35":0,"36":0,"37":0,"38":0,"39":0,"40":0,"41":0,"42":0,"43":0,"44":0.062073,"45":0,"46":0,"47":0,"48":0,"49":0,"50":0.005643,"51":0.016929,"52":0.022572,"53":0.135432,"54":0.005643,"55":0,"56":0,"57":0,"58":0,"59":0,"60":0.028215,"61":0.005643,"62":0.005643,"63":0.569943,"64":0.361152,"65":0.016929,"66":0},"opera":{"9":0,"9.5-9.6":0,"10.0-10.1":0,"10.5":0,"10.6":0,"11":0,"11.1":0,"11.5":0,"11.6":0,"12":0,"12.1":0,"15":0,"16":0,"17":0,"18":0,"19":0,"20":0,"21":0,"22":0,"23":0,"24":0,"25":0,"26":0,"27":0,"28":0,"29":0,"30":0,"31":0,"32":0,"33":0,"34":0,"35":0,"36":0,"37":0,"38":0,"39":0,"40":0,"41":0,"42":0,"43":0,"44":0,"45":0.005643,"46":0,"47":0,"48":0,"49":0.005643,"50":0,"51":0,"52":0,"53":0,"54":0,"55":0,"56":0.186219,"57":0.16929},"safari":{"3.1":0,"3.2":0,"4":0,"5":0,"5.1":0,"6":0,"6.1":0,"7":0,"7.1":0,"8":0,"9":0,"9.1":0.011286,"10":0,"10.1":0.180576,"11":0.011286,"11.1":0.744876,"12":0.406296,"0":null},"ios_saf":{"3.2":0.00611833329997,"4.0-4.1":0.003059166649985,"4.2-4.3":0.003059166649985,"5.0-5.1":0.03670999979982,"6.0-6.1":0.01223666659994,"7.0-7.1":0.0611833329997,"8":0.51699916384746,"8.1-8.4":0.13154416594935,"9.0-9.2":0.09789333279952,"9.3":0.63936582984686,"10.0-10.2":0.44969749754779,"10.3":0.96057832809529,"11.0-11.2":1.416394158943,"11.3-11.4":3.8973783120809,"12.0-12.1":22.33191654489},"android":{"2.1":0,"2.2":0.0017588708765316,"2.3":0.052766126295947,"3":0.0017588708765316,"4":0.30428466163996,"4.1":0.11784434872762,"4.2-4.3":0.44147659000943,"4.4":0,"4.4.3-4.4.4":0.94627253157399,"67":null},"ie":{"5.5":0,"6":0,"7":0,"8":0,"9":0,"10":0,"11":0.389367},"edge":{"12":0,"13":0.981882,"14":0.400653,"15":0.022572,"16":0.761805,"17":0.891594,"18":null},"op_mob":{"10":null,"11":null,"11.1":null,"11.5":null,"12":null,"12.1":null,"0":null},"samsung":{"4":0.25415833333333,"5":0.060513888888889,"6.2":0,"7.2":null},"ie_mob":{"10":0,"11":0.04357},"bb":{"7":0,"10":0},"baidu":{"0":null},"and_ff":{"0":0.074069},"and_uc":{"0":0.766832},"and_qq":{"1.2":null},"op_mini":{"0":0.070123743986254},"and_chr":{"0":34.983826}},"total":95.893934966208}