{"id":"MK","name":"Macedonia","month":"2018-12","access_date":"2019-01-04","data":{"chrome":{"4":0,"5":0,"6":0,"7":0,"8":0,"9":0,"10":0,"11":0,"12":0,"13":0,"14":0,"15":0,"16":0,"17":0,"18":0.00635,"19":0,"20":0,"21":0,"22":0.0254,"23":0,"24":0,"25":0,"26":0.0254,"27":0,"28":0.00635,"29":0.00635,"30":0,"31":0.0127,"32":0,"33":0.01905,"34":0.03175,"35":0,"36":0.00635,"37":0.00635,"38":0.0381,"39":0.0127,"40":0.00635,"41":0.01905,"42":0.00635,"43":0.0127,"44":0.00635,"45":0.0127,"46":0.0127,"47":0.01905,"48":0.04445,"49":1.1684,"50":0.01905,"51":0.0127,"52":0.01905,"53":0.0381,"54":0.0127,"55":0.0381,"56":0.0635,"57":0.08255,"58":1.016,"59":0.0254,"60":0.08255,"61":0.1905,"62":0.4699,"63":0.8382,"64":0.4445,"65":0.5842,"66":0.0762,"67":0.05715,"68":0.09525,"69":0.13335,"70":11.3157,"71":12.09675,"72":0.03175,"73":0.01905,"74":0},"firefox":{"2":0,"3":0,"3.5":0,"3.6":0.01905,"4":0,"5":0,"6":0,"7":0,"8":0,"9":0,"10":0,"11":0,"12":0,"13":0.03175,"14":0,"15":0,"16":0,"17":0.00635,"18":0,"19":0,"20":0,"21":0,"22":0,"23":0,"24":0,"25":0,"26":0,"27":0,"28":0.0127,"29":0,"30":0,"31":0,"32":0,"33":0,"34":0,"35":0,"36":0,"37":0,"38":0.00635,"39":0,"40":0.00635,"41":0.00635,"42":0,"43":0.0127,"44":0.0127,"45":0.00635,"46":0,"47":0.0127,"48":0.01905,"49":0.0254,"50":0.0381,"51":0.05715,"52":0.4699,"53":0.1905,"54":0.0127,"55":0.00635,"56":0.08255,"57":0.14605,"58":0.1016,"59":0.0762,"60":0.05715,"61":0.0254,"62":0.03175,"63":1.47955,"64":1.651,"65":0.0254,"66":0},"opera":{"9":0,"9.5-9.6":0,"10.0-10.1":0,"10.5":0,"10.6":0,"11":0,"11.1":0,"11.5":0,"11.6":0,"12":0,"12.1":0.00635,"15":0,"16":0,"17":0,"18":0,"19":0,"20":0,"21":0,"22":0,"23":0,"24":0,"25":0,"26":0,"27":0,"28":0,"29":0,"30":0.0127,"31":0.00635,"32":0.00635,"33":0,"34":0,"35":0,"36":0.0508,"37":0,"38":0,"39":0,"40":0.0127,"41":0,"42":0,"43":0.00635,"44":0,"45":0.00635,"46":0,"47":0.0127,"48":0.0254,"49":0.0762,"50":0.0508,"51":0.01905,"52":0,"53":0,"54":0,"55":0,"56":0.5715,"57":0.2667},"safari":{"3.1":0,"3.2":0,"4":0,"5":0,"5.1":0,"6":0,"6.1":0,"7":0,"7.1":0,"8":0,"9":0,"9.1":0.00635,"10":0.00635,"10.1":0.01905,"11":0.04445,"11.1":0.0762,"12":0.43815,"0":null},"ios_saf":{"3.2":0.0018259033129817,"4.0-4.1":0.00091295165649084,"4.2-4.3":0.00091295165649084,"5.0-5.1":0.01095541987789,"6.0-6.1":0.0036518066259634,"7.0-7.1":0.018259033129817,"8":0.15428882994695,"8.1-8.4":0.039256921229106,"9.0-9.2":0.029214453007707,"9.3":0.19080689620659,"10.0-10.2":0.13420389350415,"10.3":0.28666682013812,"11.0-11.2":0.42269661695526,"11.3-11.4":1.1631004103693,"12.0-12.1":6.6645470923831},"android":{"2.1":0,"2.2":0.00063864278982092,"2.3":0.019159283694628,"3":0.00063864278982092,"4":0.11048520263902,"4.1":0.042789066918002,"4.2-4.3":0.16029934024505,"4.4":0,"4.4.3-4.4.4":0.34358982092366,"67":null},"ie":{"5.5":0,"6":0,"7":0.0066123966942149,"8":0.13886033057851,"9":0.052899173553719,"10":0.039674380165289,"11":0.56205371900826},"edge":{"12":0.0127,"13":0.01905,"14":0.03175,"15":0.0889,"16":0.0889,"17":0.4445,"18":null},"op_mob":{"10":null,"11":null,"11.1":null,"11.5":null,"12":null,"12.1":null,"0":null},"samsung":{"4":0.39856532663317,"5":0.038884422110553,"6.2":0.10693216080402,"7.2":null},"ie_mob":{"10":0,"11":0.0803},"bb":{"7":0.00146,"10":0.00584},"baidu":{"0":null},"and_ff":{"0":0.0949},"and_uc":{"0":0.0949},"and_qq":{"1.2":null},"op_mini":{"0":0.17277920962199},"and_chr":{"0":48.5944}},"total":96.49091111917}