{"id":"MM","name":"Myanmar","month":"2018-12","access_date":"2019-01-04","data":{"chrome":{"4":0,"5":0,"6":0,"7":0,"8":0,"9":0,"10":0,"11":0.007106,"12":0,"13":0,"14":0,"15":0,"16":0,"17":0,"18":0,"19":0,"20":0,"21":0,"22":0.014212,"23":0,"24":0.003553,"25":0,"26":0.003553,"27":0,"28":0,"29":0.007106,"30":0,"31":0.010659,"32":0.014212,"33":0.003553,"34":0.003553,"35":0.003553,"36":0,"37":0.017765,"38":0.007106,"39":0.003553,"40":0.007106,"41":0,"42":0,"43":0.003553,"44":0.003553,"45":0.003553,"46":0.003553,"47":0,"48":0.007106,"49":0.017765,"50":0.003553,"51":0.003553,"52":0.003553,"53":0.007106,"54":0,"55":0.010659,"56":0.010659,"57":0.021318,"58":0.184756,"59":0.003553,"60":0.028424,"61":0.049742,"62":0.021318,"63":0.031977,"64":0.010659,"65":0.014212,"66":0.014212,"67":0.07106,"68":0.124355,"69":0.060401,"70":2.305897,"71":2.668303,"72":0.010659,"73":0.003553,"74":0},"firefox":{"2":0,"3":0,"3.5":0,"3.6":0,"4":0,"5":0,"6":0,"7":0,"8":0,"9":0,"10":0,"11":0,"12":0.003553,"13":0,"14":0,"15":0,"16":0,"17":0,"18":0,"19":0.003553,"20":0,"21":0.003553,"22":0,"23":0.003553,"24":0.003553,"25":0.003553,"26":0.003553,"27":0.003553,"28":0.003553,"29":0.007106,"30":0.010659,"31":0.003553,"32":0.003553,"33":0.003553,"34":0.010659,"35":0.010659,"36":0.017765,"37":0.021318,"38":0.021318,"39":0.017765,"40":0.010659,"41":0.03553,"42":0.021318,"43":0.060401,"44":0.039083,"45":0.017765,"46":0.010659,"47":0.103037,"48":0.049742,"49":0.028424,"50":0.042636,"51":0.010659,"52":0.042636,"53":0.053295,"54":0.017765,"55":0.021318,"56":0.078166,"57":0.078166,"58":0.049742,"59":0.060401,"60":0.074613,"61":0.103037,"62":0.145673,"63":1.506472,"64":1.861772,"65":0.287793,"66":0},"opera":{"9":0,"9.5-9.6":0,"10.0-10.1":0,"10.5":0,"10.6":0,"11":0,"11.1":0,"11.5":0,"11.6":0,"12":0,"12.1":0,"15":0,"16":0,"17":0,"18":0,"19":0,"20":0,"21":0,"22":0,"23":0,"24":0,"25":0,"26":0,"27":0,"28":0,"29":0,"30":0,"31":0,"32":0,"33":0,"34":0.003553,"35":0,"36":0,"37":0.156332,"38":0,"39":0,"40":0,"41":0,"42":0,"43":0,"44":0,"45":0,"46":0,"47":0,"48":0,"49":0.007106,"50":0,"51":0,"52":0,"53":0,"54":0,"55":0,"56":0.159885,"57":0.081719},"safari":{"3.1":0,"3.2":0,"4":0,"5":0,"5.1":0,"6":0,"6.1":0,"7":0,"7.1":0,"8":0.003553,"9":0.007106,"9.1":0.010659,"10":0.007106,"10.1":0.024871,"11":0.028424,"11.1":0.053295,"12":0.223839,"0":null},"ios_saf":{"3.2":0.0013449872885597,"4.0-4.1":0.00067249364427985,"4.2-4.3":0.00067249364427985,"5.0-5.1":0.0080699237313582,"6.0-6.1":0.0026899745771194,"7.0-7.1":0.013449872885597,"8":0.11365142588329,"8.1-8.4":0.028917226704034,"9.0-9.2":0.021519796616955,"9.3":0.14055117165449,"10.0-10.2":0.098856565709138,"10.3":0.21116300430387,"11.0-11.2":0.31136455730157,"11.3-11.4":0.85675690281253,"12.0-12.1":4.9092036032429},"android":{"2.1":0,"2.2":0.0043484967012253,"2.3":0.13045490103676,"3":0.0043484967012253,"4":0.75228992931197,"4.1":0.29134927898209,"4.2-4.3":1.0914726720075,"4.4":0,"4.4.3-4.4.4":2.3394912252592,"67":null},"ie":{"5.5":0,"6":0,"7":0,"8":0.028424,"9":0.003553,"10":0.003553,"11":0.092378},"edge":{"12":0.007106,"13":0.003553,"14":0.007106,"15":0.010659,"16":0.017765,"17":0.159885,"18":null},"op_mob":{"10":null,"11":null,"11.1":null,"11.5":null,"12":null,"12.1":null,"0":null},"samsung":{"4":0.76774112550607,"5":0.10967730364372,"6.2":0.12961863157895,"7.2":null},"ie_mob":{"10":0,"11":0},"bb":{"7":0,"10":0},"baidu":{"0":null},"and_ff":{"0":0.722064},"and_uc":{"0":5.325222},"and_qq":{"1.2":null},"op_mini":{"0":1.3305854742268},"and_chr":{"0":63.291224}},"total":94.890003534956}