{"id":"MZ","name":"Mozambique","month":"2018-12","access_date":"2019-01-04","data":{"chrome":{"4":0,"5":0,"6":0,"7":0,"8":0,"9":0,"10":0,"11":0.006702,"12":0,"13":0,"14":0,"15":0,"16":0,"17":0,"18":0,"19":0,"20":0,"21":0,"22":0,"23":0,"24":0,"25":0,"26":0.020106,"27":0,"28":0,"29":0,"30":0,"31":0,"32":0,"33":0.020106,"34":0.013404,"35":0.006702,"36":0.003351,"37":0.003351,"38":0.003351,"39":0,"40":0.050265,"41":0.003351,"42":0.003351,"43":0.170901,"44":0.006702,"45":0.006702,"46":0.010053,"47":0,"48":0.006702,"49":0.103881,"50":0.013404,"51":0.010053,"52":0.010053,"53":0.010053,"54":0.006702,"55":0.090477,"56":0.036861,"57":0.040212,"58":0.623286,"59":0.003351,"60":0.040212,"61":0.003351,"62":0.006702,"63":0.06702,"64":0.006702,"65":0.083775,"66":0.016755,"67":0.083775,"68":0.053616,"69":0.090477,"70":2.349051,"71":1.94358,"72":0.010053,"73":0.003351,"74":0},"firefox":{"2":0,"3":0.006702,"3.5":0,"3.6":0,"4":0,"5":0,"6":0,"7":0,"8":0,"9":0,"10":0,"11":0,"12":0,"13":0,"14":0,"15":0,"16":0,"17":0,"18":0,"19":0,"20":0,"21":0,"22":0,"23":0,"24":0,"25":0,"26":0,"27":0,"28":0,"29":0,"30":0,"31":0,"32":0,"33":0,"34":0,"35":0,"36":0,"37":0,"38":0,"39":0.003351,"40":0.003351,"41":0.003351,"42":0,"43":0.010053,"44":0.003351,"45":0.010053,"46":0,"47":0.020106,"48":0.010053,"49":0.003351,"50":0,"51":0,"52":0.040212,"53":0.113934,"54":0.003351,"55":0.010053,"56":0.023457,"57":0.016755,"58":0.006702,"59":0.003351,"60":0.030159,"61":0.023457,"62":0.020106,"63":0.546213,"64":0.388716,"65":0.013404,"66":0},"opera":{"9":0,"9.5-9.6":0,"10.0-10.1":0,"10.5":0,"10.6":0,"11":0,"11.1":0,"11.5":0,"11.6":0,"12":0.003351,"12.1":0.080424,"15":0,"16":0,"17":0.003351,"18":0,"19":0.003351,"20":0.010053,"21":0.010053,"22":0.003351,"23":0.013404,"24":0,"25":0,"26":0.003351,"27":0,"28":0.010053,"29":0.003351,"30":0.003351,"31":0.003351,"32":0.010053,"33":0.010053,"34":0,"35":0.006702,"36":0.003351,"37":0.003351,"38":0.003351,"39":0,"40":0,"41":0,"42":0.003351,"43":0.006702,"44":0,"45":0.006702,"46":0.003351,"47":0,"48":0.003351,"49":0.026808,"50":0,"51":0,"52":0,"53":0,"54":0.003351,"55":0.010053,"56":0.438981,"57":0.177603},"safari":{"3.1":0,"3.2":0,"4":0,"5":0,"5.1":0.003351,"6":0,"6.1":0.003351,"7":0,"7.1":0.003351,"8":0.023457,"9":0,"9.1":0.013404,"10":0.016755,"10.1":0.023457,"11":0.043563,"11.1":0.03351,"12":0.16755,"0":null},"ios_saf":{"3.2":0.00070246261635472,"4.0-4.1":0.00035123130817736,"4.2-4.3":0.00035123130817736,"5.0-5.1":0.0042147756981283,"6.0-6.1":0.0014049252327094,"7.0-7.1":0.0070246261635472,"8":0.059358091081974,"8.1-8.4":0.015102946251626,"9.0-9.2":0.011239401861676,"9.3":0.073407343409068,"10.0-10.2":0.051631002302072,"10.3":0.11028663076769,"11.0-11.2":0.16262009568612,"11.3-11.4":0.44746868661796,"12.0-12.1":2.5639885496947},"android":{"2.1":0,"2.2":0.0016617210179076,"2.3":0.049851630537229,"3":0.0016617210179076,"4":0.28747773609802,"4.1":0.11133530819981,"4.2-4.3":0.41709197549482,"4.4":0,"4.4.3-4.4.4":0.89400590763431,"67":null},"ie":{"5.5":0,"6":0,"7":0,"8":0.077073,"9":0.017516590909091,"10":0.017516590909091,"11":0.42740481818182},"edge":{"12":0.03351,"13":0.030159,"14":0.03351,"15":0.030159,"16":0.060318,"17":0.184305,"18":null},"op_mob":{"10":null,"11":null,"11.1":null,"11.5":null,"12":null,"12.1":null,"0":null},"samsung":{"4":1.5162086192171,"5":0.084757003558719,"6.2":0.075339558718861,"7.2":null},"ie_mob":{"10":0.064590285714286,"11":0.61360771428571},"bb":{"7":0.0691496,"10":0.2765984},"baidu":{"0":null},"and_ff":{"0":0.093086},"and_uc":{"0":1.609058},"and_qq":{"1.2":null},"op_mini":{"0":30.290787608247},"and_chr":{"0":30.15112}},"total":79.583115789742}