{"id":"NC","name":"New Caledonia","month":"2018-12","access_date":"2019-01-04","data":{"chrome":{"4":0,"5":0,"6":0,"7":0,"8":0,"9":0,"10":0,"11":0,"12":0,"13":0,"14":0,"15":0,"16":0,"17":0,"18":0,"19":0,"20":0,"21":0,"22":0,"23":0,"24":0,"25":0,"26":0.00772,"27":0,"28":0,"29":0,"30":0,"31":0,"32":0,"33":0.00772,"34":0.04632,"35":0,"36":0,"37":0,"38":0.04632,"39":0.00772,"40":0.01544,"41":0.01544,"42":0,"43":0.02316,"44":0.00772,"45":0.01544,"46":0.00772,"47":0,"48":0.01544,"49":0.64076,"50":0,"51":0.01544,"52":0.01544,"53":0.35512,"54":0.03088,"55":0.04632,"56":0.10808,"57":0.13896,"58":1.75244,"59":0.00772,"60":0.0386,"61":0.00772,"62":0.04632,"63":0.06948,"64":0.06176,"65":0.03088,"66":0.01544,"67":0.39372,"68":0.10036,"69":0.13896,"70":11.49508,"71":9.4184,"72":0.00772,"73":0,"74":0},"firefox":{"2":0,"3":0,"3.5":0.02316,"3.6":0,"4":0,"5":0,"6":0,"7":0,"8":0,"9":0,"10":0,"11":0,"12":0,"13":0,"14":0,"15":0,"16":0.06948,"17":0,"18":0,"19":0,"20":0,"21":0,"22":0,"23":0,"24":0,"25":0,"26":0,"27":0,"28":0,"29":0,"30":0,"31":0,"32":0,"33":0.00772,"34":0.00772,"35":0,"36":0,"37":0,"38":0.00772,"39":0,"40":0.01544,"41":0.00772,"42":0.00772,"43":0.00772,"44":0,"45":0.4632,"46":0,"47":0.01544,"48":0.40916,"49":0,"50":0,"51":0.02316,"52":0.32424,"53":0.3474,"54":0.00772,"55":0,"56":0.01544,"57":0.02316,"58":0,"59":0.01544,"60":0.16984,"61":0.1158,"62":0.0772,"63":5.66648,"64":4.67832,"65":0,"66":0},"opera":{"9":0,"9.5-9.6":0,"10.0-10.1":0,"10.5":0,"10.6":0,"11":0,"11.1":0,"11.5":0,"11.6":0,"12":0,"12.1":0,"15":0,"16":0,"17":0,"18":0,"19":0,"20":0,"21":0,"22":0,"23":0,"24":0,"25":0,"26":0,"27":0,"28":0,"29":0,"30":0,"31":0,"32":0.00772,"33":0,"34":0,"35":0,"36":0,"37":0,"38":0,"39":0,"40":0,"41":0,"42":0,"43":0,"44":0,"45":0.00772,"46":0,"47":0,"48":0,"49":0.00772,"50":0,"51":0,"52":0,"53":0,"54":0,"55":0,"56":0.44776,"57":0.10808},"safari":{"3.1":0,"3.2":0,"4":0.20072,"5":0.05404,"5.1":0.00772,"6":0.00772,"6.1":2.40092,"7":0,"7.1":0,"8":0.0386,"9":0.01544,"9.1":0.579,"10":0.01544,"10.1":0.36284,"11":0.37828,"11.1":0.93412,"12":2.6634,"0":null},"ios_saf":{"3.2":0.0032971674507056,"4.0-4.1":0.0016485837253528,"4.2-4.3":0.0016485837253528,"5.0-5.1":0.019783004704234,"6.0-6.1":0.0065943349014113,"7.0-7.1":0.032971674507056,"8":0.27861064958463,"8.1-8.4":0.070889100190171,"9.0-9.2":0.05275467921129,"9.3":0.34455399859874,"10.0-10.2":0.24234180762686,"10.3":0.51765528976078,"11.0-11.2":0.76329426483835,"11.3-11.4":2.1002956660995,"12.0-12.1":12.034661195076},"android":{"2.1":0,"2.2":0.00085123468426013,"2.3":0.025537040527804,"3":0.00085123468426013,"4":0.147263600377,"4.1":0.057032723845429,"4.2-4.3":0.21365990574929,"4.4":0,"4.4.3-4.4.4":0.45796426013195,"67":null},"ie":{"5.5":0,"6":0,"7":0,"8":0.01544,"9":0.01544,"10":0.0772,"11":1.45136},"edge":{"12":0.00772,"13":0.02316,"14":0.05404,"15":0.24704,"16":0.29336,"17":1.79876,"18":null},"op_mob":{"10":null,"11":null,"11.1":null,"11.5":null,"12":null,"12.1":null,"0":null},"samsung":{"4":0.73318873646209,"5":0.056399133574007,"6.2":0.075198844765343,"7.2":null},"ie_mob":{"10":0,"11":0.02964},"bb":{"7":0.000456,"10":0.001824},"baidu":{"0":null},"and_ff":{"0":0.14592},"and_uc":{"0":0.02964},"and_qq":{"1.2":null},"op_mini":{"0":0.038854020618557},"and_chr":{"0":24.5614}},"total":92.92560073542}