{"id":"NG","name":"Nigeria","month":"2018-12","access_date":"2019-01-04","data":{"chrome":{"4":0.008667,"5":0.002889,"6":0.002889,"7":0.002889,"8":0,"9":0.002889,"10":0.002889,"11":0.005778,"12":0.002889,"13":0.002889,"14":0.002889,"15":0.002889,"16":0,"17":0.002889,"18":0,"19":0.002889,"20":0,"21":0,"22":0.002889,"23":0.008667,"24":0,"25":0,"26":0.002889,"27":0.002889,"28":0.002889,"29":0.002889,"30":0.002889,"31":0.002889,"32":0,"33":0.002889,"34":0,"35":0,"36":0,"37":0.002889,"38":0.002889,"39":0,"40":0.014445,"41":0,"42":0,"43":0.008667,"44":0,"45":0,"46":0.002889,"47":0.020223,"48":0,"49":0.02889,"50":0.005778,"51":0.002889,"52":0,"53":0.002889,"54":0.002889,"55":0.011556,"56":0.008667,"57":0.005778,"58":0.043335,"59":0.005778,"60":0.014445,"61":0.014445,"62":0.026001,"63":0.054891,"64":0.023112,"65":0.049113,"66":0.020223,"67":0.043335,"68":0.040446,"69":0.095337,"70":1.739178,"71":1.499391,"72":0.011556,"73":0.008667,"74":0},"firefox":{"2":0,"3":0.005778,"3.5":0,"3.6":0.020223,"4":0.002889,"5":0.002889,"6":0,"7":0.002889,"8":0,"9":0,"10":0,"11":0.002889,"12":0,"13":0.002889,"14":0.002889,"15":0.005778,"16":0,"17":0,"18":0,"19":0.002889,"20":0,"21":0.002889,"22":0,"23":0,"24":0,"25":0,"26":0,"27":0,"28":0,"29":0,"30":0,"31":0,"32":0,"33":0,"34":0.002889,"35":0.002889,"36":0,"37":0.002889,"38":0.002889,"39":0,"40":0.002889,"41":0.002889,"42":0.002889,"43":0.049113,"44":0.005778,"45":0.005778,"46":0.008667,"47":0.031779,"48":0.011556,"49":0.014445,"50":0.008667,"51":0.005778,"52":0.034668,"53":0.011556,"54":0.005778,"55":0.005778,"56":0.02889,"57":0.017334,"58":0.014445,"59":0.014445,"60":0.026001,"61":0.031779,"62":0.052002,"63":0.49113,"64":0.407349,"65":0.040446,"66":0},"opera":{"9":0,"9.5-9.6":0,"10.0-10.1":0,"10.5":0,"10.6":0,"11":0.002889,"11.1":0,"11.5":0,"11.6":0,"12":0.002889,"12.1":0.286011,"15":0.005778,"16":0.008667,"17":0.002889,"18":0.002889,"19":0.017334,"20":0.046224,"21":0.005778,"22":0.002889,"23":0.080892,"24":0.132894,"25":0.011556,"26":0.112671,"27":0.234009,"28":0.161784,"29":0.049113,"30":0.20223,"31":0.069336,"32":0.245565,"33":0.153117,"34":0.005778,"35":0.072225,"36":0.031779,"37":0.049113,"38":0.104004,"39":0,"40":0,"41":0,"42":0.002889,"43":0.005778,"44":0.002889,"45":0.005778,"46":0.002889,"47":0.005778,"48":0.008667,"49":0.02889,"50":0,"51":0,"52":0,"53":0.002889,"54":0.002889,"55":0.002889,"56":0.213786,"57":0.083781},"safari":{"3.1":0,"3.2":0,"4":0,"5":0,"5.1":0,"6":0,"6.1":0,"7":0.002889,"7.1":0.005778,"8":0.002889,"9":0.002889,"9.1":0.002889,"10":0.005778,"10.1":0.008667,"11":0.020223,"11.1":0.020223,"12":0.078003,"0":null},"ios_saf":{"3.2":0.00076197417675908,"4.0-4.1":0.00038098708837954,"4.2-4.3":0.00038098708837954,"5.0-5.1":0.0045718450605545,"6.0-6.1":0.0015239483535182,"7.0-7.1":0.0076197417675908,"8":0.064386817936143,"8.1-8.4":0.01638244480032,"9.0-9.2":0.012191586828145,"9.3":0.079626301471324,"10.0-10.2":0.056005101991793,"10.3":0.11962994575118,"11.0-11.2":0.17639702191973,"11.3-11.4":0.48537755059554,"12.0-12.1":2.7812057451707},"android":{"2.1":0,"2.2":0.0011902818096136,"2.3":0.035708454288407,"3":0.0011902818096136,"4":0.20591875306315,"4.1":0.079748881244109,"4.2-4.3":0.29876073421301,"4.4":0,"4.4.3-4.4.4":0.6403716135721,"67":null},"ie":{"5.5":0,"6":0.0031931052631579,"7":0.0031931052631579,"8":0.044703473684211,"9":0.0095793157894737,"10":0.012772421052632,"11":0.10217936842105},"edge":{"12":0.017334,"13":0.011556,"14":0.017334,"15":0.017334,"16":0.023112,"17":0.11556,"18":null},"op_mob":{"10":null,"11":null,"11.1":null,"11.5":null,"12":null,"12.1":null,"0":null},"samsung":{"4":0.23817942857143,"5":0.069469,"6.2":0.049620714285714,"7.2":null},"ie_mob":{"10":0.070786772727273,"11":0.44831622727273},"bb":{"7":0.1151982,"10":0.4607928},"baidu":{"0":null},"and_ff":{"0":0.625768},"and_uc":{"0":5.447026},"and_qq":{"1.2":null},"op_mini":{"0":33.014882378007},"and_chr":{"0":32.538176}},"total":86.432590310338}