{"id":"NU","name":"Niue","month":"2018-12","access_date":"2019-01-04","data":{"chrome":{"4":0,"5":0,"6":0,"7":0,"8":0,"9":0,"10":0,"11":0,"12":0,"13":0,"14":0,"15":0,"16":0,"17":0,"18":0,"19":0,"20":0,"21":0,"22":0,"23":0,"24":0,"25":0,"26":0,"27":0,"28":0,"29":0,"30":0,"31":0,"32":0,"33":0,"34":0,"35":0,"36":0,"37":0,"38":0,"39":0,"40":0,"41":0,"42":0,"43":0,"44":0,"45":0,"46":0,"47":0,"48":0,"49":0.056727,"50":0,"51":0,"52":0.056727,"53":0.056727,"54":0,"55":0,"56":0,"57":0,"58":0,"59":0.056727,"60":0,"61":0,"62":0,"63":0,"64":0,"65":0,"66":0,"67":0,"68":0,"69":0,"70":14.251083,"71":11.780307,"72":0,"73":0,"74":0},"firefox":{"2":0,"3":0,"3.5":0,"3.6":0,"4":0,"5":0,"6":0,"7":0,"8":0,"9":0,"10":0,"11":0,"12":0,"13":0,"14":0,"15":0,"16":0,"17":0,"18":0,"19":0,"20":0,"21":0,"22":0,"23":0,"24":0,"25":0,"26":0,"27":0,"28":0,"29":0.163878,"30":0,"31":0,"32":0,"33":0,"34":0,"35":0,"36":0,"37":0,"38":0,"39":0,"40":0,"41":0,"42":0,"43":0,"44":0,"45":0,"46":0,"47":0,"48":0,"49":0,"50":0.214302,"51":0,"52":0,"53":0,"54":0,"55":0,"56":0,"57":0,"58":0,"59":0,"60":0,"61":0,"62":0,"63":0.913935,"64":0.37818,"65":0,"66":0},"opera":{"9":0,"9.5-9.6":0,"10.0-10.1":0,"10.5":0,"10.6":0,"11":0,"11.1":0,"11.5":0,"11.6":0,"12":0,"12.1":0,"15":0,"16":0,"17":0,"18":0,"19":0,"20":0,"21":0,"22":0,"23":0,"24":0,"25":0,"26":0,"27":0,"28":0,"29":0,"30":0,"31":0,"32":0,"33":0,"34":0,"35":0,"36":0,"37":0,"38":0,"39":0,"40":0,"41":0,"42":0,"43":0,"44":0,"45":0,"46":0,"47":0,"48":0,"49":0,"50":0,"51":0,"52":0,"53":0,"54":0,"55":0,"56":0,"57":0},"safari":{"3.1":0,"3.2":0,"4":0,"5":0,"5.1":0,"6":0,"6.1":0,"7":0,"7.1":0,"8":0,"9":0,"9.1":0.107151,"10":0,"10.1":0,"11":0.271029,"11.1":0,"12":0.699633,"0":null},"ios_saf":{"3.2":0.0020592295065559,"4.0-4.1":0.001029614753278,"4.2-4.3":0.001029614753278,"5.0-5.1":0.012355377039335,"6.0-6.1":0.0041184590131118,"7.0-7.1":0.020592295065559,"8":0.17400489330397,"8.1-8.4":0.044273434390952,"9.0-9.2":0.032947672104894,"9.3":0.21518948343509,"10.0-10.2":0.15135336873186,"10.3":0.32329903252928,"11.0-11.2":0.47671163076769,"11.3-11.4":1.3117291956761,"12.0-12.1":7.516187698929},"android":{"2.1":0,"2.2":0.0019247615457116,"2.3":0.057742846371348,"3":0.0019247615457116,"4":0.33298374740811,"4.1":0.12895902356268,"4.2-4.3":0.48311514797361,"4.4":0,"4.4.3-4.4.4":1.0355217115928,"67":null},"ie":{"5.5":0,"6":0,"7":0,"8":0.107151,"9":0.271029,"10":0,"11":0.37818},"edge":{"12":0.107151,"13":0,"14":0,"15":0.163878,"16":0.056727,"17":0.863511,"18":null},"op_mob":{"10":null,"11":null,"11.1":null,"11.5":null,"12":null,"12.1":null,"0":null},"samsung":{"4":0.087825244186047,"5":0,"6.2":0,"7.2":null},"ie_mob":{"10":0,"11":0},"bb":{"7":0,"10":0},"baidu":{"0":null},"and_ff":{"0":0},"and_uc":{"0":0},"and_qq":{"1.2":null},"op_mini":{"0":0},"and_chr":{"0":55.373455}},"total":98.744366244186}