{"id":"OM","name":"Oman","month":"2018-12","access_date":"2019-01-04","data":{"chrome":{"4":0,"5":0,"6":0,"7":0,"8":0,"9":0,"10":0,"11":0.030728,"12":0,"13":0,"14":0,"15":0,"16":0,"17":0,"18":0,"19":0,"20":0,"21":0,"22":0.003841,"23":0,"24":0,"25":0.003841,"26":0,"27":0,"28":0,"29":0.003841,"30":0.003841,"31":0.003841,"32":0.003841,"33":0.003841,"34":0.007682,"35":0,"36":0,"37":0.003841,"38":0.023046,"39":0.003841,"40":0.003841,"41":0.003841,"42":0,"43":0.011523,"44":0.003841,"45":0.003841,"46":0.003841,"47":0.003841,"48":0.003841,"49":0.145958,"50":0.003841,"51":0.003841,"52":0.007682,"53":0.003841,"54":0.003841,"55":0.011523,"56":0.019205,"57":0.034569,"58":0.19205,"59":0.007682,"60":0.007682,"61":0.007682,"62":0.011523,"63":0.030728,"64":0.011523,"65":0.046092,"66":0.023046,"67":0.061456,"68":0.030728,"69":0.053774,"70":3.487628,"71":3.948548,"72":0.030728,"73":0.011523,"74":0},"firefox":{"2":0,"3":0,"3.5":0,"3.6":0,"4":0,"5":0,"6":0,"7":0,"8":0,"9":0,"10":0,"11":0,"12":0,"13":0,"14":0,"15":0,"16":0,"17":0,"18":0,"19":0,"20":0,"21":0,"22":0,"23":0,"24":0,"25":0,"26":0,"27":0,"28":0,"29":0,"30":0,"31":0,"32":0,"33":0,"34":0,"35":0,"36":0,"37":0.003841,"38":0,"39":0,"40":0,"41":0,"42":0,"43":0.003841,"44":0,"45":0.003841,"46":0.003841,"47":0.007682,"48":0.019205,"49":0.003841,"50":0,"51":0.003841,"52":0.023046,"53":0.03841,"54":0.003841,"55":0,"56":0.003841,"57":0.011523,"58":0.003841,"59":0.003841,"60":0.007682,"61":0.007682,"62":0.007682,"63":0.330326,"64":0.376418,"65":0.015364,"66":0},"opera":{"9":0,"9.5-9.6":0,"10.0-10.1":0,"10.5":0,"10.6":0,"11":0,"11.1":0,"11.5":0,"11.6":0,"12":0,"12.1":0,"15":0,"16":0,"17":0,"18":0,"19":0,"20":0,"21":0,"22":0,"23":0,"24":0,"25":0,"26":0,"27":0,"28":0,"29":0,"30":0,"31":0,"32":0,"33":0,"34":0,"35":0,"36":0,"37":0.015364,"38":0.007682,"39":0,"40":0,"41":0,"42":0,"43":0,"44":0,"45":0.003841,"46":0,"47":0,"48":0.007682,"49":0.042251,"50":0,"51":0,"52":0,"53":0,"54":0,"55":0,"56":0.15364,"57":0.061456},"safari":{"3.1":0,"3.2":0,"4":0,"5":0.003841,"5.1":0,"6":0,"6.1":0,"7":0.003841,"7.1":0,"8":0.007682,"9":0.015364,"9.1":0.030728,"10":0.023046,"10.1":0.107548,"11":0.053774,"11.1":0.176686,"12":0.514694,"0":null},"ios_saf":{"3.2":0.0022975944349915,"4.0-4.1":0.0011487972174957,"4.2-4.3":0.0011487972174957,"5.0-5.1":0.013785566609949,"6.0-6.1":0.004595188869983,"7.0-7.1":0.022975944349915,"8":0.19414672975678,"8.1-8.4":0.049398280352317,"9.0-9.2":0.036761510959864,"9.3":0.24009861845661,"10.0-10.2":0.16887319097187,"10.3":0.36072232629366,"11.0-11.2":0.53189311170053,"11.3-11.4":1.4635676550896,"12.0-12.1":8.3862196877189},"android":{"2.1":0,"2.2":0.0012369952874647,"2.3":0.03710985862394,"3":0.0012369952874647,"4":0.21400018473139,"4.1":0.082878684260132,"4.2-4.3":0.31048581715363,"4.4":0,"4.4.3-4.4.4":0.66550346465598,"67":null},"ie":{"5.5":0,"6":0,"7":0,"8":0.03841,"9":0.026887,"10":0.034569,"11":1.751496},"edge":{"12":0.023046,"13":0.023046,"14":0.026887,"15":0.034569,"16":0.072979,"17":0.507012,"18":null},"op_mob":{"10":null,"11":null,"11.1":null,"11.5":null,"12":null,"12.1":null,"0":null},"samsung":{"4":1.712350858006,"5":0.1731590755287,"6.2":0.31745830513595,"7.2":null},"ie_mob":{"10":0.0098544,"11":0.0394176},"bb":{"7":0.0024636,"10":0.0098544},"baidu":{"0":null},"and_ff":{"0":0.117021},"and_uc":{"0":1.29339},"and_qq":{"1.2":null},"op_mini":{"0":0.44315169072165},"and_chr":{"0":62.221216}},"total":92.112001929392}