{"id":"PE","name":"Peru","month":"2018-12","access_date":"2019-01-04","data":{"chrome":{"4":0,"5":0,"6":0,"7":0,"8":0,"9":0,"10":0,"11":0.007638,"12":0,"13":0,"14":0,"15":0,"16":0,"17":0,"18":0,"19":0,"20":0,"21":0,"22":0.03819,"23":0,"24":0,"25":0.007638,"26":0.030552,"27":0,"28":0,"29":0.15276,"30":0,"31":0.007638,"32":0,"33":0.007638,"34":0.053466,"35":0,"36":0.007638,"37":0,"38":0.22914,"39":0.297882,"40":0.007638,"41":0.015276,"42":0.007638,"43":0.007638,"44":0.015276,"45":0.015276,"46":0.022914,"47":0.007638,"48":0.015276,"49":0.595764,"50":0.007638,"51":0.030552,"52":0.022914,"53":0.061104,"54":0.022914,"55":0.053466,"56":0.091656,"57":0.091656,"58":1.229718,"59":0.03819,"60":0.053466,"61":0.106932,"62":0.091656,"63":0.221502,"64":0.145122,"65":0.19095,"66":0.160398,"67":0.328434,"68":0.397176,"69":0.427728,"70":21.745386,"71":20.576772,"72":0.022914,"73":0.015276,"74":0},"firefox":{"2":0,"3":0,"3.5":0,"3.6":0.007638,"4":0,"5":0,"6":0,"7":0,"8":0,"9":0,"10":0,"11":0,"12":0,"13":0,"14":0,"15":0,"16":0,"17":0,"18":0,"19":0,"20":0,"21":0,"22":0,"23":0,"24":0,"25":0,"26":0,"27":0.007638,"28":0,"29":0.045828,"30":0,"31":0,"32":0,"33":0,"34":0.007638,"35":0,"36":0,"37":0,"38":0,"39":0,"40":0,"41":0.007638,"42":0,"43":0.007638,"44":0,"45":0.015276,"46":0,"47":0.015276,"48":0.030552,"49":0.007638,"50":0,"51":0.007638,"52":0.084018,"53":0.221502,"54":0.007638,"55":0.007638,"56":0.022914,"57":0.022914,"58":0.030552,"59":0.022914,"60":0.030552,"61":0.022914,"62":0.030552,"63":0.748524,"64":0.756162,"65":0.015276,"66":0},"opera":{"9":0,"9.5-9.6":0,"10.0-10.1":0,"10.5":0,"10.6":0,"11":0,"11.1":0,"11.5":0,"11.6":0,"12":0,"12.1":0.007638,"15":0,"16":0,"17":0,"18":0,"19":0,"20":0,"21":0,"22":0,"23":0,"24":0,"25":0,"26":0,"27":0,"28":0,"29":0,"30":0,"31":0,"32":0,"33":0,"34":0,"35":0,"36":0.015276,"37":0,"38":0,"39":0,"40":0,"41":0,"42":0,"43":0,"44":0,"45":0.007638,"46":0,"47":0,"48":0.015276,"49":0.015276,"50":0.007638,"51":0.015276,"52":0,"53":0,"54":0,"55":0,"56":0.53466,"57":0.221502},"safari":{"3.1":0,"3.2":0,"4":0,"5":0,"5.1":0,"6":0.007638,"6.1":0,"7":0,"7.1":0,"8":0.106932,"9":0.084018,"9.1":0.030552,"10":0.015276,"10.1":0.07638,"11":0.068742,"11.1":0.198588,"12":0.717972,"0":null},"ios_saf":{"3.2":0.00081438094284856,"4.0-4.1":0.00040719047142428,"4.2-4.3":0.00040719047142428,"5.0-5.1":0.0048862856570914,"6.0-6.1":0.0016287618856971,"7.0-7.1":0.0081438094284856,"8":0.068815189670704,"8.1-8.4":0.017509190271244,"9.0-9.2":0.013030095085577,"9.3":0.085102808527675,"10.0-10.2":0.059856999299369,"10.3":0.12785780802722,"11.0-11.2":0.18852918826944,"11.3-11.4":0.51876066059454,"12.0-12.1":2.9724904413973},"android":{"2.1":0,"2.2":0.00076088972667295,"2.3":0.022826691800189,"3":0.00076088972667295,"4":0.13163392271442,"4.1":0.050979611687088,"4.2-4.3":0.19098332139491,"4.4":0,"4.4.3-4.4.4":0.40935867295005,"67":null},"ie":{"5.5":0,"6":0,"7":0,"8":0.078177176470588,"9":0.023453152941176,"10":0.054724023529412,"11":0.50815164705882},"edge":{"12":0.030552,"13":0.022914,"14":0.053466,"15":0.053466,"16":0.068742,"17":0.504108,"18":null},"op_mob":{"10":null,"11":null,"11.1":null,"11.5":null,"12":null,"12.1":null,"0":null},"samsung":{"4":0.57828673170732,"5":0.036716617886179,"6.2":0.036716617886179,"7.2":null},"ie_mob":{"10":0.010901538461538,"11":0.13081846153846},"bb":{"7":0.0009448,"10":0.0037792},"baidu":{"0":null},"and_ff":{"0":0.056688},"and_uc":{"0":0.068498},"and_qq":{"1.2":null},"op_mini":{"0":0.31083027147766},"and_chr":{"0":38.046596}},"total":97.568854238957}