{"id":"PL","name":"Poland","month":"2018-12","access_date":"2019-01-04","data":{"chrome":{"4":0,"5":0,"6":0,"7":0,"8":0,"9":0,"10":0,"11":0.004683,"12":0,"13":0,"14":0,"15":0,"16":0,"17":0,"18":0,"19":0,"20":0,"21":0,"22":0.009366,"23":0,"24":0,"25":0,"26":0.009366,"27":0,"28":0,"29":0.032781,"30":0,"31":0.004683,"32":0,"33":0.009366,"34":0.04683,"35":0.004683,"36":0.004683,"37":0.004683,"38":0.014049,"39":0.009366,"40":0.014049,"41":0.014049,"42":0.004683,"43":0.009366,"44":0.009366,"45":0.018732,"46":0.037464,"47":0.004683,"48":0.018732,"49":0.440202,"50":0.004683,"51":0.018732,"52":0.028098,"53":0.023415,"54":0.023415,"55":0.051513,"56":0.112392,"57":0.135807,"58":1.952811,"59":0.018732,"60":0.028098,"61":0.04683,"62":0.018732,"63":0.04683,"64":0.037464,"65":0.023415,"66":0.028098,"67":0.051513,"68":0.107709,"69":0.09366,"70":3.985233,"71":4.476948,"72":0.009366,"73":0.014049,"74":0},"firefox":{"2":0,"3":0,"3.5":0,"3.6":0,"4":0,"5":0,"6":0,"7":0,"8":0,"9":0,"10":0,"11":0,"12":0,"13":0,"14":0,"15":0,"16":0,"17":0,"18":0,"19":0,"20":0,"21":0,"22":0,"23":0,"24":0,"25":0,"26":0,"27":0,"28":0,"29":0,"30":0,"31":0,"32":0,"33":0,"34":0,"35":0,"36":0,"37":0,"38":0.004683,"39":0,"40":0.004683,"41":0.004683,"42":0,"43":0.004683,"44":0,"45":0.009366,"46":0,"47":0.018732,"48":0.018732,"49":0.009366,"50":0.004683,"51":0.004683,"52":0.224784,"53":0.379323,"54":0.009366,"55":0.004683,"56":0.018732,"57":0.014049,"58":0.009366,"59":0.009366,"60":0.04683,"61":0.028098,"62":0.037464,"63":1.344021,"64":1.418949,"65":0.009366,"66":0},"opera":{"9":0,"9.5-9.6":0,"10.0-10.1":0,"10.5":0,"10.6":0,"11":0,"11.1":0,"11.5":0,"11.6":0,"12":0,"12.1":0.009366,"15":0,"16":0,"17":0,"18":0,"19":0,"20":0,"21":0,"22":0,"23":0,"24":0,"25":0,"26":0,"27":0,"28":0,"29":0,"30":0,"31":0,"32":0.004683,"33":0.004683,"34":0,"35":0,"36":0.042147,"37":0.004683,"38":0.009366,"39":0,"40":0,"41":0,"42":0,"43":0,"44":0,"45":0.014049,"46":0,"47":0,"48":0.004683,"49":0.037464,"50":0,"51":0,"52":0,"53":0.004683,"54":0.004683,"55":0.023415,"56":0.84294,"57":0.430836},"safari":{"3.1":0,"3.2":0,"4":0,"5":0,"5.1":0,"6":0,"6.1":0,"7":0,"7.1":0,"8":0,"9":0,"9.1":0.004683,"10":0.004683,"10.1":0.018732,"11":0.014049,"11.1":0.04683,"12":0.252882,"0":null},"ios_saf":{"3.2":0.00046506115503954,"4.0-4.1":0.00023253057751977,"4.2-4.3":0.00023253057751977,"5.0-5.1":0.0027903669302372,"6.0-6.1":0.00093012231007907,"7.0-7.1":0.0046506115503954,"8":0.039297667600841,"8.1-8.4":0.00999881483335,"9.0-9.2":0.0074409784806326,"9.3":0.048598890701631,"10.0-10.2":0.034181994895406,"10.3":0.073014601341207,"11.0-11.2":0.10766165739165,"11.3-11.4":0.29624395576018,"12.0-12.1":1.6974732158943},"android":{"2.1":0,"2.2":0.0016945296889727,"2.3":0.05083589066918,"3":0.0016945296889727,"4":0.29315363619227,"4.1":0.11353348916117,"4.2-4.3":0.42532695193214,"4.4":0,"4.4.3-4.4.4":0.9116569726673,"67":null},"ie":{"5.5":0,"6":0,"7":0,"8":0.014049,"9":0.009366,"10":0.009366,"11":0.341859},"edge":{"12":0.009366,"13":0.014049,"14":0.070245,"15":0.079611,"16":0.04683,"17":0.454251,"18":null},"op_mob":{"10":null,"11":null,"11.1":null,"11.5":null,"12":null,"12.1":null,"0":null},"samsung":{"4":0.79278956792873,"5":0.15100753674833,"6.2":0.20763536302895,"7.2":null},"ie_mob":{"10":0.010757651162791,"11":0.45182134883721},"bb":{"7":0.0031902,"10":0.0127608},"baidu":{"0":null},"and_ff":{"0":0.186095},"and_uc":{"0":0.037219},"and_qq":{"1.2":null},"op_mini":{"0":0.69969710137457},"and_chr":{"0":68.449515}},"total":93.654228569081}