{"id":"PT","name":"Portugal","month":"2018-12","access_date":"2019-01-04","data":{"chrome":{"4":0,"5":0,"6":0,"7":0,"8":0,"9":0,"10":0,"11":0.007764,"12":0,"13":0,"14":0,"15":0,"16":0,"17":0,"18":0,"19":0,"20":0,"21":0,"22":0.015528,"23":0,"24":0,"25":0,"26":0.007764,"27":0,"28":0,"29":0,"30":0,"31":0,"32":0,"33":0,"34":0.023292,"35":0.007764,"36":0.007764,"37":0.007764,"38":0.03882,"39":0.023292,"40":0.007764,"41":0.015528,"42":0,"43":0.07764,"44":0.007764,"45":0.007764,"46":0.007764,"47":0.007764,"48":0.007764,"49":0.830748,"50":0.007764,"51":0.007764,"52":0.023292,"53":0.03882,"54":0.046584,"55":0.054348,"56":0.046584,"57":0.03882,"58":0.496896,"59":0.015528,"60":0.03882,"61":0.054348,"62":0.062112,"63":0.093168,"64":0.085404,"65":0.124224,"66":0.100932,"67":0.23292,"68":0.256212,"69":0.279504,"70":19.534224,"71":18.09012,"72":0.054348,"73":0.015528,"74":0},"firefox":{"2":0,"3":0,"3.5":0,"3.6":0.007764,"4":0,"5":0,"6":0,"7":0,"8":0,"9":0,"10":0,"11":0,"12":0,"13":0,"14":0,"15":0,"16":0,"17":0,"18":0,"19":0,"20":0,"21":0,"22":0,"23":0,"24":0,"25":0,"26":0,"27":0,"28":0,"29":0,"30":0,"31":0,"32":0,"33":0,"34":0,"35":0,"36":0,"37":0.007764,"38":0.007764,"39":0,"40":0,"41":0,"42":0,"43":0.007764,"44":0,"45":0.007764,"46":0,"47":0.023292,"48":0.085404,"49":0.007764,"50":0.007764,"51":0.007764,"52":0.170808,"53":0.093168,"54":0.015528,"55":0.007764,"56":0.023292,"57":0.023292,"58":0.007764,"59":0.023292,"60":0.108696,"61":0.03882,"62":0.046584,"63":2.1351,"64":2.026404,"65":0.015528,"66":0},"opera":{"9":0,"9.5-9.6":0,"10.0-10.1":0,"10.5":0,"10.6":0,"11":0,"11.1":0,"11.5":0,"11.6":0,"12":0,"12.1":0,"15":0,"16":0,"17":0,"18":0,"19":0,"20":0,"21":0,"22":0,"23":0,"24":0,"25":0,"26":0,"27":0,"28":0,"29":0,"30":0,"31":0,"32":0,"33":0,"34":0,"35":0,"36":0.023292,"37":0.007764,"38":0,"39":0,"40":0,"41":0,"42":0,"43":0,"44":0,"45":0,"46":0,"47":0,"48":0,"49":0.015528,"50":0,"51":0,"52":0.007764,"53":0,"54":0,"55":0,"56":0.722052,"57":0.333852},"safari":{"3.1":0,"3.2":0,"4":0,"5":0.007764,"5.1":0.007764,"6":0,"6.1":0.007764,"7":0,"7.1":0,"8":0.007764,"9":0.007764,"9.1":0.07764,"10":0.03882,"10.1":0.1941,"11":0.11646,"11.1":0.481368,"12":2.492244,"0":null},"ios_saf":{"3.2":0.0022534240816735,"4.0-4.1":0.0011267120408368,"4.2-4.3":0.0011267120408368,"5.0-5.1":0.013520544490041,"6.0-6.1":0.004506848163347,"7.0-7.1":0.022534240816735,"8":0.19041433490141,"8.1-8.4":0.04844861775598,"9.0-9.2":0.036054785306776,"9.3":0.23548281653488,"10.0-10.2":0.165626670003,"10.3":0.35378758082274,"11.0-11.2":0.52166767490742,"11.3-11.4":1.435431140026,"12.0-12.1":8.2249978981083},"android":{"2.1":0,"2.2":0.00050210367577757,"2.3":0.015063110273327,"3":0.00050210367577757,"4":0.086863935909519,"4.1":0.033640946277097,"4.2-4.3":0.12602802262017,"4.4":0,"4.4.3-4.4.4":0.27013177756833,"67":null},"ie":{"5.5":0,"6":0,"7":0,"8":0.054867248407643,"9":0.054867248407643,"10":0.031352713375796,"11":2.3201007898089},"edge":{"12":0.007764,"13":0.015528,"14":0.062112,"15":0.085404,"16":0.124224,"17":2.049696,"18":null},"op_mob":{"10":null,"11":null,"11.1":null,"11.5":null,"12":null,"12.1":null,"0":null},"samsung":{"4":0.1647534953271,"5":0.018305943925234,"6.2":0.036611887850467,"7.2":null},"ie_mob":{"10":0,"11":0.058136},"bb":{"7":0.0013416,"10":0.0053664},"baidu":{"0":null},"and_ff":{"0":0.102856},"and_uc":{"0":0.339872},"and_qq":{"1.2":null},"op_mini":{"0":0.12278021993127},"and_chr":{"0":29.42764}},"total":97.238359547034}