{"id":"PW","name":"Palau","month":"2018-12","access_date":"2019-01-04","data":{"chrome":{"4":0,"5":0,"6":0,"7":0,"8":0,"9":0,"10":0,"11":0,"12":0,"13":0,"14":0,"15":0,"16":0,"17":0,"18":0,"19":0,"20":0,"21":0,"22":0,"23":0,"24":0,"25":0,"26":0.005693,"27":0,"28":0.005693,"29":0,"30":0,"31":0.005693,"32":0,"33":0.039851,"34":0.051237,"35":0,"36":0,"37":0.005693,"38":0,"39":0.017079,"40":0.011386,"41":0.028465,"42":0.005693,"43":0,"44":0.005693,"45":0.039851,"46":0.017079,"47":0.017079,"48":0.022772,"49":0.387124,"50":0.005693,"51":0.022772,"52":0.034158,"53":0.034158,"54":0.022772,"55":0.085395,"56":0.125246,"57":0.210641,"58":2.800956,"59":0.005693,"60":0.045544,"61":0.005693,"62":0.022772,"63":0.045544,"64":0.05693,"65":0.017079,"66":0.028465,"67":0.244799,"68":0.176483,"69":0.039851,"70":8.180841,"71":9.330827,"72":0,"73":0,"74":0},"firefox":{"2":0,"3":0,"3.5":0,"3.6":0,"4":0,"5":0,"6":0,"7":0,"8":0,"9":0,"10":0,"11":0,"12":0,"13":0,"14":0,"15":0,"16":0,"17":0,"18":0,"19":0,"20":0,"21":0,"22":0,"23":0,"24":0,"25":0,"26":0,"27":0,"28":0,"29":0,"30":0,"31":0,"32":0,"33":0,"34":0,"35":0,"36":0,"37":0,"38":0,"39":0,"40":0,"41":0,"42":0,"43":0,"44":0,"45":0.005693,"46":0,"47":0.005693,"48":0,"49":0,"50":0,"51":0,"52":0.051237,"53":0.500984,"54":0.005693,"55":0,"56":0.005693,"57":0,"58":0,"59":0,"60":0.005693,"61":0.005693,"62":0.005693,"63":0.307422,"64":0.39851,"65":0.017079,"66":0},"opera":{"9":0,"9.5-9.6":0,"10.0-10.1":0,"10.5":0,"10.6":0,"11":0,"11.1":0,"11.5":0,"11.6":0,"12":0,"12.1":0.005693,"15":0,"16":0,"17":0,"18":0,"19":0,"20":0,"21":0.005693,"22":0,"23":0,"24":0,"25":0,"26":0,"27":0,"28":0,"29":0,"30":0,"31":0,"32":0,"33":0,"34":0,"35":0,"36":0,"37":0.062623,"38":0,"39":0,"40":0,"41":0,"42":0,"43":0,"44":0,"45":0.017079,"46":0,"47":0,"48":0,"49":0.005693,"50":0,"51":0,"52":0,"53":0,"54":0,"55":0,"56":0.085395,"57":0.017079},"safari":{"3.1":0,"3.2":0,"4":0,"5":0,"5.1":0,"6":0.028465,"6.1":0,"7":0,"7.1":0,"8":0,"9":0,"9.1":0.005693,"10":0,"10.1":0.096781,"11":0.045544,"11.1":0.159404,"12":0.34158,"0":null},"ios_saf":{"3.2":0.0019545276749074,"4.0-4.1":0.00097726383745371,"4.2-4.3":0.00097726383745371,"5.0-5.1":0.011727166049445,"6.0-6.1":0.0039090553498148,"7.0-7.1":0.019545276749074,"8":0.16515758852968,"8.1-8.4":0.042022345010509,"9.0-9.2":0.031272442798519,"9.3":0.20424814202783,"10.0-10.2":0.1436577841057,"10.3":0.30686084496046,"11.0-11.2":0.45247315674107,"11.3-11.4":1.245034128916,"12.0-12.1":7.1340260134121},"android":{"2.1":0,"2.2":0.0010608331762488,"2.3":0.031824995287465,"3":0.0010608331762488,"4":0.18352413949105,"4.1":0.071075822808671,"4.2-4.3":0.26626912723845,"4.4":0,"4.4.3-4.4.4":0.57072824882187,"67":null},"ie":{"5.5":0,"6":0,"7":0,"8":0.022772,"9":0.005693,"10":0,"11":0.62623},"edge":{"12":0.005693,"13":0.017079,"14":0.028465,"15":0.062623,"16":0.153711,"17":0.757169,"18":null},"op_mob":{"10":null,"11":null,"11.1":null,"11.5":null,"12":null,"12.1":null,"0":null},"samsung":{"4":0.44836372762646,"5":0.04575140077821,"6.2":0.13725420233463,"7.2":null},"ie_mob":{"10":0,"11":0.017228},"bb":{"7":0.012921,"10":0.051684},"baidu":{"0":null},"and_ff":{"0":0.038763},"and_uc":{"0":0.633129},"and_qq":{"1.2":null},"op_mini":{"0":0.44037964948454},"and_chr":{"0":56.929864}},"total":95.724357980224}