{"id":"PY","name":"Paraguay","month":"2018-12","access_date":"2019-01-04","data":{"chrome":{"4":0,"5":0,"6":0,"7":0,"8":0,"9":0,"10":0,"11":0.004091,"12":0,"13":0,"14":0,"15":0,"16":0,"17":0,"18":0,"19":0,"20":0,"21":0,"22":0,"23":0,"24":0,"25":0,"26":0,"27":0,"28":0,"29":0,"30":0,"31":0.020455,"32":0,"33":0.004091,"34":0.008182,"35":0,"36":0.004091,"37":0.004091,"38":0.004091,"39":0,"40":0,"41":0.004091,"42":0,"43":0,"44":0.004091,"45":0.004091,"46":0.004091,"47":0.004091,"48":0.004091,"49":0.135003,"50":0.004091,"51":0.008182,"52":0.008182,"53":0.004091,"54":0.004091,"55":0.012273,"56":0.024546,"57":0.028637,"58":0.376372,"59":0.004091,"60":0.016364,"61":0.008182,"62":0.008182,"63":0.032728,"64":0.016364,"65":0.028637,"66":0.032728,"67":0.065456,"68":0.073638,"69":0.098184,"70":5.252844,"71":5.207843,"72":0.008182,"73":0,"74":0},"firefox":{"2":0,"3":0,"3.5":0,"3.6":0,"4":0,"5":0,"6":0,"7":0,"8":0,"9":0,"10":0,"11":0,"12":0,"13":0,"14":0,"15":0,"16":0,"17":0.004091,"18":0,"19":0,"20":0,"21":0,"22":0,"23":0,"24":0.008182,"25":0,"26":0,"27":0,"28":0,"29":0,"30":0,"31":0,"32":0.004091,"33":0,"34":0,"35":0.004091,"36":0,"37":0,"38":0,"39":0,"40":0,"41":0,"42":0,"43":0.008182,"44":0.004091,"45":0.004091,"46":0,"47":0.008182,"48":0.008182,"49":0.004091,"50":0.004091,"51":0.004091,"52":0.090002,"53":0.073638,"54":0.004091,"55":0.004091,"56":0.008182,"57":0.016364,"58":0.004091,"59":0.008182,"60":0.016364,"61":0.012273,"62":0.020455,"63":0.4091,"64":0.384554,"65":0.004091,"66":0},"opera":{"9":0,"9.5-9.6":0,"10.0-10.1":0,"10.5":0,"10.6":0,"11":0,"11.1":0,"11.5":0,"11.6":0,"12":0,"12.1":0.004091,"15":0,"16":0,"17":0.004091,"18":0,"19":0,"20":0,"21":0,"22":0,"23":0,"24":0,"25":0,"26":0,"27":0,"28":0,"29":0.004091,"30":0,"31":0,"32":0,"33":0.004091,"34":0,"35":0,"36":0,"37":0,"38":0,"39":0,"40":0,"41":0,"42":0,"43":0,"44":0,"45":0,"46":0,"47":0,"48":0,"49":0.012273,"50":0,"51":0,"52":0,"53":0,"54":0,"55":0,"56":0.171822,"57":0.069547},"safari":{"3.1":0,"3.2":0,"4":0,"5":0,"5.1":0,"6":0,"6.1":0,"7":0,"7.1":0.012273,"8":0,"9":0.233187,"9.1":0.012273,"10":0,"10.1":0.032728,"11":0.024546,"11.1":0.057274,"12":0.261824,"0":null},"ios_saf":{"3.2":0.0007728751876689,"4.0-4.1":0.00038643759383445,"4.2-4.3":0.00038643759383445,"5.0-5.1":0.0046372511260134,"6.0-6.1":0.0015457503753378,"7.0-7.1":0.007728751876689,"8":0.065307953358022,"8.1-8.4":0.016616816534881,"9.0-9.2":0.012366003002702,"9.3":0.0807654571114,"10.0-10.2":0.056806326293664,"10.3":0.12134140446402,"11.0-11.2":0.17892060594535,"11.3-11.4":0.49232149454509,"12.0-12.1":2.8209944349915},"android":{"2.1":0,"2.2":0.0014214684260132,"2.3":0.042644052780396,"3":0.0014214684260132,"4":0.24591403770028,"4.1":0.095238384542884,"4.2-4.3":0.35678857492931,"4.4":0,"4.4.3-4.4.4":0.7647500131951,"67":null},"ie":{"5.5":0,"6":0,"7":0,"8":0.020455,"9":0.012273,"10":0.004091,"11":0.110457},"edge":{"12":0.004091,"13":0.008182,"14":0.016364,"15":0.012273,"16":0.024546,"17":0.155458,"18":null},"op_mob":{"10":null,"11":null,"11.1":null,"11.5":null,"12":null,"12.1":null,"0":null},"samsung":{"4":1.9683358108108,"5":0.25210212355212,"6.2":0.3005833011583,"7.2":null},"ie_mob":{"10":0.011079375,"11":0.077555625},"bb":{"7":0.0011818,"10":0.0047272},"baidu":{"0":null},"and_ff":{"0":0.05909},"and_uc":{"0":0.189088},"and_qq":{"1.2":null},"op_mini":{"0":0.71047095017182},"and_chr":{"0":71.793831}},"total":94.662885185693}