{"id":"RS","name":"Serbia","month":"2018-12","access_date":"2019-01-04","data":{"chrome":{"4":0,"5":0,"6":0,"7":0,"8":0,"9":0,"10":0,"11":0.006029,"12":0,"13":0,"14":0,"15":0,"16":0,"17":0,"18":0,"19":0,"20":0,"21":0,"22":0.018087,"23":0,"24":0,"25":0.006029,"26":0.018087,"27":0,"28":0,"29":0.006029,"30":0,"31":0.006029,"32":0.006029,"33":0.012058,"34":0.030145,"35":0.006029,"36":0.006029,"37":0.006029,"38":0.030145,"39":0.006029,"40":0.006029,"41":0.006029,"42":0,"43":0.024116,"44":0.006029,"45":0.006029,"46":0.024116,"47":0.006029,"48":0.018087,"49":1.061104,"50":0.012058,"51":0.012058,"52":0.012058,"53":0.018087,"54":0.012058,"55":0.024116,"56":0.036174,"57":0.036174,"58":0.512465,"59":0.012058,"60":0.024116,"61":0.114551,"62":0.048232,"63":0.096464,"64":0.054261,"65":0.090435,"66":0.06029,"67":0.126609,"68":0.138667,"69":0.192928,"70":9.622284,"71":10.30959,"72":0.048232,"73":0.018087,"74":0},"firefox":{"2":0.006029,"3":0.006029,"3.5":0,"3.6":0.006029,"4":0,"5":0,"6":0,"7":0,"8":0,"9":0,"10":0,"11":0,"12":0.006029,"13":0,"14":0,"15":0,"16":0,"17":0,"18":0,"19":0,"20":0,"21":0,"22":0,"23":0,"24":0,"25":0,"26":0,"27":0,"28":0,"29":0,"30":0,"31":0,"32":0,"33":0,"34":0.006029,"35":0.006029,"36":0.006029,"37":0,"38":0.012058,"39":0.006029,"40":0.006029,"41":0.006029,"42":0.006029,"43":0.024116,"44":0.006029,"45":0.012058,"46":0,"47":0.042203,"48":0.06029,"49":0.054261,"50":0.042203,"51":0.018087,"52":0.488349,"53":0.090435,"54":0.012058,"55":0.012058,"56":0.078377,"57":0.030145,"58":0.024116,"59":0.06029,"60":0.072348,"61":0.048232,"62":0.06029,"63":2.098092,"64":2.435716,"65":0.048232,"66":0},"opera":{"9":0,"9.5-9.6":0,"10.0-10.1":0,"10.5":0,"10.6":0,"11":0,"11.1":0,"11.5":0,"11.6":0,"12":0,"12.1":0.024116,"15":0,"16":0,"17":0,"18":0,"19":0,"20":0,"21":0,"22":0,"23":0,"24":0,"25":0,"26":0,"27":0,"28":0,"29":0,"30":0.006029,"31":0.006029,"32":0,"33":0,"34":0,"35":0,"36":0.078377,"37":0,"38":0,"39":0,"40":0.006029,"41":0,"42":0,"43":0.006029,"44":0,"45":0.006029,"46":0,"47":0,"48":0.012058,"49":0.030145,"50":0.006029,"51":0,"52":0.006029,"53":0,"54":0.006029,"55":0,"56":1.2058,"57":0.620987},"safari":{"3.1":0,"3.2":0,"4":0,"5":0,"5.1":0,"6":0,"6.1":0,"7":0,"7.1":0,"8":0,"9":0,"9.1":0.012058,"10":0.006029,"10.1":0.024116,"11":0.012058,"11.1":0.066319,"12":0.295421,"0":null},"ios_saf":{"3.2":0.0013116602942648,"4.0-4.1":0.00065583014713242,"4.2-4.3":0.00065583014713242,"5.0-5.1":0.007869961765589,"6.0-6.1":0.0026233205885297,"7.0-7.1":0.013116602942648,"8":0.11083529486538,"8.1-8.4":0.028200696326694,"9.0-9.2":0.020986564708237,"9.3":0.13706850075068,"10.0-10.2":0.096407031628466,"10.3":0.20593066619958,"11.0-11.2":0.30364935812231,"11.3-11.4":0.8355276074467,"12.0-12.1":4.7875600740667},"android":{"2.1":0,"2.2":0.0011708114985862,"2.3":0.035124344957587,"3":0.0011708114985862,"4":0.20255038925542,"4.1":0.078444370405278,"4.2-4.3":0.29387368614515,"4.4":0,"4.4.3-4.4.4":0.6298965862394,"67":null},"ie":{"5.5":0,"6":0.074015004608295,"7":0,"8":0.28989210138249,"9":0.086350838709677,"10":0.024671668202765,"11":0.86350838709677},"edge":{"12":0.006029,"13":0.012058,"14":0.06029,"15":0.114551,"16":0.042203,"17":0.452175,"18":null},"op_mob":{"10":null,"11":null,"11.1":null,"11.5":null,"12":null,"12.1":null,"0":null},"samsung":{"4":0.45598845925926,"5":0.029738377777778,"6.2":0.099127925925926,"7.2":null},"ie_mob":{"10":0.010589333333333,"11":0.27532266666667},"bb":{"7":0.0047652,"10":0.0190608},"baidu":{"0":null},"and_ff":{"0":0.123101},"and_uc":{"0":0.051623},"and_qq":{"1.2":null},"op_mini":{"0":0.51504961683849},"and_chr":{"0":52.23182}},"total":94.921041379801}