{"id":"SC","name":"Seychelles","month":"2018-12","access_date":"2019-01-04","data":{"chrome":{"4":0,"5":0,"6":0,"7":0,"8":0,"9":0.007342,"10":0,"11":0,"12":0.014684,"13":0,"14":0,"15":0,"16":0.007342,"17":0,"18":0,"19":0,"20":0,"21":0,"22":0,"23":0.058736,"24":0,"25":0.007342,"26":0,"27":0,"28":0,"29":0.007342,"30":0,"31":0.007342,"32":0,"33":0.007342,"34":0.03671,"35":0,"36":0,"37":0,"38":0.007342,"39":0.014684,"40":0.014684,"41":0.029368,"42":0.007342,"43":0.088104,"44":0.007342,"45":0.014684,"46":0.014684,"47":0.007342,"48":0.03671,"49":0.44052,"50":0.007342,"51":0.022026,"52":0.022026,"53":0.11013,"54":0.044052,"55":0.323048,"56":0.425836,"57":0.095446,"58":1.886894,"59":0.161524,"60":0.227602,"61":0.932434,"62":1.343586,"63":3.017562,"64":1.57853,"65":0.961802,"66":0.234944,"67":0.139498,"68":0.07342,"69":1.527136,"70":6.703246,"71":7.716442,"72":0.029368,"73":0.007342,"74":0},"firefox":{"2":0.007342,"3":0.007342,"3.5":0,"3.6":0.007342,"4":0.124814,"5":0.132156,"6":0.139498,"7":0,"8":0,"9":0,"10":0.007342,"11":0,"12":0.007342,"13":0.03671,"14":0,"15":0.029368,"16":0.051394,"17":0,"18":0,"19":0,"20":0,"21":0,"22":0,"23":0,"24":0.022026,"25":0,"26":0,"27":0,"28":0,"29":0.007342,"30":0,"31":0.029368,"32":0,"33":0,"34":0.007342,"35":0,"36":0.14684,"37":0,"38":0.139498,"39":0,"40":0.007342,"41":0,"42":0,"43":0.014684,"44":0.051394,"45":0.264312,"46":0.03671,"47":0.03671,"48":0.03671,"49":0.022026,"50":0.014684,"51":0.007342,"52":0.7342,"53":0.227602,"54":0.03671,"55":0.044052,"56":0.102788,"57":0.888382,"58":0.212918,"59":0.308364,"60":5.256872,"61":0.058736,"62":0.044052,"63":2.077786,"64":2.143864,"65":0.088104,"66":0},"opera":{"9":0,"9.5-9.6":0,"10.0-10.1":0,"10.5":0,"10.6":0,"11":0,"11.1":0.007342,"11.5":0,"11.6":0,"12":0,"12.1":0.044052,"15":0,"16":0,"17":0,"18":0,"19":0,"20":0,"21":0,"22":0,"23":0,"24":0,"25":0,"26":0,"27":0,"28":0,"29":0,"30":0,"31":0,"32":0,"33":0,"34":0,"35":0,"36":0.007342,"37":0.007342,"38":0,"39":0,"40":0.014684,"41":0,"42":0,"43":0,"44":0,"45":0.014684,"46":0.007342,"47":0.029368,"48":0.014684,"49":0.07342,"50":0.139498,"51":0.022026,"52":0.007342,"53":0,"54":0.007342,"55":0,"56":0.286338,"57":0.139498},"safari":{"3.1":0,"3.2":0,"4":0.014684,"5":0,"5.1":0.051394,"6":0,"6.1":0,"7":0.007342,"7.1":0,"8":0,"9":0,"9.1":0.022026,"10":0.117472,"10.1":0.051394,"11":0.205576,"11.1":0.132156,"12":0.455204,"0":null},"ios_saf":{"3.2":0.0012457019317386,"4.0-4.1":0.00062285096586928,"4.2-4.3":0.00062285096586928,"5.0-5.1":0.0074742115904314,"6.0-6.1":0.0024914038634771,"7.0-7.1":0.012457019317386,"8":0.10526181323191,"8.1-8.4":0.026782591532379,"9.0-9.2":0.019931230907817,"9.3":0.13017585186668,"10.0-10.2":0.091559091982785,"10.3":0.19557520328295,"11.0-11.2":0.28837999719748,"11.3-11.4":0.79351213051747,"12.0-12.1":4.5468120508458},"android":{"2.1":0,"2.2":0.00059914043355325,"2.3":0.017974213006598,"3":0.00059914043355325,"4":0.10365129500471,"4.1":0.040142409048068,"4.2-4.3":0.15038424882187,"4.4":0,"4.4.3-4.4.4":0.32233755325165,"67":null},"ie":{"5.5":0,"6":0.022886951140065,"7":0.06103186970684,"8":0.40433613680782,"9":0.47299699022801,"10":0.099176788273616,"11":1.2816692638436},"edge":{"12":0.03671,"13":0.102788,"14":0.234944,"15":0.044052,"16":0.176208,"17":0.932434,"18":null},"op_mob":{"10":null,"11":null,"11.1":null,"11.5":null,"12":null,"12.1":null,"0":null},"samsung":{"4":0.3336504516129,"5":0.076996258064516,"6.2":0.30798503225806,"7.2":null},"ie_mob":{"10":0,"11":0.055818},"bb":{"7":0.010632,"10":0.042528},"baidu":{"0":null},"and_ff":{"0":0.924984},"and_uc":{"0":1.772886},"and_qq":{"1.2":null},"op_mini":{"0":0.98895411340206},"and_chr":{"0":31.546836}},"total":90.716281855338}