{"id":"SE","name":"Sweden","month":"2018-12","access_date":"2019-01-04","data":{"chrome":{"4":0,"5":0,"6":0,"7":0,"8":0,"9":0,"10":0,"11":0,"12":0,"13":0,"14":0,"15":0,"16":0,"17":0,"18":0,"19":0,"20":0,"21":0,"22":0.005922,"23":0,"24":0,"25":0,"26":0,"27":0,"28":0,"29":0.023688,"30":0,"31":0,"32":0,"33":0,"34":0.005922,"35":0,"36":0,"37":0,"38":0.02961,"39":0,"40":0,"41":0.005922,"42":0,"43":0.011844,"44":0,"45":0,"46":0.005922,"47":0,"48":0.005922,"49":0.171738,"50":0.005922,"51":0.017766,"52":0.005922,"53":0.02961,"54":0.011844,"55":0.023688,"56":0.071064,"57":0.017766,"58":0.065142,"59":0.041454,"60":0.011844,"61":0.035532,"62":0.023688,"63":0.05922,"64":0.02961,"65":0.041454,"66":0.082908,"67":0.136206,"68":0.106596,"69":0.248724,"70":9.818676,"71":6.413526,"72":0.017766,"73":0.005922,"74":0},"firefox":{"2":0,"3":0,"3.5":0,"3.6":0,"4":0,"5":0,"6":0,"7":0,"8":0,"9":0,"10":0,"11":0,"12":0,"13":0,"14":0.005922,"15":0,"16":0,"17":0,"18":0,"19":0,"20":0.005922,"21":0,"22":0,"23":0,"24":0,"25":0,"26":0,"27":0,"28":0,"29":0,"30":0,"31":0,"32":0,"33":0.02961,"34":0,"35":0,"36":0,"37":0,"38":0,"39":0,"40":0,"41":0.005922,"42":0,"43":0,"44":0,"45":0.005922,"46":0,"47":0.005922,"48":0.023688,"49":0,"50":0.005922,"51":0.005922,"52":0.053298,"53":0.011844,"54":0.005922,"55":0.005922,"56":0.017766,"57":0.005922,"58":0.005922,"59":0.011844,"60":0.071064,"61":0.023688,"62":0.035532,"63":1.137024,"64":0.929754,"65":0.005922,"66":0},"opera":{"9":0,"9.5-9.6":0,"10.0-10.1":0,"10.5":0,"10.6":0,"11":0,"11.1":0,"11.5":0,"11.6":0,"12":0,"12.1":0.005922,"15":0,"16":0,"17":0,"18":0,"19":0,"20":0,"21":0,"22":0,"23":0,"24":0,"25":0,"26":0,"27":0,"28":0,"29":0,"30":0,"31":0,"32":0,"33":0,"34":0,"35":0,"36":0.005922,"37":0,"38":0,"39":0,"40":0,"41":0,"42":0,"43":0,"44":0,"45":0,"46":0,"47":0,"48":0,"49":0.011844,"50":0,"51":0,"52":0,"53":0,"54":0,"55":0,"56":0.195426,"57":0.08883},"safari":{"3.1":0,"3.2":0,"4":0,"5":0,"5.1":0.011844,"6":0,"6.1":0.011844,"7":0,"7.1":0.005922,"8":0.035532,"9":0.017766,"9.1":0.23688,"10":0.14805,"10.1":0.716562,"11":0.142128,"11.1":0.56259,"12":2.676744,"0":null},"ios_saf":{"3.2":0.0088565512961666,"4.0-4.1":0.0044282756480833,"4.2-4.3":0.0044282756480833,"5.0-5.1":0.053139307776999,"6.0-6.1":0.017713102592333,"7.0-7.1":0.088565512961665,"8":0.74837858452607,"8.1-8.4":0.19041585286758,"9.0-9.2":0.14170482073866,"9.3":0.9255096104494,"10.0-10.2":0.65095652026824,"10.3":1.3904785534981,"11.0-11.2":2.0502916250626,"11.3-11.4":5.6416231756581,"12.0-12.1":32.326412231008},"android":{"2.1":0,"2.2":0.00023773232799246,"2.3":0.0071319698397738,"3":0.00023773232799246,"4":0.041127692742696,"4.1":0.015928065975495,"4.2-4.3":0.059670814326107,"4.4":0,"4.4.3-4.4.4":0.12789999245994,"67":null},"ie":{"5.5":0,"6":0,"7":0,"8":0.017817795918367,"9":0.011878530612245,"10":0.011878530612245,"11":1.9955931428571},"edge":{"12":0.005922,"13":0.017766,"14":0.05922,"15":0.14805,"16":0.361242,"17":2.510928,"18":null},"op_mob":{"10":null,"11":null,"11.1":null,"11.5":null,"12":null,"12.1":null,"0":null},"samsung":{"4":0.17282807462687,"5":0.048007798507463,"6.2":0.048007798507463,"7.2":null},"ie_mob":{"10":0,"11":0.016312},"bb":{"7":0,"10":0},"baidu":{"0":null},"and_ff":{"0":0.16312},"and_uc":{"0":0.036702},"and_qq":{"1.2":null},"op_mini":{"0":0.092658886597938},"and_chr":{"0":20.579904}},"total":95.67129455824}