{"id":"SI","name":"Slovenia","month":"2018-12","access_date":"2019-01-04","data":{"chrome":{"4":0,"5":0,"6":0,"7":0,"8":0,"9":0,"10":0,"11":0,"12":0,"13":0,"14":0,"15":0,"16":0,"17":0,"18":0,"19":0,"20":0,"21":0,"22":0,"23":0,"24":0,"25":0,"26":0,"27":0,"28":0,"29":0.337536,"30":0,"31":0,"32":0,"33":0,"34":0.021096,"35":0,"36":0,"37":0,"38":0.021096,"39":0,"40":0.007032,"41":0.007032,"42":0,"43":0.021096,"44":0.007032,"45":0.007032,"46":0.182832,"47":0.007032,"48":0.014064,"49":0.611784,"50":0.007032,"51":0.007032,"52":0.021096,"53":0.007032,"54":0.021096,"55":0.021096,"56":0.049224,"57":0.042192,"58":0.611784,"59":0.014064,"60":0.03516,"61":1.413432,"62":0.07032,"63":0.063288,"64":0.03516,"65":0.091416,"66":0.042192,"67":0.112512,"68":0.1758,"69":0.288312,"70":12.636504,"71":12.566184,"72":0.03516,"73":0.007032,"74":0},"firefox":{"2":0,"3":0,"3.5":0,"3.6":0,"4":0,"5":0,"6":0,"7":0,"8":0,"9":0,"10":0,"11":0,"12":0,"13":0,"14":0,"15":0,"16":0,"17":0,"18":0,"19":0,"20":0,"21":0,"22":0,"23":0,"24":0,"25":0,"26":0,"27":0,"28":0.021096,"29":0,"30":0,"31":0.007032,"32":0,"33":0,"34":0,"35":0,"36":0,"37":0,"38":0.007032,"39":0,"40":0.007032,"41":0.007032,"42":0,"43":0.007032,"44":0,"45":0.014064,"46":0,"47":0.021096,"48":0.049224,"49":0.007032,"50":0.03516,"51":0.014064,"52":0.337536,"53":0.119544,"54":0.014064,"55":0.007032,"56":0.03516,"57":0.03516,"58":0.014064,"59":0.028128,"60":0.126576,"61":0.077352,"62":0.056256,"63":4.029336,"64":3.755088,"65":0.03516,"66":0},"opera":{"9":0,"9.5-9.6":0,"10.0-10.1":0,"10.5":0,"10.6":0,"11":0,"11.1":0,"11.5":0,"11.6":0,"12":0,"12.1":0.007032,"15":0,"16":0,"17":0,"18":0,"19":0,"20":0,"21":0,"22":0,"23":0,"24":0,"25":0,"26":0,"27":0,"28":0,"29":0,"30":0,"31":0,"32":0,"33":0.007032,"34":0.007032,"35":0,"36":0.007032,"37":0,"38":0,"39":0,"40":0.007032,"41":0,"42":0,"43":0,"44":0,"45":0.007032,"46":0,"47":0,"48":0.007032,"49":0.028128,"50":0,"51":0,"52":0,"53":0,"54":0.007032,"55":0,"56":0.639912,"57":0.260184},"safari":{"3.1":0,"3.2":0,"4":0,"5":0.007032,"5.1":0.007032,"6":0,"6.1":0.007032,"7":0,"7.1":0,"8":0.007032,"9":0.007032,"9.1":0.042192,"10":0.021096,"10.1":0.119544,"11":0.077352,"11.1":0.260184,"12":1.434528,"0":null},"ios_saf":{"3.2":0.00204965428886,"4.0-4.1":0.00102482714443,"4.2-4.3":0.00102482714443,"5.0-5.1":0.01229792573316,"6.0-6.1":0.0040993085777199,"7.0-7.1":0.0204965428886,"8":0.17319578740867,"8.1-8.4":0.044067567210489,"9.0-9.2":0.03279446862176,"9.3":0.21418887318587,"10.0-10.2":0.15064959023121,"10.3":0.32179572335102,"11.0-11.2":0.47449496787108,"11.3-11.4":1.3056297820038,"12.0-12.1":7.4812381543389},"android":{"2.1":0,"2.2":0.00064852026390198,"2.3":0.019455607917059,"3":0.00064852026390198,"4":0.11219400565504,"4.1":0.043450857681433,"4.2-4.3":0.1627785862394,"4.4":0,"4.4.3-4.4.4":0.34890390197926,"67":null},"ie":{"5.5":0,"6":0.014064,"7":0,"8":0.03516,"9":0.021096,"10":0.084384,"11":2.91828},"edge":{"12":0.007032,"13":0.014064,"14":0.07032,"15":0.084384,"16":0.077352,"17":1.5822,"18":null},"op_mob":{"10":null,"11":null,"11.1":null,"11.5":null,"12":null,"12.1":null,"0":null},"samsung":{"4":0.2151255412844,"5":0.037413137614679,"6.2":0.056119706422018,"7.2":null},"ie_mob":{"10":0,"11":0.106848},"bb":{"7":0.0041552,"10":0.0166208},"baidu":{"0":null},"and_ff":{"0":0.145432},"and_uc":{"0":0.01484},"and_qq":{"1.2":null},"op_mini":{"0":0.16859463917526},"and_chr":{"0":37.762104}},"total":95.823389024496}