{"id":"SK","name":"Slovakia (Slovak Republic)","month":"2018-12","access_date":"2019-01-04","data":{"chrome":{"4":null,"5":null,"6":null,"7":null,"8":null,"9":null,"10":null,"11":0.039582,"12":null,"13":null,"14":null,"15":null,"16":null,"17":null,"18":null,"19":null,"20":null,"21":null,"22":0.019791,"23":null,"24":null,"25":null,"26":0.006597,"27":null,"28":null,"29":null,"30":null,"31":null,"32":null,"33":0.006597,"34":0.052776,"35":null,"36":null,"37":0.013194,"38":0.098955,"39":0.026388,"40":0.006597,"41":0.019791,"42":null,"43":0.019791,"44":0.013194,"45":0.013194,"46":0.013194,"47":0.013194,"48":0.039582,"49":1.108296,"50":0.006597,"51":0.026388,"52":0.019791,"53":0.06597,"54":0.013194,"55":0.032985,"56":0.098955,"57":0.079164,"58":1.05552,"59":0.013194,"60":0.046179,"61":0.032985,"62":0.079164,"63":0.13194,"64":0.092358,"65":0.105552,"66":0.079164,"67":0.151731,"68":0.178119,"69":0.26388,"70":18.775062,"71":17.884467,"72":0.032985,"73":0.013194,"74":null},"firefox":{"2":0.006597,"3":null,"3.5":null,"3.6":null,"4":null,"5":null,"6":null,"7":null,"8":null,"9":null,"10":null,"11":null,"12":null,"13":null,"14":null,"15":null,"16":null,"17":null,"18":null,"19":null,"20":null,"21":null,"22":null,"23":null,"24":null,"25":0.013194,"26":null,"27":null,"28":null,"29":null,"30":null,"31":null,"32":null,"33":0.013194,"34":null,"35":null,"36":null,"37":null,"38":0.013194,"39":null,"40":null,"41":null,"42":null,"43":0.019791,"44":null,"45":0.026388,"46":null,"47":0.046179,"48":0.052776,"49":0.013194,"50":0.026388,"51":0.019791,"52":0.540954,"53":0.224298,"54":0.019791,"55":0.046179,"56":0.06597,"57":0.039582,"58":0.046179,"59":0.039582,"60":0.204507,"61":0.072567,"62":0.138537,"63":4.690467,"64":4.400199,"65":0.026388,"66":null},"opera":{"9":null,"9.5-9.6":null,"10.0-10.1":0,"10.5":null,"10.6":null,"11":null,"11.1":null,"11.5":null,"11.6":0.013194,"12":null,"12.1":0.052776,"15":null,"16":null,"17":null,"18":null,"19":null,"20":null,"21":null,"22":null,"23":null,"24":null,"25":null,"26":null,"27":null,"28":null,"29":null,"30":null,"31":null,"32":null,"33":null,"34":null,"35":null,"36":0.079164,"37":null,"38":null,"39":null,"40":null,"41":null,"42":null,"43":null,"44":null,"45":0.006597,"46":null,"47":null,"48":null,"49":0.019791,"50":null,"51":null,"52":null,"53":null,"54":null,"55":null,"56":2.579427,"57":1.240236},"safari":{"3.1":null,"3.2":null,"4":0,"5":null,"5.1":0.006597,"6":null,"6.1":null,"7":null,"7.1":null,"8":0.013194,"9":0.006597,"9.1":0.052776,"10":0.026388,"10.1":0.13194,"11":0.072567,"11.1":0.277074,"12":2.104443,"0":null},"ios_saf":{"3.2":0.0012193714342909,"4.0-4.1":0.00060968571714543,"4.2-4.3":0.00060968571714543,"5.0-5.1":0.0073162286057452,"6.0-6.1":0.0024387428685817,"7.0-7.1":0.012193714342909,"8":0.10303688619758,"8.1-8.4":0.026216485837254,"9.0-9.2":0.019509942948654,"9.3":0.1274243148834,"10.0-10.2":0.089623800420378,"10.3":0.19144131518367,"11.0-11.2":0.28228448703833,"11.3-11.4":0.77673960364328,"12.0-12.1":4.4507057351616},"android":{"2.1":0,"2.2":0.00037846748350613,"2.3":0.011354024505184,"3":0.00037846748350613,"4":0.06547487464656,"4.1":0.02535732139491,"4.2-4.3":0.094995338360038,"4.4":0,"4.4.3-4.4.4":0.2036155061263,"67":null},"ie":{"5.5":null,"6":null,"7":0.013339388429752,"8":0.14673327272727,"9":0.053357553719008,"10":0.026678776859504,"11":2.1809900082645},"edge":{"12":0.013194,"13":0.026388,"14":0.06597,"15":0.059373,"16":0.151731,"17":1.794384,"18":null},"op_mob":{"10":null,"11":null,"11.1":null,"11.5":null,"12":null,"12.1":null,"0":null},"samsung":{"4":0.36048195375723,"5":0.021204820809249,"6.2":0.042409641618497,"7.2":null},"ie_mob":{"10":0.013044833333333,"11":0.065224166666667},"bb":{"7":0.0027224,"10":0.0108896},"baidu":{"0":null},"and_ff":{"0":0.217792},"and_uc":{"0":0.078269},"and_qq":{"1.2":null},"op_mini":{"0":0.41560453092784},"and_chr":{"0":26.966611}},"total":97.497214947113}