{"id":"VA","name":"Holy See (Vatican City State)","month":"2018-12","access_date":"2019-01-04","data":{"chrome":{"4":0,"5":0,"6":0,"7":0,"8":0,"9":0,"10":0,"11":0,"12":0,"13":0,"14":0,"15":0,"16":0,"17":0,"18":0,"19":0,"20":0,"21":0,"22":0,"23":0,"24":0,"25":0,"26":0,"27":0,"28":0,"29":0,"30":0,"31":0,"32":0,"33":0,"34":0,"35":0,"36":0,"37":0,"38":0,"39":0,"40":0,"41":0,"42":0,"43":0.009728,"44":0,"45":0,"46":0,"47":0,"48":0,"49":0.058368,"50":0,"51":0,"52":0.029184,"53":0,"54":0,"55":0,"56":0,"57":0,"58":0.029184,"59":0,"60":0,"61":0,"62":0.009728,"63":0.009728,"64":0.009728,"65":0,"66":0.982528,"67":0.262656,"68":0.126464,"69":0.077824,"70":28.376576,"71":22.296576,"72":0,"73":0,"74":0},"firefox":{"2":0,"3":0.009728,"3.5":0,"3.6":0.009728,"4":0,"5":0,"6":0,"7":0,"8":0,"9":0,"10":0,"11":0,"12":0,"13":0,"14":0,"15":0,"16":0,"17":0,"18":0,"19":0,"20":0,"21":0,"22":0,"23":0,"24":0,"25":0,"26":0,"27":0,"28":0,"29":0,"30":0.019456,"31":0,"32":0,"33":0,"34":0,"35":0.038912,"36":0,"37":0,"38":0,"39":0,"40":0,"41":0,"42":0,"43":0.136192,"44":0,"45":0,"46":0,"47":0,"48":0.19456,"49":0,"50":0,"51":0,"52":0.019456,"53":0,"54":0,"55":0,"56":0.009728,"57":0,"58":0,"59":0,"60":0,"61":0,"62":0.009728,"63":5.681152,"64":4.23168,"65":0,"66":0},"opera":{"9":0,"9.5-9.6":0,"10.0-10.1":0,"10.5":0,"10.6":0,"11":0,"11.1":0,"11.5":0,"11.6":0,"12":0,"12.1":0,"15":0,"16":0,"17":0,"18":0,"19":0,"20":0,"21":0,"22":0,"23":0,"24":0,"25":0,"26":0,"27":0,"28":0,"29":0,"30":0,"31":0,"32":0,"33":0,"34":0,"35":0,"36":0,"37":0,"38":0,"39":0.009728,"40":0,"41":0,"42":0,"43":0,"44":0,"45":0,"46":0,"47":0,"48":0,"49":0,"50":0,"51":0,"52":0,"53":0,"54":0,"55":0,"56":0.029184,"57":0.330752},"safari":{"3.1":0,"3.2":0,"4":0,"5":0,"5.1":0,"6":0,"6.1":0,"7":0,"7.1":0,"8":0.077824,"9":0.038912,"9.1":0.457216,"10":0.019456,"10.1":0.19456,"11":0.029184,"11.1":0.058368,"12":2.879488,"0":null},"ios_saf":{"3.2":0.0015791075968372,"4.0-4.1":0.00078955379841858,"4.2-4.3":0.00078955379841858,"5.0-5.1":0.0094746455810229,"6.0-6.1":0.0031582151936743,"7.0-7.1":0.015791075968372,"8":0.13343459193274,"8.1-8.4":0.033950813331999,"9.0-9.2":0.025265721549394,"9.3":0.16501674386948,"10.0-10.2":0.11606440836753,"10.3":0.24791989270343,"11.0-11.2":0.3655634086678,"11.3-11.4":1.0058915391853,"12.0-12.1":5.7637427284556},"android":{"2.1":0,"2.2":3.6674835061263e-5,"2.3":0.0011002450518379,"3":3.6674835061263e-5,"4":0.0063447464655985,"4.1":0.0024572139491046,"4.2-4.3":0.009205383600377,"4.4":0,"4.4.3-4.4.4":0.019731061262959,"67":null},"ie":{"5.5":0,"6":0,"7":0,"8":0,"9":0,"10":0,"11":17.549312},"edge":{"12":0,"13":0.009728,"14":0.009728,"15":0.165376,"16":0.116736,"17":3.531264,"18":null},"op_mob":{"10":null,"11":null,"11.1":null,"11.5":null,"12":null,"12.1":null,"0":null},"samsung":{"4":0,"5":0,"6.2":0,"7.2":null},"ie_mob":{"10":0,"11":0.008976},"bb":{"7":0,"10":0},"baidu":{"0":null},"and_ff":{"0":0.018224},"and_uc":{"0":0},"and_qq":{"1.2":null},"op_mini":{"0":0},"and_chr":{"0":3.582992}},"total":99.682944}