{"id":"VE","name":"Venezuela","month":"2018-12","access_date":"2019-01-04","data":{"chrome":{"4":0,"5":0,"6":0.016128,"7":0,"8":0,"9":0,"10":0,"11":0.016128,"12":0,"13":0,"14":0,"15":0,"16":0,"17":0,"18":0,"19":0,"20":0,"21":0.008064,"22":0,"23":0,"24":0.008064,"25":0.008064,"26":0.008064,"27":0.016128,"28":0.008064,"29":0.177408,"30":0,"31":0.024192,"32":0,"33":0.024192,"34":0.08064,"35":0.008064,"36":0.016128,"37":0.072576,"38":0.008064,"39":0.008064,"40":0.024192,"41":0.048384,"42":0.016128,"43":0.032256,"44":0.032256,"45":0.048384,"46":0.048384,"47":0.024192,"48":0.056448,"49":2.048256,"50":0.024192,"51":0.072576,"52":0.064512,"53":0.056448,"54":0.072576,"55":0.16128,"56":0.274176,"57":0.370944,"58":4.362624,"59":0.048384,"60":0.08064,"61":0.298368,"62":0.298368,"63":0.669312,"64":0.387072,"65":0.395136,"66":0.209664,"67":0.411264,"68":0.427392,"69":0.628992,"70":17.023104,"71":16.103808,"72":0.032256,"73":0.008064,"74":0},"firefox":{"2":0.008064,"3":0.016128,"3.5":0.008064,"3.6":0.048384,"4":0.008064,"5":0,"6":0,"7":0,"8":0.104832,"9":0,"10":0.008064,"11":0,"12":0.008064,"13":0,"14":0,"15":0,"16":0,"17":0,"18":0,"19":0,"20":0,"21":0,"22":0,"23":0.008064,"24":0,"25":0,"26":0.008064,"27":0.088704,"28":0.008064,"29":0.032256,"30":0.008064,"31":0.016128,"32":0,"33":0.008064,"34":0.008064,"35":0.008064,"36":0.008064,"37":0.008064,"38":0.016128,"39":0.008064,"40":0.016128,"41":0.008064,"42":0.008064,"43":0.048384,"44":0.008064,"45":0.056448,"46":0.008064,"47":0.064512,"48":0.169344,"49":0.024192,"50":0.024192,"51":0.032256,"52":0.749952,"53":0.822528,"54":0.024192,"55":0.016128,"56":0.048384,"57":0.177408,"58":0.112896,"59":0.104832,"60":0.129024,"61":0.064512,"62":0.072576,"63":1.749888,"64":1.709568,"65":0.024192,"66":0},"opera":{"9":0,"9.5-9.6":0,"10.0-10.1":0,"10.5":0,"10.6":0,"11":0,"11.1":0,"11.5":0,"11.6":0,"12":0.008064,"12.1":0.032256,"15":0,"16":0,"17":0.008064,"18":0,"19":0,"20":0.008064,"21":0,"22":0,"23":0,"24":0,"25":0,"26":0,"27":0.008064,"28":0,"29":0,"30":0,"31":0,"32":0,"33":0.008064,"34":0,"35":0,"36":0.024192,"37":0.008064,"38":0,"39":0,"40":0.008064,"41":0,"42":0,"43":0.008064,"44":0,"45":0.024192,"46":0,"47":0,"48":0.008064,"49":0.024192,"50":0.024192,"51":0.016128,"52":0.024192,"53":0.008064,"54":0,"55":0.008064,"56":0.919296,"57":0.427392},"safari":{"3.1":0,"3.2":0,"4":0.008064,"5":0.016128,"5.1":0.008064,"6":0,"6.1":0,"7":0,"7.1":0.008064,"8":0.016128,"9":0.024192,"9.1":0.032256,"10":0.016128,"10.1":0.064512,"11":0.072576,"11.1":0.12096,"12":0.298368,"0":null},"ios_saf":{"3.2":0.00069229346411771,"4.0-4.1":0.00034614673205885,"4.2-4.3":0.00034614673205885,"5.0-5.1":0.0041537607847062,"6.0-6.1":0.0013845869282354,"7.0-7.1":0.0069229346411771,"8":0.058498797717946,"8.1-8.4":0.014884309478531,"9.0-9.2":0.011076695425883,"9.3":0.0723446670003,"10.0-10.2":0.050883569612651,"10.3":0.10869007386648,"11.0-11.2":0.16026593694325,"11.3-11.4":0.44099093664298,"12.0-12.1":2.5268711440296},"android":{"2.1":0,"2.2":0.0027887653157399,"2.3":0.083662959472196,"3":0.0027887653157399,"4":0.482456399623,"4.1":0.18684727615457,"4.2-4.3":0.69998009425071,"4.4":0,"4.4.3-4.4.4":1.500355739868,"67":null},"ie":{"5.5":0,"6":0.024789333333333,"7":0.0082631111111111,"8":0.36357688888889,"9":0.066104888888889,"10":0.049578666666667,"11":0.82631111111111},"edge":{"12":0.04032,"13":0.024192,"14":0.096768,"15":0.04032,"16":0.04032,"17":0.217728,"18":null},"op_mob":{"10":null,"11":null,"11.1":null,"11.5":null,"12":null,"12.1":null,"0":null},"samsung":{"4":0.10143621052632,"5":0.0092214736842105,"6.2":0.027664421052632,"7.2":null},"ie_mob":{"10":0.043097043478261,"11":0.20471095652174},"bb":{"7":0.0441408,"10":0.1765632},"baidu":{"0":null},"and_ff":{"0":0.098736},"and_uc":{"0":0.127776},"and_qq":{"1.2":null},"op_mini":{"0":1.3270049209622},"and_chr":{"0":31.270304}},"total":96.021711026225}