{"id":"VG","name":"Virgin Islands, British","month":"2018-12","access_date":"2019-01-04","data":{"chrome":{"4":null,"5":null,"6":null,"7":null,"8":null,"9":null,"10":null,"11":0.037308,"12":null,"13":null,"14":null,"15":null,"16":null,"17":null,"18":null,"19":null,"20":null,"21":null,"22":null,"23":null,"24":null,"25":null,"26":null,"27":null,"28":null,"29":null,"30":null,"31":null,"32":null,"33":0.012436,"34":0.06218,"35":null,"36":0.006218,"37":null,"38":0.074616,"39":null,"40":0.012436,"41":0.006218,"42":null,"43":1.809438,"44":0.006218,"45":0.03109,"46":0.018654,"47":null,"48":0.037308,"49":0.27981,"50":0.12436,"51":0.018654,"52":0.043526,"53":0.06218,"54":0.03109,"55":0.09327,"56":0.149232,"57":0.192758,"58":2.916242,"59":null,"60":0.03109,"61":0.80834,"62":0.03109,"63":2.257134,"64":1.455012,"65":4.489396,"66":0.018654,"67":0.043526,"68":0.522312,"69":0.71507,"70":11.8142,"71":11.279452,"72":0.068398,"73":null,"74":null},"firefox":{"2":null,"3":null,"3.5":null,"3.6":null,"4":null,"5":null,"6":null,"7":null,"8":null,"9":null,"10":null,"11":null,"12":null,"13":null,"14":null,"15":null,"16":null,"17":null,"18":null,"19":null,"20":null,"21":null,"22":null,"23":null,"24":null,"25":null,"26":null,"27":null,"28":null,"29":null,"30":null,"31":null,"32":null,"33":null,"34":null,"35":null,"36":null,"37":null,"38":null,"39":null,"40":null,"41":null,"42":null,"43":null,"44":null,"45":0.012436,"46":null,"47":0.006218,"48":null,"49":null,"50":null,"51":null,"52":0.074616,"53":0.491222,"54":null,"55":null,"56":null,"57":null,"58":null,"59":null,"60":null,"61":0.012436,"62":0.03109,"63":1.094368,"64":1.349306,"65":null,"66":null},"opera":{"9":null,"9.5-9.6":null,"10.0-10.1":0,"10.5":null,"10.6":null,"11":null,"11.1":null,"11.5":null,"11.6":null,"12":null,"12.1":null,"15":null,"16":null,"17":null,"18":null,"19":null,"20":null,"21":null,"22":null,"23":null,"24":null,"25":null,"26":null,"27":null,"28":null,"29":null,"30":null,"31":null,"32":null,"33":null,"34":null,"35":null,"36":null,"37":null,"38":null,"39":null,"40":null,"41":null,"42":null,"43":null,"44":null,"45":null,"46":null,"47":null,"48":null,"49":null,"50":null,"51":null,"52":null,"53":null,"54":null,"55":null,"56":1.591808,"57":0.211412},"safari":{"3.1":null,"3.2":null,"4":0,"5":null,"5.1":null,"6":null,"6.1":null,"7":null,"7.1":null,"8":null,"9":null,"9.1":0.06218,"10":0.006218,"10.1":0.957572,"11":0.018654,"11.1":0.882956,"12":1.231164,"0":null},"ios_saf":{"3.2":0.0025020582524272,"4.0-4.1":0.0012510291262136,"4.2-4.3":0.0012510291262136,"5.0-5.1":0.015012349514563,"6.0-6.1":0.0050041165048544,"7.0-7.1":0.025020582524272,"8":0.2114239223301,"8.1-8.4":0.053794252427184,"9.0-9.2":0.040032932038835,"9.3":0.26146508737864,"10.0-10.2":0.1839012815534,"10.3":0.39282314563107,"11.0-11.2":0.57922648543689,"11.3-11.4":1.5938111067961,"12.0-12.1":9.1325126213592},"android":{"2.1":0,"2.2":9.6268614514609e-5,"2.3":0.0028880584354383,"3":9.6268614514609e-5,"4":0.016654470311027,"4.1":0.0064499971724788,"4.2-4.3":0.024163422243167,"4.4":0,"4.4.3-4.4.4":0.05179251460886,"67":null},"ie":{"5.5":null,"6":null,"7":null,"8":0.0062519040348964,"9":0.012503808069793,"10":0.018755712104689,"11":5.6954845757906},"edge":{"12":0.012436,"13":0.018654,"14":0.06218,"15":0.192758,"16":0.261156,"17":4.607538,"18":null},"op_mob":{"10":null,"11":null,"11.1":null,"11.5":null,"12":null,"12.1":null,"0":null},"samsung":{"4":0.14830243190661,"5":0.034223638132296,"6.2":0.41068365758755,"7.2":null},"ie_mob":{"10":0,"11":0.034047},"bb":{"7":0.0022698,"10":0.0090792},"baidu":{"0":null},"and_ff":{"0":0.060528},"and_uc":{"0":0.30264},"and_qq":{"1.2":null},"op_mini":{"0":0.2113085},"and_chr":{"0":24.334544}},"total":96.629089227626}