{"id":"YE","name":"Yemen","month":"2018-12","access_date":"2019-01-04","data":{"chrome":{"4":0,"5":0,"6":0.002524,"7":0,"8":0,"9":0,"10":0.002524,"11":0.010096,"12":0,"13":0,"14":0,"15":0,"16":0,"17":0,"18":0,"19":0,"20":0,"21":0.007572,"22":0.002524,"23":0.002524,"24":0,"25":0,"26":0.002524,"27":0,"28":0.002524,"29":0.005048,"30":0.007572,"31":0.01262,"32":0.010096,"33":0.060576,"34":0.005048,"35":0,"36":0.002524,"37":0.002524,"38":0.002524,"39":0.005048,"40":0.007572,"41":0.002524,"42":0.002524,"43":0.017668,"44":0.002524,"45":0.005048,"46":0.020192,"47":0.002524,"48":0.005048,"49":0.095912,"50":0.002524,"51":0.010096,"52":0.007572,"53":0.010096,"54":0.005048,"55":0.017668,"56":0.01262,"57":0.01262,"58":0.116104,"59":0.007572,"60":0.020192,"61":0.010096,"62":0.015144,"63":0.020192,"64":0.022716,"65":0.020192,"66":0.02524,"67":0.027764,"68":0.032812,"69":0.0631,"70":1.453824,"71":1.307432,"72":0.005048,"73":0.002524,"74":0},"firefox":{"2":0,"3":0.027764,"3.5":0,"3.6":0,"4":0,"5":0.002524,"6":0,"7":0,"8":0.002524,"9":0,"10":0,"11":0,"12":0.002524,"13":0.002524,"14":0.002524,"15":0,"16":0.002524,"17":0,"18":0,"19":0,"20":0,"21":0,"22":0.002524,"23":0.002524,"24":0.002524,"25":0,"26":0.002524,"27":0.002524,"28":0.002524,"29":0.002524,"30":0.002524,"31":0,"32":0.002524,"33":0.002524,"34":0.005048,"35":0,"36":0.002524,"37":0.005048,"38":0.005048,"39":0.002524,"40":0.005048,"41":0.002524,"42":0.002524,"43":0.02524,"44":0.015144,"45":0.005048,"46":0.007572,"47":0.017668,"48":0.007572,"49":0.010096,"50":0.01262,"51":0.002524,"52":0.068148,"53":0.02524,"54":0.007572,"55":0.007572,"56":0.027764,"57":0.010096,"58":0.007572,"59":0.032812,"60":0.022716,"61":0.017668,"62":0.03786,"63":0.343264,"64":0.280164,"65":0.005048,"66":0},"opera":{"9":0,"9.5-9.6":0,"10.0-10.1":0,"10.5":0,"10.6":0,"11":0,"11.1":0,"11.5":0,"11.6":0,"12":0,"12.1":0.007572,"15":0,"16":0,"17":0,"18":0,"19":0.002524,"20":0,"21":0,"22":0,"23":0,"24":0,"25":0,"26":0,"27":0,"28":0,"29":0.002524,"30":0.002524,"31":0,"32":0,"33":0.002524,"34":0.002524,"35":0,"36":0,"37":0.002524,"38":0,"39":0,"40":0,"41":0,"42":0,"43":0,"44":0,"45":0,"46":0.002524,"47":0,"48":0,"49":0.005048,"50":0,"51":0,"52":0,"53":0,"54":0,"55":0,"56":0.020192,"57":0.005048},"safari":{"3.1":0,"3.2":0,"4":0,"5":0,"5.1":0,"6":0,"6.1":0,"7":0,"7.1":0,"8":0,"9":0,"9.1":0.002524,"10":0.002524,"10.1":0.005048,"11":0.002524,"11.1":0.002524,"12":0.01262,"0":null},"ios_saf":{"3.2":0.00049174577119407,"4.0-4.1":0.00024587288559704,"4.2-4.3":0.00024587288559704,"5.0-5.1":0.0029504746271644,"6.0-6.1":0.00098349154238815,"7.0-7.1":0.0049174577119407,"8":0.041552517665899,"8.1-8.4":0.010572534080673,"9.0-9.2":0.0078679323391052,"9.3":0.051387433089781,"10.0-10.2":0.036143314182764,"10.3":0.07720408607747,"11.0-11.2":0.11383914603143,"11.3-11.4":0.31324205625063,"12.0-12.1":1.7948720648584},"android":{"2.1":0,"2.2":0.023949624882187,"2.3":0.7184887464656,"3":0.023949624882187,"4":4.1432851046183,"4.1":1.6046248671065,"4.2-4.3":6.0113558454288,"4.4":0,"4.4.3-4.4.4":12.884898186616,"67":null},"ie":{"5.5":0,"6":0,"7":0,"8":0.020888275862069,"9":0.0026110344827586,"10":0.013055172413793,"11":0.039165517241379},"edge":{"12":0.005048,"13":0.007572,"14":0.005048,"15":0.005048,"16":0.020192,"17":0.022716,"18":null},"op_mob":{"10":null,"11":null,"11.1":null,"11.5":null,"12":null,"12.1":null,"0":null},"samsung":{"4":2.0792423309353,"5":0.35171263309353,"6.2":0.27930120863309,"7.2":null},"ie_mob":{"10":0.014952,"11":0.059808},"bb":{"7":0.0014952,"10":0.0059808},"baidu":{"0":null},"and_ff":{"0":0.231756},"and_uc":{"0":2.65398},"and_qq":{"1.2":null},"op_mini":{"0":1.3164696494845},"and_chr":{"0":56.341528}},"total":96.059469822146}