Weeknum,Week of,Residential Score Avg,Cases,Search
35,8/23/2020,24,1351,15
36,8/30/2020,24,1316,15
37,9/6/2020,24,1303,15
38,9/13/2020,24,1245,15
35,8/23/2020,18,1351,8
36,8/30/2020,18,1316,8
37,9/6/2020,18,1303,8
38,9/13/2020,18,1245,8
35,8/23/2020,14.42857143,1351,4
36,8/30/2020,14.42857143,1316,4
37,9/6/2020,14.42857143,1303,4
38,9/13/2020,14.42857143,1245,4
35,8/23/2020,0,1351,1
36,8/30/2020,0,1316,1
37,9/6/2020,0,1303,1
38,9/13/2020,0,1245,1
