{"id":"AD","name":"Andorra","month":"2018-12","access_date":"2019-01-04","data":{"chrome":{"4":0,"5":0,"6":0,"7":0,"8":0,"9":0,"10":0,"11":0,"12":0,"13":0,"14":0,"15":0,"16":0,"17":0,"18":0,"19":0,"20":0,"21":0,"22":0.006105,"23":0,"24":0,"25":0,"26":0,"27":0,"28":0,"29":0,"30":0,"31":0.006105,"32":0,"33":0.006105,"34":0.030525,"35":0,"36":0,"37":0.006105,"38":0.006105,"39":0,"40":0.018315,"41":0.01221,"42":0,"43":0.01221,"44":0,"45":0.01221,"46":0.006105,"47":0.006105,"48":0.01221,"49":0.409035,"50":0.006105,"51":0.006105,"52":0.018315,"53":0.042735,"54":0.006105,"55":0.030525,"56":0.054945,"57":0.067155,"58":1.043955,"59":0.042735,"60":0.018315,"61":0,"62":0.042735,"63":0.030525,"64":0.006105,"65":0.08547,"66":0.067155,"67":0.19536,"68":0.21978,"69":0.23199,"70":7.88766,"71":8.35164,"72":0.02442,"73":0.02442,"74":0},"firefox":{"2":0,"3":0,"3.5":0,"3.6":0,"4":0,"5":0,"6":0,"7":0,"8":0,"9":0,"10":0,"11":0,"12":0,"13":0,"14":0.006105,"15":0,"16":0,"17":0,"18":0,"19":0,"20":0,"21":0,"22":0,"23":0,"24":0,"25":0,"26":0,"27":0,"28":0,"29":0,"30":0,"31":0,"32":0,"33":0,"34":0,"35":0.006105,"36":0,"37":0,"38":0,"39":0,"40":0,"41":0,"42":0,"43":0,"44":0,"45":0.006105,"46":0,"47":0,"48":0.08547,"49":0.018315,"50":0,"51":0.030525,"52":0.054945,"53":0.201465,"54":0.006105,"55":0.006105,"56":0.006105,"57":0,"58":0,"59":0,"60":0.01221,"61":0.018315,"62":0.06105,"63":1.214895,"64":1.39194,"65":0,"66":0},"opera":{"9":0,"9.5-9.6":0,"10.0-10.1":0,"10.5":0,"10.6":0,"11":0,"11.1":0,"11.5":0,"11.6":0,"12":0,"12.1":0,"15":0,"16":0,"17":0,"18":0,"19":0,"20":0,"21":0,"22":0,"23":0,"24":0,"25":0,"26":0,"27":0,"28":0,"29":0,"30":0,"31":0,"32":0,"33":0,"34":0,"35":0,"36":0.006105,"37":0,"38":0,"39":0,"40":0,"41":0,"42":0,"43":0,"44":0,"45":0.006105,"46":0,"47":0,"48":0,"49":0,"50":0,"51":0,"52":0,"53":0,"54":0,"55":0,"56":0.396825,"57":0.04884},"safari":{"3.1":0,"3.2":0,"4":0,"5":0,"5.1":0.042735,"6":0,"6.1":0.01221,"7":0,"7.1":0,"8":0.042735,"9":0.018315,"9.1":0.56166,"10":0.01221,"10.1":0.62271,"11":0.250305,"11.1":0.68376,"12":3.07692,"0":null},"ios_saf":{"3.2":0.005357128415574,"4.0-4.1":0.002678564207787,"4.2-4.3":0.002678564207787,"5.0-5.1":0.032142770493444,"6.0-6.1":0.010714256831148,"7.0-7.1":0.05357128415574,"8":0.452677351116,"8.1-8.4":0.11517826093484,"9.0-9.2":0.085714054649184,"9.3":0.55981991942748,"10.0-10.2":0.39374893854469,"10.3":0.84106916124512,"11.0-11.2":1.2401752282054,"11.3-11.4":3.4124908007206,"12.0-12.1":19.553518716845},"android":{"2.1":0,"2.2":0.00072752591894439,"2.3":0.021825777568332,"3":0.00072752591894439,"4":0.12586198397738,"4.1":0.048744236569274,"4.2-4.3":0.18260900565504,"4.4":0,"4.4.3-4.4.4":0.39140894439208,"67":null},"ie":{"5.5":0,"6":0,"7":0.006105,"8":0.018315,"9":0.018315,"10":0.02442,"11":2.057385},"edge":{"12":0.006105,"13":0.006105,"14":0.042735,"15":0.03663,"16":0.03663,"17":1.532355,"18":null},"op_mob":{"10":null,"11":null,"11.1":null,"11.5":null,"12":null,"12.1":null,"0":null},"samsung":{"4":0.4198883490566,"5":0.010766367924528,"6.2":0.053831839622642,"7.2":null},"ie_mob":{"10":0,"11":0.035055},"bb":{"7":0.001558,"10":0.006232},"baidu":{"0":null},"and_ff":{"0":0.10906},"and_uc":{"0":0.003895},"and_qq":{"1.2":null},"op_mini":{"0":0.033187809278351},"and_chr":{"0":36.529935}},"total":96.482849365882}