{"id":"AS","name":"American Samoa","month":"2018-12","access_date":"2019-01-04","data":{"chrome":{"4":0.006916,"5":0.006916,"6":0.006916,"7":0,"8":0,"9":0,"10":0,"11":0,"12":0.06916,"13":0,"14":0,"15":0.006916,"16":0,"17":0,"18":0.006916,"19":0,"20":0,"21":0,"22":0,"23":0,"24":0.013832,"25":0,"26":0,"27":0,"28":0,"29":0,"30":0,"31":0.006916,"32":0,"33":0.013832,"34":0,"35":0,"36":0,"37":0.006916,"38":0.062244,"39":0.013832,"40":0.020748,"41":0,"42":0.027664,"43":0,"44":0.006916,"45":0,"46":0.03458,"47":0.048412,"48":0.006916,"49":0.740012,"50":0.027664,"51":0,"52":0.013832,"53":0,"54":0,"55":0.110656,"56":0,"57":0.463372,"58":0,"59":0,"60":0.096824,"61":0,"62":0.020748,"63":0.338884,"64":0.006916,"65":0.048412,"66":0.055328,"67":0.048412,"68":0.027664,"69":0.387296,"70":13.921908,"71":16.570736,"72":0.013832,"73":0,"74":0},"firefox":{"2":0,"3":0,"3.5":0,"3.6":0.006916,"4":0,"5":0,"6":0,"7":0,"8":0,"9":0,"10":0,"11":0,"12":0.013832,"13":0,"14":0.006916,"15":0,"16":0,"17":0,"18":0,"19":0,"20":0,"21":0,"22":0,"23":0,"24":0,"25":0,"26":0,"27":0,"28":0,"29":0,"30":0,"31":0,"32":0,"33":0,"34":0,"35":0,"36":0.048412,"37":0,"38":0,"39":0,"40":0,"41":0,"42":0,"43":0,"44":0,"45":0.013832,"46":0,"47":0.027664,"48":0.373464,"49":0,"50":0,"51":0.020748,"52":0.006916,"53":0,"54":0.03458,"55":0,"56":0,"57":0.006916,"58":0,"59":0.020748,"60":0.03458,"61":0,"62":0.020748,"63":0.947492,"64":0.684684,"65":0,"66":0},"opera":{"9":0,"9.5-9.6":0,"10.0-10.1":0,"10.5":0,"10.6":0,"11":0,"11.1":0,"11.5":0,"11.6":0,"12":0,"12.1":0.006916,"15":0,"16":0,"17":0,"18":0,"19":0,"20":0,"21":0,"22":0,"23":0,"24":0,"25":0,"26":0,"27":0,"28":0,"29":0,"30":0,"31":0,"32":0,"33":0,"34":0,"35":0,"36":0,"37":0,"38":0,"39":0,"40":0,"41":0,"42":0,"43":0,"44":0,"45":0,"46":0,"47":0,"48":0,"49":0.228228,"50":0,"51":0,"52":0,"53":0,"54":0,"55":0,"56":0.352716,"57":0.13832},"safari":{"3.1":0,"3.2":0,"4":0,"5":0.020748,"5.1":0.048412,"6":0,"6.1":0,"7":0,"7.1":0,"8":0.006916,"9":0.013832,"9.1":0.062244,"10":0.055328,"10.1":0.574028,"11":0.055328,"11.1":0.20748,"12":0.919828,"0":null},"ios_saf":{"3.2":0.0038518907016315,"4.0-4.1":0.0019259453508157,"4.2-4.3":0.0019259453508157,"5.0-5.1":0.023111344209789,"6.0-6.1":0.0077037814032629,"7.0-7.1":0.038518907016315,"8":0.32548476428786,"8.1-8.4":0.082815650085077,"9.0-9.2":0.061630251226103,"9.3":0.40252257832049,"10.0-10.2":0.28311396656991,"10.3":0.60474684015614,"11.0-11.2":0.89171269742769,"11.3-11.4":2.4536543769392,"12.0-12.1":14.059401060955},"android":{"2.1":0,"2.2":0.0020365428840716,"2.3":0.061096286522149,"3":0.0020365428840716,"4":0.35232191894439,"4.1":0.1364483732328,"4.2-4.3":0.51117226390198,"4.4":0,"4.4.3-4.4.4":1.0956600716305,"67":null},"ie":{"5.5":0,"6":0,"7":0,"8":0,"9":0.006916,"10":0.03458,"11":0.96824},"edge":{"12":0.03458,"13":0.03458,"14":0.062244,"15":0.055328,"16":0.13832,"17":1.009736,"18":null},"op_mob":{"10":null,"11":null,"11.1":null,"11.5":null,"12":null,"12.1":null,"0":null},"samsung":{"4":0.28644192,"5":0.066836448,"6.2":0,"7.2":null},"ie_mob":{"10":0,"11":0.074016},"bb":{"7":0,"10":0},"baidu":{"0":null},"and_ff":{"0":0.070932},"and_uc":{"0":0.47802},"and_qq":{"1.2":null},"op_mini":{"0":0.97227074226804},"and_chr":{"0":33.227924}},"total":97.141673110268}