{"id":"AX","name":"Aland Islands","month":"2018-12","access_date":"2019-01-04","data":{"chrome":{"4":0,"5":0,"6":0,"7":0,"8":0,"9":0,"10":0,"11":0,"12":0,"13":0,"14":0,"15":0,"16":0,"17":0,"18":0,"19":0,"20":0,"21":0,"22":0,"23":0,"24":0,"25":0,"26":0,"27":0,"28":0,"29":0,"30":0,"31":0,"32":0,"33":0,"34":0.030428,"35":0,"36":0,"37":0.007607,"38":0,"39":0,"40":0,"41":0.015214,"42":0.007607,"43":0,"44":0.007607,"45":0.015214,"46":0.038035,"47":0.007607,"48":0.981303,"49":0.829163,"50":0.022821,"51":0.015214,"52":0.144533,"53":0.015214,"54":0.007607,"55":0.022821,"56":0.083677,"57":0.091284,"58":1.582256,"59":0,"60":0.022821,"61":0,"62":0.015214,"63":0.045642,"64":0.007607,"65":0,"66":0.022821,"67":0.030428,"68":0.045642,"69":0.197782,"70":10.482446,"71":8.055813,"72":0.007607,"73":0.083677,"74":0},"firefox":{"2":0,"3":0.114105,"3.5":0,"3.6":0,"4":0,"5":0,"6":0,"7":0,"8":0,"9":0,"10":0,"11":0,"12":0,"13":0,"14":0,"15":0,"16":0,"17":0,"18":0,"19":0,"20":0,"21":0,"22":0,"23":0,"24":0,"25":0.007607,"26":0,"27":0,"28":0,"29":0,"30":0,"31":0,"32":0,"33":0,"34":0,"35":0,"36":0,"37":0,"38":0,"39":0,"40":0,"41":0,"42":0,"43":0,"44":0,"45":0.007607,"46":0,"47":0,"48":0.015214,"49":0,"50":0.007607,"51":0.007607,"52":0.15214,"53":0.30428,"54":0.007607,"55":0,"56":0.030428,"57":0.007607,"58":0.114105,"59":0,"60":0.045642,"61":0.038035,"62":0.144533,"63":3.027586,"64":1.810466,"65":0,"66":0},"opera":{"9":0,"9.5-9.6":0.007607,"10.0-10.1":0,"10.5":0,"10.6":0,"11":0,"11.1":0,"11.5":0,"11.6":0,"12":0,"12.1":0,"15":0,"16":0,"17":0,"18":0,"19":0,"20":0,"21":0,"22":0,"23":0,"24":0,"25":0,"26":0,"27":0,"28":0,"29":0,"30":0,"31":0,"32":0,"33":0,"34":0,"35":0,"36":0,"37":0.144533,"38":0,"39":0,"40":0,"41":0,"42":0.007607,"43":0,"44":0,"45":0.007607,"46":0,"47":0,"48":0,"49":0.007607,"50":0,"51":0,"52":0,"53":0,"54":0,"55":0,"56":0.654202,"57":0.114105},"safari":{"3.1":0,"3.2":0,"4":0.144533,"5":0,"5.1":0,"6":0,"6.1":0,"7":0,"7.1":0,"8":0.007607,"9":2.183209,"9.1":0.114105,"10":0.007607,"10.1":0.159747,"11":1.125836,"11.1":0.365136,"12":4.18385,"0":null},"ios_saf":{"3.2":0.0066187490741668,"4.0-4.1":0.0033093745370834,"4.2-4.3":0.0033093745370834,"5.0-5.1":0.039712494445001,"6.0-6.1":0.013237498148334,"7.0-7.1":0.066187490741667,"8":0.55928429676709,"8.1-8.4":0.14230310509459,"9.0-9.2":0.10589998518667,"9.3":0.69165927825043,"10.0-10.2":0.48647805695126,"10.3":1.0391436046442,"11.0-11.2":1.5322404106696,"11.3-11.4":4.2161431602442,"12.0-12.1":24.158434120709},"android":{"2.1":0,"2.2":0.00023667200754006,"2.3":0.0071001602262017,"3":0.00023667200754006,"4":0.04094425730443,"4.1":0.015857024505184,"4.2-4.3":0.059404673892554,"4.4":0,"4.4.3-4.4.4":0.12732954005655,"67":null},"ie":{"5.5":0,"6":0.39202281034483,"7":0.41069056321839,"8":1.6334283764368,"9":0.39202281034483,"10":0.86805050862069,"11":2.8001629310345},"edge":{"12":0.007607,"13":0.068463,"14":0.167354,"15":0.022821,"16":0.106498,"17":2.198423,"18":null},"op_mob":{"10":null,"11":null,"11.1":null,"11.5":null,"12":null,"12.1":null,"0":null},"samsung":{"4":0.16724411111111,"5":0.0098378888888889,"6.2":0,"7.2":null},"ie_mob":{"10":0,"11":0.236907},"bb":{"7":0,"10":0},"baidu":{"0":null},"and_ff":{"0":0.59825},"and_uc":{"0":0.193833},"and_qq":{"1.2":null},"op_mini":{"0":0.35342389690722},"and_chr":{"0":14.812966}},"total":96.774861896907}