{"id":"BJ","name":"Benin","month":"2018-12","access_date":"2019-01-04","data":{"chrome":{"4":0,"5":0,"6":0,"7":0,"8":0,"9":0,"10":0,"11":0,"12":0.004975,"13":0,"14":0.004975,"15":0.004975,"16":0.004975,"17":0,"18":0.004975,"19":0.00995,"20":0,"21":0,"22":0.014925,"23":0,"24":0.004975,"25":0.004975,"26":0.004975,"27":0.034825,"28":0,"29":0,"30":0.004975,"31":0.00995,"32":0,"33":0.004975,"34":0.004975,"35":0,"36":0,"37":0,"38":0,"39":0,"40":0.00995,"41":0.004975,"42":0,"43":0.0199,"44":0.004975,"45":0.00995,"46":0.00995,"47":0.00995,"48":0.00995,"49":0.154225,"50":0.004975,"51":0.00995,"52":0.004975,"53":0.0796,"54":0.004975,"55":0.0199,"56":0.054725,"57":0.02985,"58":0.7562,"59":0.014925,"60":0.02985,"61":0.024875,"62":0.04975,"63":0.1393,"64":0.04975,"65":0.32835,"66":0.02985,"67":0.10945,"68":0.16915,"69":0.293525,"70":5.925225,"71":5.48245,"72":0.00995,"73":0,"74":0},"firefox":{"2":0,"3":0.004975,"3.5":0,"3.6":0.004975,"4":0,"5":0,"6":0,"7":0,"8":0,"9":0,"10":0,"11":0.004975,"12":0,"13":0,"14":0,"15":0.054725,"16":0.004975,"17":0,"18":0,"19":0,"20":0,"21":0.004975,"22":0,"23":0,"24":0,"25":0,"26":0,"27":0.004975,"28":0,"29":0,"30":0.004975,"31":0,"32":0.004975,"33":0,"34":0.004975,"35":0.02985,"36":0,"37":0.004975,"38":0.004975,"39":0.004975,"40":0.00995,"41":0.024875,"42":0.00995,"43":0.0398,"44":0.00995,"45":0.00995,"46":0,"47":0.0398,"48":0.064675,"49":0.004975,"50":0.00995,"51":0.014925,"52":0.08955,"53":0.06965,"54":0.014925,"55":0.004975,"56":0.02985,"57":0.014925,"58":0.004975,"59":0.00995,"60":0.054725,"61":0.044775,"62":0.054725,"63":1.557175,"64":1.34325,"65":0.034825,"66":0},"opera":{"9":0,"9.5-9.6":0,"10.0-10.1":0,"10.5":0,"10.6":0,"11":0,"11.1":0,"11.5":0,"11.6":0,"12":0,"12.1":0.124375,"15":0,"16":0.004975,"17":0,"18":0,"19":0.00995,"20":0.0597,"21":0.004975,"22":0.004975,"23":0.054725,"24":0.004975,"25":0,"26":0.00995,"27":0.00995,"28":0.014925,"29":0.004975,"30":0.00995,"31":0,"32":0.014925,"33":0.014925,"34":0.004975,"35":0.004975,"36":0.00995,"37":0,"38":0.004975,"39":0,"40":0,"41":0,"42":0.00995,"43":0.044775,"44":0,"45":0.004975,"46":0.004975,"47":0,"48":0,"49":0.024875,"50":0,"51":0,"52":0,"53":0.014925,"54":0.004975,"55":0.004975,"56":1.348225,"57":0.363175},"safari":{"3.1":0,"3.2":0,"4":0,"5":0.0199,"5.1":0.004975,"6":0,"6.1":0.00995,"7":0,"7.1":0,"8":0.004975,"9":0.074625,"9.1":0.014925,"10":0.004975,"10.1":0.0398,"11":0.0199,"11.1":0.074625,"12":0.4776,"0":null},"ios_saf":{"3.2":0.00062944650185167,"4.0-4.1":0.00031472325092583,"4.2-4.3":0.00031472325092583,"5.0-5.1":0.00377667901111,"6.0-6.1":0.0012588930037033,"7.0-7.1":0.0062944650185167,"8":0.053188229406466,"8.1-8.4":0.013533099789811,"9.0-9.2":0.010071144029627,"9.3":0.065777159443499,"10.0-10.2":0.046264317886097,"10.3":0.098823100790712,"11.0-11.2":0.14571686517866,"11.3-11.4":0.40095742167951,"12.0-12.1":2.2974797317586},"android":{"2.1":0,"2.2":0.0012971017907634,"2.3":0.038913053722903,"3":0.0012971017907634,"4":0.22439860980207,"4.1":0.08690581998115,"4.2-4.3":0.32557254948162,"4.4":0,"4.4.3-4.4.4":0.69784076343073,"67":null},"ie":{"5.5":0,"6":0.004975,"7":0.004975,"8":0.10945,"9":0.004975,"10":0.024875,"11":0.2189},"edge":{"12":0.034825,"13":0.044775,"14":0.0398,"15":0.024875,"16":0.0398,"17":0.233825,"18":null},"op_mob":{"10":null,"11":null,"11.1":null,"11.5":null,"12":null,"12.1":null,"0":null},"samsung":{"4":0.17438108108108,"5":0.014531756756757,"6.2":0.021797635135135,"7.2":null},"ie_mob":{"10":0.022760294117647,"11":0.36416470588235},"bb":{"7":0.041205,"10":0.16482},"baidu":{"0":null},"and_ff":{"0":0.165825},"and_uc":{"0":3.6381},"and_qq":{"1.2":null},"op_mini":{"0":17.354795876289},"and_chr":{"0":37.764025}},"total":85.669381349262}