{"id":"BN","name":"Brunei Darussalam","month":"2018-12","access_date":"2019-01-04","data":{"chrome":{"4":0,"5":0,"6":0,"7":0,"8":0,"9":0,"10":0,"11":0,"12":0,"13":0,"14":0,"15":0,"16":0,"17":0,"18":0,"19":0,"20":0,"21":0,"22":0.004781,"23":0,"24":0,"25":0,"26":0.004781,"27":0,"28":0,"29":0.004781,"30":0.004781,"31":0.004781,"32":0,"33":0.004781,"34":0.014343,"35":0,"36":0.004781,"37":0.004781,"38":0.014343,"39":0,"40":0.009562,"41":0.004781,"42":0,"43":0,"44":0.004781,"45":0.004781,"46":0.004781,"47":0.004781,"48":0.004781,"49":0.28686,"50":0.004781,"51":0.004781,"52":0.009562,"53":0.009562,"54":0.004781,"55":0.019124,"56":0.033467,"57":0.066934,"58":0.564158,"59":0.014343,"60":0.014343,"61":0.014343,"62":0.009562,"63":0.052591,"64":0.009562,"65":0.081277,"66":0.023905,"67":0.114744,"68":0.071715,"69":0.109963,"70":6.373073,"71":6.35873,"72":0.04781,"73":0.014343,"74":0},"firefox":{"2":0,"3":0,"3.5":0.004781,"3.6":0,"4":0,"5":0,"6":0,"7":0,"8":0,"9":0,"10":0,"11":0,"12":0.004781,"13":0,"14":0,"15":0,"16":0,"17":0,"18":0,"19":0,"20":0,"21":0,"22":0,"23":0,"24":0,"25":0,"26":0,"27":0,"28":0,"29":0.004781,"30":0,"31":0.004781,"32":0.014343,"33":0,"34":0.004781,"35":0,"36":0,"37":0,"38":0,"39":0,"40":0,"41":0,"42":0,"43":0.028686,"44":0.004781,"45":0.004781,"46":0,"47":0.009562,"48":0.023905,"49":0.004781,"50":0.004781,"51":0.004781,"52":0.105182,"53":0.114744,"54":0.009562,"55":0.004781,"56":0.019124,"57":0.004781,"58":0,"59":0.014343,"60":0.014343,"61":0.014343,"62":0.052591,"63":0.86058,"64":0.898828,"65":0.043029,"66":0},"opera":{"9":0,"9.5-9.6":0,"10.0-10.1":0,"10.5":0,"10.6":0,"11":0,"11.1":0,"11.5":0,"11.6":0,"12":0,"12.1":0.028686,"15":0,"16":0.004781,"17":0,"18":0.004781,"19":0,"20":0.009562,"21":0,"22":0.004781,"23":0,"24":0,"25":0,"26":0,"27":0,"28":0.004781,"29":0,"30":0,"31":0,"32":0.009562,"33":0.004781,"34":0,"35":0,"36":0,"37":0.157773,"38":0.004781,"39":0,"40":0,"41":0,"42":0,"43":0.004781,"44":0,"45":0.004781,"46":0,"47":0,"48":0.009562,"49":0.062153,"50":0,"51":0,"52":0,"53":0,"54":0,"55":0,"56":0.215145,"57":0.081277},"safari":{"3.1":0,"3.2":0,"4":0,"5":0.004781,"5.1":0.004781,"6":0,"6.1":0.009562,"7":0.004781,"7.1":0,"8":0.004781,"9":0.009562,"9.1":0.052591,"10":0.014343,"10.1":0.210364,"11":0.109963,"11.1":0.234269,"12":0.678902,"0":null},"ios_saf":{"3.2":0.0035408535682114,"4.0-4.1":0.0017704267841057,"4.2-4.3":0.0017704267841057,"5.0-5.1":0.021245121409268,"6.0-6.1":0.0070817071364228,"7.0-7.1":0.035408535682114,"8":0.29920212651386,"8.1-8.4":0.076128351716545,"9.0-9.2":0.056653657091382,"9.3":0.37001919787809,"10.0-10.2":0.26025273726354,"10.3":0.55591401020919,"11.0-11.2":0.81970760104094,"11.3-11.4":2.2555237229507,"12.0-12.1":12.924115523972},"android":{"2.1":0,"2.2":0.0014003119698398,"2.3":0.042009359095193,"3":0.0014003119698398,"4":0.24225397078228,"4.1":0.093820901979265,"4.2-4.3":0.35147830442978,"4.4":0,"4.4.3-4.4.4":0.7533678397738,"67":null},"ie":{"5.5":0,"6":0,"7":0,"8":0.014343,"9":0.023905,"10":0.019124,"11":0.4781},"edge":{"12":0.009562,"13":0.004781,"14":0.023905,"15":0.038248,"16":0.019124,"17":0.487662,"18":null},"op_mob":{"10":null,"11":null,"11.1":null,"11.5":null,"12":null,"12.1":null,"0":null},"samsung":{"4":1.0327987985612,"5":0.077947079136691,"6.2":0.10717723381295,"7.2":null},"ie_mob":{"10":0.015657,"11":0.015657},"bb":{"7":0.0010438,"10":0.0041752},"baidu":{"0":null},"and_ff":{"0":0.193103},"and_uc":{"0":3.011363},"and_qq":{"1.2":null},"op_mini":{"0":6.304731347079},"and_chr":{"0":41.895927}},"total":91.60308045859}