{"id":"BS","name":"Bahamas","month":"2018-12","access_date":"2019-01-04","data":{"chrome":{"4":0,"5":0,"6":0,"7":0,"8":0,"9":0,"10":0,"11":0,"12":0,"13":0,"14":0,"15":0,"16":0,"17":0,"18":0,"19":0,"20":0,"21":0,"22":0,"23":0,"24":0,"25":0,"26":0,"27":0,"28":0.00557,"29":0,"30":0,"31":0,"32":0,"33":0,"34":0.00557,"35":0,"36":0.00557,"37":0.00557,"38":0.00557,"39":0,"40":0.01671,"41":0,"42":0.00557,"43":0.00557,"44":0.00557,"45":0.00557,"46":0.00557,"47":0.02228,"48":0.00557,"49":0.36205,"50":0.01114,"51":0.00557,"52":0.00557,"53":0.03899,"54":0.00557,"55":0.01114,"56":0.01671,"57":0.02228,"58":0.33977,"59":0.00557,"60":0.00557,"61":0.03342,"62":0.01114,"63":0.01114,"64":0.01671,"65":0.0557,"66":0.02785,"67":0.13925,"68":0.07241,"69":0.21166,"70":7.09061,"71":5.55886,"72":0.01114,"73":0,"74":0},"firefox":{"2":0,"3":0,"3.5":0,"3.6":0,"4":0,"5":0,"6":0,"7":0,"8":0,"9":0,"10":0,"11":0,"12":0,"13":0,"14":0,"15":0,"16":0,"17":0,"18":0,"19":0,"20":0,"21":0,"22":0,"23":0,"24":0,"25":0,"26":0,"27":0,"28":0,"29":0,"30":0,"31":0,"32":0,"33":0.01114,"34":0,"35":0,"36":0,"37":0,"38":0,"39":0,"40":0,"41":0.01671,"42":0,"43":0,"44":0,"45":0.00557,"46":0,"47":0,"48":0.03342,"49":0,"50":0,"51":0,"52":0.03899,"53":0.06127,"54":0,"55":0,"56":0.00557,"57":0.00557,"58":0,"59":0.00557,"60":0.03899,"61":0.00557,"62":0.01671,"63":0.69068,"64":0.64612,"65":0.00557,"66":0},"opera":{"9":0,"9.5-9.6":0,"10.0-10.1":0,"10.5":0,"10.6":0,"11":0,"11.1":0,"11.5":0,"11.6":0,"12":0,"12.1":0,"15":0,"16":0,"17":0,"18":0,"19":0,"20":0,"21":0,"22":0,"23":0,"24":0,"25":0,"26":0,"27":0,"28":0,"29":0.00557,"30":0,"31":0,"32":0,"33":0,"34":0,"35":0,"36":0,"37":0,"38":0,"39":0,"40":0,"41":0,"42":0,"43":0,"44":0,"45":0,"46":0,"47":0,"48":0,"49":0.01114,"50":0,"51":0,"52":0,"53":0,"54":0,"55":0,"56":0.13925,"57":0.02785},"safari":{"3.1":0,"3.2":0,"4":0,"5":0,"5.1":0,"6":0,"6.1":0.00557,"7":0,"7.1":0,"8":0.00557,"9":0.00557,"9.1":0.0557,"10":0.01114,"10.1":0.12811,"11":0.06127,"11.1":0.28964,"12":0.9469,"0":null},"ios_saf":{"3.2":0.0048389030127114,"4.0-4.1":0.0024194515063557,"4.2-4.3":0.0024194515063557,"5.0-5.1":0.029033418076269,"6.0-6.1":0.0096778060254229,"7.0-7.1":0.048389030127114,"8":0.40888730457412,"8.1-8.4":0.1040364147733,"9.0-9.2":0.077422448203383,"9.3":0.50566536482835,"10.0-10.2":0.35565937143429,"10.3":0.7597077729957,"11.0-11.2":1.1202060474427,"11.3-11.4":3.0823812190972,"12.0-12.1":17.661995996397},"android":{"2.1":0,"2.2":0.0012681432610745,"2.3":0.038044297832234,"3":0.0012681432610745,"4":0.21938878416588,"4.1":0.084965598491989,"4.2-4.3":0.31830395852969,"4.4":0,"4.4.3-4.4.4":0.68226107445806,"67":null},"ie":{"5.5":0,"6":0,"7":0,"8":0.01671,"9":0.01671,"10":0.03899,"11":1.9495},"edge":{"12":0.01671,"13":0.06127,"14":0.16153,"15":0.1671,"16":0.26179,"17":2.36168,"18":null},"op_mob":{"10":null,"11":null,"11.1":null,"11.5":null,"12":null,"12.1":null,"0":null},"samsung":{"4":0.693823056,"5":0.186400224,"6.2":0.248533632,"7.2":null},"ie_mob":{"10":0,"11":0.05759},"bb":{"7":0.015948,"10":0.063792},"baidu":{"0":null},"and_ff":{"0":0.09746},"and_uc":{"0":0.07531},"and_qq":{"1.2":null},"op_mini":{"0":0.14679132302405},"and_chr":{"0":41.01587}},"total":90.622558235024}