{"id":"BT","name":"Bhutan","month":"2018-12","access_date":"2019-01-04","data":{"chrome":{"4":0,"5":0,"6":0,"7":0,"8":0,"9":0,"10":0,"11":0,"12":0,"13":0,"14":0,"15":0,"16":0,"17":0,"18":0,"19":0,"20":0,"21":0,"22":0.002643,"23":0,"24":0.002643,"25":0,"26":0,"27":0,"28":0,"29":0.013215,"30":0.005286,"31":0.015858,"32":0,"33":0.002643,"34":0.010572,"35":0.002643,"36":0.002643,"37":0.005286,"38":0.002643,"39":0,"40":0.002643,"41":0.002643,"42":0,"43":0,"44":0.002643,"45":0.005286,"46":0.010572,"47":0,"48":0.002643,"49":0.066075,"50":0,"51":0.007929,"52":0.007929,"53":0.002643,"54":0.002643,"55":0.010572,"56":0.023787,"57":0.042288,"58":0.414951,"59":0.029073,"60":0.007929,"61":0.005286,"62":0.002643,"63":0.007929,"64":0.005286,"65":0.068718,"66":0.002643,"67":0.034359,"68":0.018501,"69":0.034359,"70":1.881816,"71":1.847457,"72":0.018501,"73":0.007929,"74":0},"firefox":{"2":0,"3":0,"3.5":0,"3.6":0.002643,"4":0,"5":0,"6":0,"7":0,"8":0,"9":0,"10":0,"11":0,"12":0,"13":0,"14":0,"15":0,"16":0,"17":0,"18":0,"19":0,"20":0,"21":0,"22":0,"23":0,"24":0,"25":0,"26":0,"27":0,"28":0,"29":0.002643,"30":0,"31":0,"32":0,"33":0,"34":0.005286,"35":0,"36":0,"37":0,"38":0,"39":0,"40":0.021144,"41":0,"42":0,"43":0.002643,"44":0.002643,"45":0.005286,"46":0,"47":0.002643,"48":0.005286,"49":0.002643,"50":0,"51":0.002643,"52":0.034359,"53":0.084576,"54":0.005286,"55":0,"56":0,"57":0.002643,"58":0.002643,"59":0.002643,"60":0.010572,"61":0,"62":0.021144,"63":0.319803,"64":0.222012,"65":0.044931,"66":0},"opera":{"9":0,"9.5-9.6":0,"10.0-10.1":0,"10.5":0,"10.6":0,"11":0,"11.1":0,"11.5":0,"11.6":0,"12":0,"12.1":0.010572,"15":0,"16":0,"17":0,"18":0,"19":0,"20":0,"21":0,"22":0,"23":0,"24":0,"25":0,"26":0,"27":0,"28":0.002643,"29":0,"30":0,"31":0,"32":0,"33":0,"34":0,"35":0,"36":0,"37":0.050217,"38":0,"39":0,"40":0,"41":0,"42":0,"43":0,"44":0,"45":0.010572,"46":0,"47":0,"48":0,"49":0.007929,"50":0,"51":0,"52":0,"53":0,"54":0,"55":0,"56":0.05286,"57":0.034359},"safari":{"3.1":0,"3.2":0,"4":0,"5":0,"5.1":0,"6":0,"6.1":0,"7":0,"7.1":0,"8":0,"9":0,"9.1":0.002643,"10":0.002643,"10.1":0.021144,"11":0.002643,"11.1":0.023787,"12":0.134793,"0":null},"ios_saf":{"3.2":0.0014312723451106,"4.0-4.1":0.0007156361725553,"4.2-4.3":0.0007156361725553,"5.0-5.1":0.0085876340706636,"6.0-6.1":0.0028625446902212,"7.0-7.1":0.014312723451106,"8":0.12094251316185,"8.1-8.4":0.030772355419878,"9.0-9.2":0.02290035752177,"9.3":0.14956796006406,"10.0-10.2":0.10519851736563,"10.3":0.22470975818236,"11.0-11.2":0.3313395478931,"11.3-11.4":0.91172048383545,"12.0-12.1":5.2241440596537},"android":{"2.1":0,"2.2":0.00043517059377945,"2.3":0.013055117813384,"3":0.00043517059377945,"4":0.075284512723845,"4.1":0.029156429783223,"4.2-4.3":0.10922781903864,"4.4":0,"4.4.3-4.4.4":0.23412177945335,"67":null},"ie":{"5.5":0,"6":0,"7":0,"8":0.010572,"9":0.002643,"10":0.002643,"11":0.07929},"edge":{"12":0.007929,"13":0.039645,"14":0.010572,"15":0.007929,"16":0.010572,"17":0.095148,"18":null},"op_mob":{"10":null,"11":null,"11.1":null,"11.5":null,"12":null,"12.1":null,"0":null},"samsung":{"4":3.7701763366337,"5":0.29968068316832,"6.2":0.68636543564356,"7.2":null},"ie_mob":{"10":0.042135545454545,"11":0.11236145454545},"bb":{"7":0.0014714,"10":0.0058856},"baidu":{"0":null},"and_ff":{"0":0.132426},"and_uc":{"0":5.8856},"and_qq":{"1.2":null},"op_mini":{"0":2.9044601701031},"and_chr":{"0":65.594178}},"total":93.119991625549}