{"id":"BW","name":"Botswana","month":"2018-12","access_date":"2019-01-04","data":{"chrome":{"4":0,"5":0,"6":0,"7":0,"8":0,"9":0,"10":0,"11":0.006632,"12":0,"13":0,"14":0,"15":0,"16":0,"17":0,"18":0,"19":0,"20":0,"21":0,"22":0.006632,"23":0,"24":0,"25":0,"26":0.006632,"27":0.006632,"28":0,"29":0.006632,"30":0.013264,"31":0.006632,"32":0,"33":0.053056,"34":0.053056,"35":0,"36":0.006632,"37":0.006632,"38":0.013264,"39":0.006632,"40":0.046424,"41":0.019896,"42":0.006632,"43":0.106112,"44":0.039792,"45":0.026528,"46":0.03316,"47":0.006632,"48":0.03316,"49":0.424448,"50":0.019896,"51":0.026528,"52":0.06632,"53":0.019896,"54":0.026528,"55":0.079584,"56":0.1658,"57":0.26528,"58":2.61964,"59":0.013264,"60":0.06632,"61":0.013264,"62":0.013264,"63":0.271912,"64":0.053056,"65":0.212224,"66":0.086216,"67":0.338232,"68":0.238752,"69":0.338232,"70":10.723944,"71":7.368152,"72":0.03316,"73":0.006632,"74":0},"firefox":{"2":0,"3":0,"3.5":0,"3.6":0.006632,"4":0,"5":0,"6":0,"7":0,"8":0,"9":0,"10":0,"11":0.006632,"12":0,"13":0,"14":0,"15":0,"16":0.006632,"17":0,"18":0,"19":0,"20":0,"21":0,"22":0.006632,"23":0,"24":0,"25":0,"26":0,"27":0,"28":0,"29":0,"30":0,"31":0,"32":0.570352,"33":0.006632,"34":0.026528,"35":0.013264,"36":0.006632,"37":0,"38":0,"39":0,"40":0.019896,"41":0.006632,"42":0,"43":0.039792,"44":0.026528,"45":0.039792,"46":0.006632,"47":0.079584,"48":0.06632,"49":0.03316,"50":0.006632,"51":0.006632,"52":0.106112,"53":0.477504,"54":0.006632,"55":0.006632,"56":0.059688,"57":0.013264,"58":0.006632,"59":0.006632,"60":0.19896,"61":0.053056,"62":0.1658,"63":2.68596,"64":1.531992,"65":0.145904,"66":0},"opera":{"9":0,"9.5-9.6":0,"10.0-10.1":0,"10.5":0,"10.6":0,"11":0,"11.1":0,"11.5":0,"11.6":0,"12":0.013264,"12.1":0.006632,"15":0,"16":0,"17":0.059688,"18":0,"19":0,"20":0,"21":0.006632,"22":0.006632,"23":0,"24":0,"25":0,"26":0,"27":0,"28":0,"29":0,"30":0,"31":0,"32":0,"33":0,"34":0,"35":0,"36":0.03316,"37":0.006632,"38":0.006632,"39":0,"40":0,"41":0,"42":0,"43":0.019896,"44":0,"45":0.013264,"46":0,"47":0,"48":0,"49":0.026528,"50":0,"51":0,"52":0,"53":0.013264,"54":0.006632,"55":0.006632,"56":0.669832,"57":0.205592},"safari":{"3.1":0,"3.2":0,"4":0.019896,"5":0,"5.1":0,"6":0,"6.1":0,"7":0,"7.1":0,"8":0,"9":0.006632,"9.1":0.139272,"10":0.039792,"10.1":0.059688,"11":0.106112,"11.1":0.19896,"12":0.955008,"0":null},"ios_saf":{"3.2":0.0011805937343609,"4.0-4.1":0.00059029686718046,"4.2-4.3":0.00059029686718046,"5.0-5.1":0.0070835624061655,"6.0-6.1":0.0023611874687218,"7.0-7.1":0.011805937343609,"8":0.099760170553498,"8.1-8.4":0.02538276528876,"9.0-9.2":0.018889499749775,"9.3":0.12337204524072,"10.0-10.2":0.086773639475528,"10.3":0.18535321629467,"11.0-11.2":0.27330744950455,"11.3-11.4":0.75203820878791,"12.0-12.1":4.3091671304174},"android":{"2.1":0,"2.2":0.002545575871819,"2.3":0.076367276154571,"3":0.002545575871819,"4":0.44038462582469,"4.1":0.17055358341188,"4.2-4.3":0.63893954382658,"4.4":0,"4.4.3-4.4.4":1.3695198190386,"67":null},"ie":{"5.5":0,"6":0,"7":0,"8":0.45777463316583,"9":0.05385583919598,"10":0.13463959798995,"11":2.0330579296482},"edge":{"12":0.252016,"13":0.139272,"14":0.13264,"15":0.225488,"16":0.218856,"17":0.988168,"18":null},"op_mob":{"10":null,"11":null,"11.1":null,"11.5":null,"12":null,"12.1":null,"0":null},"samsung":{"4":0.95164317192982,"5":0.033987256140351,"6.2":0.059477698245614,"7.2":null},"ie_mob":{"10":0.046212093023256,"11":0.35121190697674},"bb":{"7":0.0343536,"10":0.1374144},"baidu":{"0":null},"and_ff":{"0":0.528776},"and_uc":{"0":2.081424},"and_qq":{"1.2":null},"op_mini":{"0":3.0259859656357},"and_chr":{"0":37.911472}},"total":91.470022091952}