{"id":"BZ","name":"Belize","month":"2018-12","access_date":"2019-01-04","data":{"chrome":{"4":0,"5":0,"6":0,"7":0,"8":0,"9":0,"10":0,"11":0,"12":0,"13":0,"14":0,"15":0,"16":0,"17":0,"18":0,"19":0,"20":0,"21":0,"22":0.012334,"23":0,"24":0,"25":0,"26":0,"27":0,"28":0.012334,"29":0.06167,"30":0.043169,"31":0.024668,"32":0.006167,"33":0.006167,"34":0.043169,"35":0,"36":0.055503,"37":0.111006,"38":0.06167,"39":0,"40":0.006167,"41":0.006167,"42":0,"43":0,"44":0.006167,"45":0.012334,"46":0.006167,"47":0,"48":0.030835,"49":0.178843,"50":0.006167,"51":0.012334,"52":0.018501,"53":0.037002,"54":0.012334,"55":0.067837,"56":0.067837,"57":0.104839,"58":1.258068,"59":0,"60":0.030835,"61":0.012334,"62":0.030835,"63":0.012334,"64":0.055503,"65":0.055503,"66":0.018501,"67":0.117173,"68":0.080171,"69":0.172676,"70":9.528015,"71":8.306949,"72":0.043169,"73":0.006167,"74":0},"firefox":{"2":0,"3":0,"3.5":0,"3.6":0,"4":0,"5":0,"6":0,"7":0,"8":0,"9":0,"10":0,"11":0,"12":0.006167,"13":0,"14":0,"15":0,"16":0,"17":0,"18":0,"19":0,"20":0,"21":0,"22":0,"23":0,"24":0,"25":0,"26":0,"27":0,"28":0,"29":0.030835,"30":0,"31":0.012334,"32":0,"33":0,"34":0.037002,"35":0,"36":0,"37":0,"38":0,"39":0,"40":0,"41":0,"42":0,"43":0,"44":0,"45":0.006167,"46":0,"47":0.012334,"48":0.006167,"49":0,"50":0,"51":0.006167,"52":0.037002,"53":0.24668,"54":0.006167,"55":0.006167,"56":0.024668,"57":0,"58":0,"59":0.030835,"60":0.018501,"61":0.006167,"62":0.018501,"63":1.455412,"64":1.473913,"65":0.024668,"66":0},"opera":{"9":0,"9.5-9.6":0,"10.0-10.1":0,"10.5":0,"10.6":0,"11":0,"11.1":0,"11.5":0,"11.6":0,"12":0,"12.1":0,"15":0,"16":0,"17":0,"18":0,"19":0,"20":0,"21":0,"22":0,"23":0,"24":0,"25":0,"26":0,"27":0,"28":0,"29":0,"30":0,"31":0,"32":0,"33":0,"34":0,"35":0,"36":0,"37":0,"38":0,"39":0.006167,"40":0,"41":0,"42":0,"43":0,"44":0,"45":0.006167,"46":0,"47":0,"48":0,"49":0,"50":0,"51":0,"52":0,"53":0,"54":0,"55":0,"56":0.154175,"57":0.06167},"safari":{"3.1":0,"3.2":0,"4":0.006167,"5":0,"5.1":0,"6":0,"6.1":0,"7":0,"7.1":0,"8":0,"9":0.006167,"9.1":0.135674,"10":0.018501,"10.1":0.037002,"11":0.314517,"11.1":0.24668,"12":1.264235,"0":null},"ios_saf":{"3.2":0.0032395537984186,"4.0-4.1":0.0016197768992093,"4.2-4.3":0.0016197768992093,"5.0-5.1":0.019437322790511,"6.0-6.1":0.0064791075968372,"7.0-7.1":0.032395537984186,"8":0.27374229596637,"8.1-8.4":0.069650406665999,"9.0-9.2":0.051832860774697,"9.3":0.33853337193474,"10.0-10.2":0.23810720418377,"10.3":0.50860994635172,"11.0-11.2":0.7499567043339,"11.3-11.4":2.0635957695926,"12.0-12.1":11.824371364228},"android":{"2.1":0,"2.2":0.0022303091423186,"2.3":0.066909274269557,"3":0.0022303091423186,"4":0.38584348162111,"4.1":0.14943071253534,"4.2-4.3":0.55980759472196,"4.4":0,"4.4.3-4.4.4":1.1999063185674,"67":null},"ie":{"5.5":0,"6":0.0063040444444444,"7":0.012608088888889,"8":0.037824266666667,"9":0.012608088888889,"10":0.037824266666667,"11":0.74387724444444},"edge":{"12":0.030835,"13":0.018501,"14":0.043169,"15":0.067837,"16":0.135674,"17":1.967273,"18":null},"op_mob":{"10":null,"11":null,"11.1":null,"11.5":null,"12":null,"12.1":null,"0":null},"samsung":{"4":0.65001620962199,"5":0.23443207560137,"6.2":0.063936020618557,"7.2":null},"ie_mob":{"10":0.14086275,"11":0.42258825},"bb":{"7":0,"10":0},"baidu":{"0":null},"and_ff":{"0":0.137988},"and_uc":{"0":0.778099},"and_qq":{"1.2":null},"op_mini":{"0":0.24313206357388},"and_chr":{"0":43.900117}},"total":94.697652369416}