{"id":"CD","name":"Congo, The Democratic Republic of","month":"2018-12","access_date":"2019-01-04","data":{"chrome":{"4":0.001972,"5":null,"6":null,"7":null,"8":null,"9":null,"10":0.007888,"11":0.0986,"12":null,"13":null,"14":null,"15":null,"16":null,"17":null,"18":null,"19":null,"20":null,"21":null,"22":0.001972,"23":null,"24":0.001972,"25":0.00986,"26":0.005916,"27":null,"28":null,"29":0.003944,"30":null,"31":0.001972,"32":null,"33":0.01972,"34":0.011832,"35":null,"36":0.003944,"37":0.003944,"38":0.003944,"39":null,"40":0.025636,"41":0.01972,"42":0.003944,"43":0.043384,"44":0.005916,"45":0.005916,"46":0.005916,"47":0.005916,"48":0.005916,"49":0.159732,"50":0.00986,"51":0.023664,"52":0.005916,"53":0.005916,"54":0.005916,"55":0.02958,"56":0.047328,"57":0.043384,"58":0.57188,"59":0.005916,"60":0.02958,"61":0.017748,"62":0.007888,"63":0.211004,"64":0.011832,"65":0.110432,"66":0.011832,"67":0.070992,"68":0.045356,"69":0.134096,"70":3.330708,"71":3.139424,"72":0.011832,"73":0.003944,"74":null},"firefox":{"2":null,"3":0.114376,"3.5":null,"3.6":0.003944,"4":0.005916,"5":null,"6":null,"7":null,"8":null,"9":null,"10":null,"11":null,"12":null,"13":null,"14":null,"15":0.003944,"16":0.001972,"17":null,"18":null,"19":0.001972,"20":0.003944,"21":0.001972,"22":0.001972,"23":0.005916,"24":null,"25":null,"26":null,"27":null,"28":null,"29":0.003944,"30":0.007888,"31":0.005916,"32":0.031552,"33":null,"34":0.001972,"35":0.003944,"36":null,"37":0.02958,"38":0.005916,"39":0.001972,"40":0.005916,"41":0.005916,"42":0.001972,"43":0.035496,"44":0.005916,"45":0.013804,"46":0.00986,"47":0.074936,"48":0.017748,"49":0.007888,"50":0.00986,"51":0.005916,"52":0.037468,"53":0.102544,"54":0.003944,"55":null,"56":0.013804,"57":0.021692,"58":0.021692,"59":0.007888,"60":0.05916,"61":0.0493,"62":0.106488,"63":1.532244,"64":1.551964,"65":0.067048,"66":null},"opera":{"9":null,"9.5-9.6":0.001972,"10.0-10.1":0,"10.5":null,"10.6":null,"11":0.011832,"11.1":null,"11.5":0.003944,"11.6":0.005916,"12":0.003944,"12.1":0.013804,"15":0.003944,"16":null,"17":null,"18":0.005916,"19":null,"20":null,"21":0.001972,"22":0.003944,"23":null,"24":null,"25":null,"26":null,"27":null,"28":null,"29":null,"30":0.001972,"31":0.001972,"32":null,"33":null,"34":0.007888,"35":0.00986,"36":0.027608,"37":0.001972,"38":null,"39":null,"40":null,"41":null,"42":0.025636,"43":null,"44":null,"45":0.003944,"46":null,"47":0.003944,"48":0.025636,"49":0.007888,"50":null,"51":0.001972,"52":null,"53":0.003944,"54":0.007888,"55":0.01972,"56":1.238416,"57":0.619208},"safari":{"3.1":null,"3.2":null,"4":0,"5":null,"5.1":0.001972,"6":null,"6.1":null,"7":0.001972,"7.1":0.001972,"8":0.082824,"9":0.015776,"9.1":0.03944,"10":0.070992,"10.1":0.076908,"11":0.110432,"11.1":0.063104,"12":0.437784,"0":null},"ios_saf":{"3.2":0.0004483659293364,"4.0-4.1":0.0002241829646682,"4.2-4.3":0.0002241829646682,"5.0-5.1":0.0026901955760184,"6.0-6.1":0.00089673185867281,"7.0-7.1":0.004483659293364,"8":0.037886921028926,"8.1-8.4":0.0096398674807327,"9.0-9.2":0.0071738548693824,"9.3":0.046854239615654,"10.0-10.2":0.032954895806226,"10.3":0.070393450905815,"11.0-11.2":0.10379671264138,"11.3-11.4":0.28560909698729,"12.0-12.1":1.6365356420779},"android":{"2.1":0,"2.2":0.0033746352497644,"2.3":0.10123905749293,"3":0.0033746352497644,"4":0.58381189820924,"4.1":0.22610056173421,"4.2-4.3":0.84703344769086,"4.4":0,"4.4.3-4.4.4":1.8155537643732,"67":null},"ie":{"5.5":null,"6":null,"7":0.0042297971014493,"8":0.20937495652174,"9":0.010574492753623,"10":0.10151513043478,"11":0.39760092753623},"edge":{"12":0.193256,"13":0.05916,"14":0.072964,"15":0.043384,"16":0.06902,"17":0.429896,"18":null},"op_mob":{"10":null,"11":null,"11.1":null,"11.5":null,"12":null,"12.1":null,"0":null},"samsung":{"4":0.77355514285714,"5":0.081426857142857,"6.2":0.0712485,"7.2":null},"ie_mob":{"10":0.071475096774194,"11":0.29781290322581},"bb":{"7":0.0337176,"10":0.1348704},"baidu":{"0":null},"and_ff":{"0":0.136476},"and_uc":{"0":4.158504},"and_qq":{"1.2":null},"op_mini":{"0":47.099627690722},"and_chr":{"0":19.8887}},"total":95.483101495069}