{"id":"CH","name":"Switzerland","month":"2018-12","access_date":"2019-01-04","data":{"chrome":{"4":0,"5":0,"6":0,"7":0,"8":0,"9":0,"10":0,"11":0.006684,"12":0,"13":0,"14":0,"15":0,"16":0,"17":0,"18":0,"19":0,"20":0,"21":0,"22":0.013368,"23":0,"24":0,"25":0,"26":0,"27":0.020052,"28":0,"29":0,"30":0,"31":0.006684,"32":0,"33":0,"34":0.013368,"35":0,"36":0,"37":0,"38":0.020052,"39":0.006684,"40":0.013368,"41":0.006684,"42":0,"43":0,"44":0,"45":0.006684,"46":0.006684,"47":0,"48":0.006684,"49":0.247308,"50":0.006684,"51":0.006684,"52":0.046788,"53":0.006684,"54":0.026736,"55":0.026736,"56":0.020052,"57":0.026736,"58":0.220572,"59":0.020052,"60":0.026736,"61":0.026736,"62":0.040104,"63":0.093576,"64":0.06684,"65":0.073524,"66":0.080208,"67":0.1671,"68":0.106944,"69":0.20052,"70":7.526184,"71":6.142596,"72":0.020052,"73":0.006684,"74":0},"firefox":{"2":0,"3":0,"3.5":0,"3.6":0.013368,"4":0,"5":0,"6":0,"7":0,"8":0,"9":0,"10":0,"11":0,"12":0,"13":0,"14":0.006684,"15":0,"16":0,"17":0,"18":0,"19":0,"20":0,"21":0,"22":0,"23":0,"24":0,"25":0,"26":0,"27":0,"28":0,"29":0,"30":0,"31":0,"32":0,"33":0,"34":0.006684,"35":0,"36":0,"37":0,"38":0.006684,"39":0,"40":0,"41":0,"42":0,"43":0.006684,"44":0,"45":0.026736,"46":0.006684,"47":0.013368,"48":0.126996,"49":0.006684,"50":0.013368,"51":0.006684,"52":0.180468,"53":0.046788,"54":0.020052,"55":0.013368,"56":0.040104,"57":0.053472,"58":0.020052,"59":0.026736,"60":0.274044,"61":0.140364,"62":0.113628,"63":3.261792,"64":2.947644,"65":0.026736,"66":0},"opera":{"9":0,"9.5-9.6":0,"10.0-10.1":0,"10.5":0,"10.6":0,"11":0,"11.1":0,"11.5":0,"11.6":0,"12":0,"12.1":0.006684,"15":0,"16":0,"17":0,"18":0,"19":0,"20":0,"21":0,"22":0,"23":0,"24":0,"25":0,"26":0,"27":0,"28":0,"29":0,"30":0,"31":0,"32":0.006684,"33":0,"34":0,"35":0,"36":0.006684,"37":0.006684,"38":0,"39":0,"40":0,"41":0,"42":0,"43":0,"44":0,"45":0,"46":0,"47":0,"48":0.006684,"49":0.020052,"50":0,"51":0,"52":0,"53":0,"54":0,"55":0,"56":0.447828,"57":0.207204},"safari":{"3.1":0,"3.2":0,"4":0,"5":0.020052,"5.1":0.046788,"6":0.006684,"6.1":0.026736,"7":0.006684,"7.1":0,"8":0.026736,"9":0.026736,"9.1":0.23394,"10":0.080208,"10.1":0.521352,"11":0.30078,"11.1":1.109544,"12":4.939476,"0":null},"ios_saf":{"3.2":0.0068759963967571,"4.0-4.1":0.0034379981983785,"4.2-4.3":0.0034379981983785,"5.0-5.1":0.041255978380542,"6.0-6.1":0.013751992793514,"7.0-7.1":0.068759963967571,"8":0.58102169552597,"8.1-8.4":0.14783392253028,"9.0-9.2":0.11001594234811,"9.3":0.71854162346112,"10.0-10.2":0.50538573516165,"10.3":1.0795314342909,"11.0-11.2":1.5917931658493,"11.3-11.4":4.3800097047343,"12.0-12.1":25.097386848163},"android":{"2.1":0,"2.2":0.00040215268614515,"2.3":0.012064580584354,"3":0.00040215268614515,"4":0.06957241470311,"4.1":0.026944229971725,"4.2-4.3":0.10094032422243,"4.4":0,"4.4.3-4.4.4":0.21635814514609,"67":null},"ie":{"5.5":0,"6":0,"7":0,"8":0.020052,"9":0.040104,"10":0.046788,"11":4.538436},"edge":{"12":0.006684,"13":0.013368,"14":0.060156,"15":0.113628,"16":0.240624,"17":2.894172,"18":null},"op_mob":{"10":null,"11":null,"11.1":null,"11.5":null,"12":null,"12.1":null,"0":null},"samsung":{"4":0.2473913115727,"5":0.066605353115727,"6.2":0.066605353115727,"7.2":null},"ie_mob":{"10":0,"11":0.04974},"bb":{"7":0.003316,"10":0.013264},"baidu":{"0":null},"and_ff":{"0":0.285176},"and_uc":{"0":0.072952},"and_qq":{"1.2":null},"op_mini":{"0":0.1412718556701},"and_chr":{"0":19.522768}},"total":94.038749873474}