{"id":"CM","name":"Cameroon","month":"2018-12","access_date":"2019-01-04","data":{"chrome":{"4":0.007668,"5":0.003834,"6":0.003834,"7":0,"8":0,"9":0,"10":0,"11":0.030672,"12":0,"13":0.003834,"14":0.003834,"15":0,"16":0,"17":0.003834,"18":0,"19":0.003834,"20":0,"21":0,"22":0.003834,"23":0,"24":0,"25":0,"26":0.003834,"27":0,"28":0.003834,"29":0.007668,"30":0.007668,"31":0.003834,"32":0,"33":0.007668,"34":0,"35":0.003834,"36":0,"37":0,"38":0,"39":0.003834,"40":0.015336,"41":0,"42":0.003834,"43":0.026838,"44":0.003834,"45":0,"46":0.007668,"47":0,"48":0.003834,"49":0.30672,"50":0.01917,"51":0.003834,"52":0.003834,"53":0.003834,"54":0,"55":0.011502,"56":0.026838,"57":0.007668,"58":0.072846,"59":0.003834,"60":0.015336,"61":0.011502,"62":0.01917,"63":0.061344,"64":0.015336,"65":0.072846,"66":0.015336,"67":0.072846,"68":0.053676,"69":0.122688,"70":2.423088,"71":2.426922,"72":0.023004,"73":0.003834,"74":0},"firefox":{"2":0.003834,"3":0.015336,"3.5":0.003834,"3.6":0.01917,"4":0.003834,"5":0,"6":0,"7":0,"8":0,"9":0,"10":0,"11":0,"12":0,"13":0,"14":0,"15":0,"16":0,"17":0.003834,"18":0,"19":0,"20":0,"21":0.003834,"22":0,"23":0.003834,"24":0.003834,"25":0.003834,"26":0.003834,"27":0,"28":0.003834,"29":0,"30":0.003834,"31":0.003834,"32":0.015336,"33":0.003834,"34":0.007668,"35":0.003834,"36":0.003834,"37":0.003834,"38":0.007668,"39":0.003834,"40":0.007668,"41":0.007668,"42":0.007668,"43":0.042174,"44":0.015336,"45":0.011502,"46":0.007668,"47":0.080514,"48":0.069012,"49":0.03834,"50":0.015336,"51":0.011502,"52":0.180198,"53":0.01917,"54":0.007668,"55":0.015336,"56":0.030672,"57":0.023004,"58":0.015336,"59":0.034506,"60":0.088182,"61":0.092016,"62":0.088182,"63":1.460754,"64":1.154034,"65":0.05751,"66":0},"opera":{"9":0,"9.5-9.6":0,"10.0-10.1":0,"10.5":0,"10.6":0,"11":0.003834,"11.1":0,"11.5":0,"11.6":0,"12":0,"12.1":0.046008,"15":0,"16":0.003834,"17":0,"18":0.003834,"19":0.05751,"20":0.015336,"21":0,"22":0.003834,"23":0.01917,"24":0,"25":0,"26":0,"27":0,"28":0.003834,"29":0.003834,"30":0.023004,"31":0,"32":0.003834,"33":0.007668,"34":0.003834,"35":0.003834,"36":0.011502,"37":0.011502,"38":0.003834,"39":0,"40":0,"41":0,"42":0.015336,"43":0.003834,"44":0,"45":0,"46":0,"47":0.003834,"48":0.003834,"49":0.011502,"50":0,"51":0,"52":0,"53":0.003834,"54":0.007668,"55":0.003834,"56":0.705456,"57":0.226206},"safari":{"3.1":0,"3.2":0,"4":0,"5":0,"5.1":0,"6":0,"6.1":0,"7":0,"7.1":0,"8":0.042174,"9":0,"9.1":0.007668,"10":0,"10.1":0.05751,"11":0.046008,"11.1":0.011502,"12":0.065178,"0":null},"ios_saf":{"3.2":0.00067812791512361,"4.0-4.1":0.00033906395756181,"4.2-4.3":0.00033906395756181,"5.0-5.1":0.0040687674907417,"6.0-6.1":0.0013562558302472,"7.0-7.1":0.0067812791512361,"8":0.057301808827945,"8.1-8.4":0.014579750175158,"9.0-9.2":0.010850046641978,"9.3":0.070864367130417,"10.0-10.2":0.049842401761585,"10.3":0.10646608267441,"11.0-11.2":0.15698661235112,"11.3-11.4":0.43196748193374,"12.0-12.1":2.4751668902012},"android":{"2.1":0,"2.2":0.0037644769085768,"2.3":0.1129343072573,"3":0.0037644769085768,"4":0.65125450518379,"4.1":0.25221995287465,"4.2-4.3":0.94488370405278,"4.4":0,"4.4.3-4.4.4":2.0252885768143,"67":null},"ie":{"5.5":0,"6":0,"7":0.003834,"8":0.053676,"9":0.003834,"10":0.015336,"11":0.195534},"edge":{"12":0.042174,"13":0.042174,"14":0.07668,"15":0.088182,"16":0.03834,"17":0.203202,"18":null},"op_mob":{"10":null,"11":null,"11.1":null,"11.5":null,"12":null,"12.1":null,"0":null},"samsung":{"4":0.88603078481013,"5":0.090616784810127,"6.2":0.070479721518987,"7.2":null},"ie_mob":{"10":0.07013825,"11":0.49096775},"bb":{"7":0.0295968,"10":0.1183872},"baidu":{"0":null},"and_ff":{"0":0.6166},"and_uc":{"0":3.718098},"and_qq":{"1.2":null},"op_mini":{"0":13.239609773196},"and_chr":{"0":51.352794}},"total":89.950417064335}