{"id":"CN","name":"China","month":"2018-12","access_date":"2019-01-04","data":{"chrome":{"4":0,"5":0,"6":0,"7":0,"8":0,"9":0,"10":0.004454,"11":0.02227,"12":0.04454,"13":0,"14":0,"15":0,"16":0,"17":0.013362,"18":0,"19":0,"20":0.004454,"21":0.013362,"22":0,"23":0.004454,"24":0,"25":0,"26":0.004454,"27":0.004454,"28":0.004454,"29":0.004454,"30":0.02227,"31":0.031178,"32":0.004454,"33":0.008908,"34":0.008908,"35":0.004454,"36":0.008908,"37":0.004454,"38":0.004454,"39":0.013362,"40":0.075718,"41":0.017816,"42":0.017816,"43":0.004454,"44":0.004454,"45":0.115804,"46":0.004454,"47":0.11135,"48":0.097988,"49":0.293964,"50":0.057902,"51":0.008908,"52":0.004454,"53":0.02227,"54":0.057902,"55":0.681462,"56":0.632468,"57":0.427584,"58":0.075718,"59":0.075718,"60":0.017816,"61":0.057902,"62":0.13362,"63":5.260174,"64":0.031178,"65":0.08908,"66":0.048994,"67":0.218246,"68":0.347412,"69":0.316234,"70":1.60344,"71":1.15804,"72":0.026724,"73":0.004454,"74":0},"firefox":{"2":0.004454,"3":0.004454,"3.5":0,"3.6":0.004454,"4":0,"5":0,"6":0,"7":0,"8":0.120258,"9":0,"10":0,"11":0,"12":0,"13":0,"14":0.008908,"15":0,"16":0,"17":0.004454,"18":0,"19":0,"20":0,"21":0.008908,"22":0,"23":0,"24":0,"25":0.004454,"26":0,"27":0,"28":0,"29":0,"30":0,"31":0,"32":0,"33":0,"34":0.004454,"35":0,"36":0,"37":0.008908,"38":0,"39":0,"40":0,"41":0,"42":0,"43":0.031178,"44":0,"45":0.008908,"46":0,"47":0.004454,"48":0.004454,"49":0.004454,"50":0.004454,"51":0.004454,"52":0.048994,"53":0.017816,"54":0.008908,"55":0.004454,"56":0.02227,"57":0.013362,"58":0.004454,"59":0.008908,"60":0.026724,"61":0.017816,"62":0.017816,"63":0.249424,"64":0.280602,"65":0,"66":0},"opera":{"9":0,"9.5-9.6":0,"10.0-10.1":0,"10.5":0,"10.6":0,"11":0,"11.1":0,"11.5":0,"11.6":0,"12":0,"12.1":0.004454,"15":0,"16":0,"17":0,"18":0,"19":0,"20":0,"21":0,"22":0,"23":0,"24":0,"25":0,"26":0.004454,"27":0,"28":0.013362,"29":0,"30":0,"31":0,"32":0,"33":0,"34":0,"35":0,"36":0,"37":0,"38":0,"39":0,"40":0,"41":0,"42":0,"43":0,"44":0,"45":0,"46":0,"47":0,"48":0,"49":0,"50":0,"51":0,"52":0,"53":0,"54":0.004454,"55":0,"56":0.048994,"57":0.02227},"safari":{"3.1":0,"3.2":0,"4":0.004454,"5":0,"5.1":0.004454,"6":0,"6.1":0,"7":0,"7.1":0,"8":0.004454,"9":0.004454,"9.1":0.013362,"10":0.013362,"10.1":0.031178,"11":0.031178,"11.1":0.06681,"12":0.360774,"0":null},"ios_saf":{"3.2":0.0027696739065159,"4.0-4.1":0.0013848369532579,"4.2-4.3":0.0013848369532579,"5.0-5.1":0.016618043439095,"6.0-6.1":0.0055393478130317,"7.0-7.1":0.027696739065159,"8":0.23403744510059,"8.1-8.4":0.059547988990091,"9.0-9.2":0.044314782504254,"9.3":0.28943092323091,"10.0-10.2":0.20357103212892,"10.3":0.43483880332299,"11.0-11.2":0.64117950935842,"11.3-11.4":1.7642822784506,"12.0-12.1":10.109309758783},"android":{"2.1":0,"2.2":0.004114671065033,"2.3":0.12344013195099,"3":0.004114671065033,"4":0.71183809425071,"4.1":0.27568296135721,"4.2-4.3":1.0327824373233,"4.4":0,"4.4.3-4.4.4":2.2136930329877,"67":null},"ie":{"5.5":0,"6":0.034265916932907,"7":0.0085664792332268,"8":0.5739541086262,"9":0.33409269009585,"10":0.16276310543131,"11":1.5676656996805},"edge":{"12":0.004454,"13":0.008908,"14":0.017816,"15":0.013362,"16":0.04454,"17":0.592382,"18":null},"op_mob":{"10":null,"11":null,"11.1":null,"11.5":null,"12":null,"12.1":null,"0":null},"samsung":{"4":0.069204434782609,"5":0.019772695652174,"6.2":0.009886347826087,"7.2":null},"ie_mob":{"10":0.013865,"11":0.013865},"bb":{"7":0.0022184,"10":0.0088736},"baidu":{"0":null},"and_ff":{"0":0.122012},"and_uc":{"0":12.095826},"and_qq":{"1.2":null},"op_mini":{"0":0.078758917525773},"and_chr":{"0":33.214872}},"total":81.141154395787}