{"id":"CO","name":"Colombia","month":"2018-12","access_date":"2019-01-04","data":{"chrome":{"4":0,"5":0,"6":0,"7":0,"8":0,"9":0,"10":0,"11":0.007222,"12":0,"13":0,"14":0,"15":0,"16":0,"17":0,"18":0,"19":0,"20":0,"21":0,"22":0.050554,"23":0,"24":0,"25":0,"26":0.021666,"27":0,"28":0,"29":0.079442,"30":0.007222,"31":0.007222,"32":0,"33":0.007222,"34":0.028888,"35":0,"36":0.007222,"37":0.007222,"38":0.122774,"39":0.007222,"40":0.007222,"41":0.014444,"42":0,"43":0.007222,"44":0.007222,"45":0.014444,"46":0.014444,"47":0.007222,"48":0.014444,"49":0.3611,"50":0.014444,"51":0.03611,"52":0.021666,"53":0.064998,"54":0.021666,"55":0.03611,"56":0.07222,"57":0.07222,"58":0.844974,"59":0.03611,"60":0.07222,"61":0.129996,"62":0.10833,"63":0.21666,"64":0.137218,"65":0.173328,"66":0.115552,"67":0.375544,"68":0.303324,"69":0.389988,"70":19.46329,"71":16.451716,"72":0.021666,"73":0.007222,"74":0},"firefox":{"2":0,"3":0.014444,"3.5":0,"3.6":0.007222,"4":0,"5":0,"6":0,"7":0,"8":0,"9":0,"10":0,"11":0,"12":0,"13":0,"14":0,"15":0,"16":0,"17":0,"18":0,"19":0,"20":0,"21":0,"22":0,"23":0,"24":0.03611,"25":0,"26":0,"27":0,"28":0,"29":0,"30":0.007222,"31":0,"32":0,"33":0,"34":0.007222,"35":0,"36":0,"37":0,"38":0,"39":0.007222,"40":0,"41":0,"42":0,"43":0.007222,"44":0,"45":0.014444,"46":0,"47":0.014444,"48":0.03611,"49":0.007222,"50":0.021666,"51":0.007222,"52":0.057776,"53":0.14444,"54":0.014444,"55":0.007222,"56":0.014444,"57":0.028888,"58":0.028888,"59":0.028888,"60":0.043332,"61":0.03611,"62":0.043332,"63":0.844974,"64":0.68609,"65":0.014444,"66":0},"opera":{"9":0,"9.5-9.6":0,"10.0-10.1":0,"10.5":0,"10.6":0,"11":0,"11.1":0,"11.5":0,"11.6":0,"12":0,"12.1":0.007222,"15":0,"16":0,"17":0,"18":0,"19":0,"20":0,"21":0,"22":0,"23":0,"24":0,"25":0,"26":0,"27":0,"28":0,"29":0,"30":0,"31":0,"32":0,"33":0,"34":0,"35":0,"36":0,"37":0,"38":0,"39":0,"40":0,"41":0,"42":0,"43":0,"44":0,"45":0.007222,"46":0,"47":0,"48":0.007222,"49":0.021666,"50":0,"51":0,"52":0,"53":0,"54":0,"55":0,"56":0.454986,"57":0.18055},"safari":{"3.1":0,"3.2":0,"4":0,"5":0,"5.1":0.007222,"6":0,"6.1":0.166106,"7":0.007222,"7.1":0,"8":0.014444,"9":0.07222,"9.1":0.064998,"10":0.03611,"10.1":0.166106,"11":0.10833,"11.1":0.339434,"12":1.321626,"0":null},"ios_saf":{"3.2":0.0009851306175558,"4.0-4.1":0.0004925653087779,"4.2-4.3":0.0004925653087779,"5.0-5.1":0.0059107837053348,"6.0-6.1":0.0019702612351116,"7.0-7.1":0.009851306175558,"8":0.083243537183465,"8.1-8.4":0.02118030827745,"9.0-9.2":0.015762089880893,"9.3":0.10294614953458,"10.0-10.2":0.072407100390351,"10.3":0.15466550695626,"11.0-11.2":0.22805773796417,"11.3-11.4":0.62752820338304,"12.0-12.1":3.5957267540787},"android":{"2.1":0,"2.2":0.00085089349670123,"2.3":0.025526804901037,"3":0.00085089349670123,"4":0.14720457492931,"4.1":0.057009864278982,"4.2-4.3":0.21357426767201,"4.4":0,"4.4.3-4.4.4":0.45778070122526,"67":null},"ie":{"5.5":0,"6":0,"7":0,"8":0.073282058823529,"9":0.029312823529412,"10":0.021984617647059,"11":0.3737385},"edge":{"12":0.014444,"13":0.014444,"14":0.050554,"15":0.028888,"16":0.07222,"17":0.418876,"18":null},"op_mob":{"10":null,"11":null,"11.1":null,"11.5":null,"12":null,"12.1":null,"0":null},"samsung":{"4":0.47188814173228,"5":0.018505417322835,"6.2":0.046263543307087,"7.2":null},"ie_mob":{"10":0.010606909090909,"11":0.10606909090909},"bb":{"7":0.0033336,"10":0.0133344},"baidu":{"0":null},"and_ff":{"0":0.072228},"and_uc":{"0":3.247482},"and_qq":{"1.2":null},"op_mini":{"0":0.14465170103093},"and_chr":{"0":38.92159}},"total":95.129658803393}