{"id":"CV","name":"Cape Verde","month":"2018-12","access_date":"2019-01-04","data":{"chrome":{"4":0,"5":0,"6":0,"7":0,"8":0,"9":0,"10":0,"11":0,"12":0,"13":0,"14":0,"15":0,"16":0,"17":0,"18":0,"19":0,"20":0,"21":0,"22":0,"23":0,"24":0,"25":0,"26":0.0126,"27":0,"28":0,"29":0,"30":0,"31":0,"32":0,"33":0.0189,"34":0.0189,"35":0.0063,"36":0.0063,"37":0,"38":0,"39":0.0063,"40":0.0882,"41":0.0189,"42":0.0126,"43":0.1575,"44":0.0063,"45":0.0126,"46":0.0126,"47":0.0189,"48":0.0126,"49":0.3906,"50":0.0126,"51":0.0126,"52":0.0189,"53":0.0252,"54":0.0126,"55":0.126,"56":0.0756,"57":0.1071,"58":1.3797,"59":0.0126,"60":0.0504,"61":0.0126,"62":0.0378,"63":0.0378,"64":0.0693,"65":0.1575,"66":0.2205,"67":0.1008,"68":0.2331,"69":0.3654,"70":11.6865,"71":10.1619,"72":0.0504,"73":0,"74":0},"firefox":{"2":0,"3":0,"3.5":0,"3.6":0,"4":0,"5":0,"6":0,"7":0,"8":0,"9":0,"10":0,"11":0,"12":0,"13":0,"14":0,"15":0,"16":0,"17":0,"18":0,"19":0,"20":0,"21":0,"22":0,"23":0,"24":0,"25":0,"26":0,"27":0,"28":0,"29":0,"30":0,"31":0,"32":0.0063,"33":0.0063,"34":0,"35":0,"36":0,"37":0.0063,"38":0,"39":0,"40":0,"41":0,"42":0,"43":0,"44":0,"45":0.0063,"46":0.0063,"47":0.0189,"48":0,"49":0.0063,"50":0.0126,"51":0.0189,"52":0.0315,"53":0.2268,"54":0.0063,"55":0.0063,"56":0.063,"57":0.0063,"58":0,"59":0,"60":0.0315,"61":0.0126,"62":0.0063,"63":1.197,"64":1.1025,"65":0.0063,"66":0},"opera":{"9":0,"9.5-9.6":0,"10.0-10.1":0,"10.5":0,"10.6":0,"11":0,"11.1":0,"11.5":0,"11.6":0,"12":0,"12.1":0.0126,"15":0,"16":0,"17":0,"18":0,"19":0,"20":0,"21":0,"22":0,"23":0,"24":0,"25":0,"26":0,"27":0,"28":0,"29":0,"30":0,"31":0,"32":0,"33":0,"34":0,"35":0,"36":0.0252,"37":0,"38":0,"39":0,"40":0,"41":0,"42":0,"43":0,"44":0,"45":0.0063,"46":0,"47":0,"48":0.0126,"49":0.0063,"50":0,"51":0,"52":0.0441,"53":0,"54":0,"55":0.0063,"56":0.8946,"57":0.3591},"safari":{"3.1":0,"3.2":0,"4":0,"5":0,"5.1":0,"6":0,"6.1":0,"7":0.0063,"7.1":0,"8":0.0063,"9":0,"9.1":0.0945,"10":0.0063,"10.1":0.0441,"11":0.1323,"11.1":0.2709,"12":1.8963,"0":null},"ios_saf":{"3.2":0.0024508457611851,"4.0-4.1":0.0012254228805925,"4.2-4.3":0.0012254228805925,"5.0-5.1":0.01470507456711,"6.0-6.1":0.0049016915223701,"7.0-7.1":0.024508457611851,"8":0.20709646682014,"8.1-8.4":0.052693183865479,"9.0-9.2":0.039213532178961,"9.3":0.25611338204384,"10.0-10.2":0.1801371634471,"10.3":0.38478278450606,"11.0-11.2":0.56737079371434,"11.3-11.4":1.5611887498749,"12.0-12.1":8.9455870283255},"android":{"2.1":0,"2.2":0.0028607917059378,"2.3":0.085823751178134,"3":0.0028607917059378,"4":0.49491696512724,"4.1":0.19167304429783,"4.2-4.3":0.71805871819039,"4.4":0,"4.4.3-4.4.4":1.5391059377945,"67":null},"ie":{"5.5":0,"6":0,"7":0,"8":0.0693,"9":0.0126,"10":0.0063,"11":0.9198},"edge":{"12":0.0252,"13":0.0315,"14":0.0693,"15":0.1386,"16":0.126,"17":1.1025,"18":null},"op_mob":{"10":null,"11":null,"11.1":null,"11.5":null,"12":null,"12.1":null,"0":null},"samsung":{"4":0.75858008658009,"5":0.14223376623377,"6.2":0.18964502164502,"7.2":null},"ie_mob":{"10":0.01318125,"11":0.19771875},"bb":{"7":0.00148,"10":0.00592},"baidu":{"0":null},"and_ff":{"0":0.0518},"and_uc":{"0":0.3219},"and_qq":{"1.2":null},"op_mini":{"0":0.38181838487973},"and_chr":{"0":44.0186}},"total":96.238177259339}