{"id":"DE","name":"Germany","month":"2018-12","access_date":"2019-01-04","data":{"chrome":{"4":0,"5":0,"6":0,"7":0,"8":0,"9":0,"10":0,"11":0.00594,"12":0,"13":0,"14":0,"15":0,"16":0,"17":0,"18":0,"19":0,"20":0,"21":0,"22":0.02376,"23":0,"24":0.00594,"25":0,"26":0.00594,"27":0,"28":0,"29":0.0594,"30":0,"31":0,"32":0.00594,"33":0,"34":0.01188,"35":0,"36":0,"37":0,"38":0.01782,"39":0.01188,"40":0.00594,"41":0.01188,"42":0.00594,"43":0.00594,"44":0.00594,"45":0.00594,"46":0.00594,"47":0.00594,"48":0.00594,"49":0.1782,"50":0.00594,"51":0.01188,"52":0.01782,"53":0.01188,"54":0.04752,"55":0.04158,"56":0.02376,"57":0.02376,"58":0.07722,"59":0.0297,"60":0.02376,"61":0.1188,"62":0.09504,"63":0.18414,"64":0.10098,"65":0.28512,"66":0.16038,"67":0.0891,"68":0.10098,"69":0.15444,"70":5.60736,"71":5.72022,"72":0.01188,"73":0.00594,"74":0},"firefox":{"2":0.00594,"3":0.00594,"3.5":0,"3.6":0.00594,"4":0,"5":0,"6":0,"7":0,"8":0,"9":0,"10":0,"11":0,"12":0,"13":0,"14":0.00594,"15":0,"16":0,"17":0,"18":0,"19":0,"20":0,"21":0,"22":0.01782,"23":0,"24":0.01188,"25":0,"26":0.01188,"27":0,"28":0.00594,"29":0.00594,"30":0.00594,"31":0.00594,"32":0,"33":0,"34":0.01188,"35":0,"36":0,"37":0.00594,"38":0.1782,"39":0.00594,"40":0.01188,"41":0.01188,"42":0.01782,"43":0.01188,"44":0.00594,"45":0.02376,"46":0.00594,"47":0.02376,"48":0.14256,"49":0.01188,"50":0.01782,"51":0.0297,"52":0.31482,"53":0.01782,"54":0.0297,"55":0.01188,"56":0.05346,"57":0.0594,"58":0.05346,"59":0.04752,"60":0.297,"61":0.20196,"62":0.13068,"63":3.39174,"64":3.64716,"65":0.02376,"66":0},"opera":{"9":0,"9.5-9.6":0,"10.0-10.1":0,"10.5":0,"10.6":0,"11":0,"11.1":0,"11.5":0,"11.6":0,"12":0,"12.1":0.04158,"15":0,"16":0,"17":0,"18":0,"19":0,"20":0,"21":0,"22":0,"23":0,"24":0,"25":0,"26":0,"27":0,"28":0,"29":0,"30":0,"31":0.00594,"32":0.00594,"33":0,"34":0,"35":0,"36":0.01782,"37":0.00594,"38":0,"39":0,"40":0.01188,"41":0,"42":0,"43":0,"44":0,"45":0,"46":0.00594,"47":0.00594,"48":0.00594,"49":0.04158,"50":0,"51":0.00594,"52":0.00594,"53":0,"54":0,"55":0,"56":0.70092,"57":0.34452},"safari":{"3.1":0,"3.2":0,"4":0.01188,"5":0.00594,"5.1":0.02376,"6":0,"6.1":0.01188,"7":0.00594,"7.1":0,"8":0.01782,"9":0.00594,"9.1":0.06534,"10":0.02376,"10.1":0.13068,"11":0.08316,"11.1":0.30888,"12":1.58004,"0":null},"ios_saf":{"3.2":0.0043807746972275,"4.0-4.1":0.0021903873486138,"4.2-4.3":0.0021903873486138,"5.0-5.1":0.026284648183365,"6.0-6.1":0.008761549394455,"7.0-7.1":0.043807746972275,"8":0.37017546191572,"8.1-8.4":0.094186655990391,"9.0-9.2":0.07009239515564,"9.3":0.45779095586027,"10.0-10.2":0.32198694024622,"10.3":0.68778162746472,"11.0-11.2":1.0141493424082,"11.3-11.4":2.7905534821339,"12.0-12.1":15.98982764488},"android":{"2.1":0,"2.2":0.0011012441093308,"2.3":0.033037323279925,"3":0.0011012441093308,"4":0.19051523091423,"4.1":0.073783355325165,"4.2-4.3":0.27641227144204,"4.4":0,"4.4.3-4.4.4":0.59246933081998,"67":null},"ie":{"5.5":0,"6":0.030084051724138,"7":0.0060168103448276,"8":0.072201724137931,"9":0.048134482758621,"10":0.078218534482759,"11":2.5571443965517},"edge":{"12":0.00594,"13":0.01188,"14":0.05346,"15":0.08316,"16":0.14256,"17":1.92456,"18":null},"op_mob":{"10":null,"11":null,"11.1":null,"11.5":null,"12":null,"12.1":null,"0":null},"samsung":{"4":0.53008691622103,"5":0.10001639928699,"6.2":0.10001639928699,"7.2":null},"ie_mob":{"10":0.011774,"11":0.105966},"bb":{"7":0.002436,"10":0.009744},"baidu":{"0":null},"and_ff":{"0":0.56434},"and_uc":{"0":0.2233},"and_qq":{"1.2":null},"op_mini":{"0":0.30365591065292},"and_chr":{"0":34.70912}},"total":90.428775625448}