{"id":"DJ","name":"Djibouti","month":"2018-12","access_date":"2019-01-04","data":{"chrome":{"4":0,"5":0,"6":0,"7":0,"8":0,"9":0,"10":0,"11":0.004471,"12":0,"13":0,"14":0,"15":0,"16":0,"17":0,"18":0,"19":0,"20":0,"21":0.004471,"22":0,"23":0,"24":0,"25":0.004471,"26":0.004471,"27":0,"28":0,"29":0.013413,"30":0.008942,"31":0.008942,"32":0,"33":0.013413,"34":0.022355,"35":0,"36":0.013413,"37":0.008942,"38":0.004471,"39":0,"40":0.102833,"41":0.008942,"42":0.004471,"43":0.017884,"44":0.004471,"45":0.017884,"46":0.008942,"47":0.004471,"48":0.017884,"49":0.241434,"50":0,"51":0.013413,"52":0.022355,"53":0.017884,"54":0.017884,"55":0.031297,"56":0.071536,"57":0.107304,"58":1.25188,"59":0.004471,"60":0.049181,"61":0.004471,"62":0,"63":0.272731,"64":0.008942,"65":0.098362,"66":0.330854,"67":0.049181,"68":0.107304,"69":0.062594,"70":4.716905,"71":5.763119,"72":0.031297,"73":0.008942,"74":0},"firefox":{"2":0,"3":0,"3.5":0,"3.6":0,"4":0.004471,"5":0,"6":0,"7":0,"8":0,"9":0,"10":0,"11":0,"12":0,"13":0,"14":0,"15":0,"16":0,"17":0.017884,"18":0,"19":0,"20":0,"21":0,"22":0,"23":0,"24":0,"25":0.004471,"26":0,"27":0,"28":0,"29":0.004471,"30":0,"31":0,"32":0,"33":0,"34":0,"35":0,"36":0,"37":0,"38":0,"39":0,"40":0.004471,"41":0,"42":0.004471,"43":0.004471,"44":0.004471,"45":0.008942,"46":0,"47":0.004471,"48":0.008942,"49":0.004471,"50":0.004471,"51":0.004471,"52":0.058123,"53":0.245905,"54":0.004471,"55":0.004471,"56":0.008942,"57":0.013413,"58":0.013413,"59":0,"60":0.008942,"61":0.013413,"62":0.013413,"63":0.603585,"64":0.84949,"65":0.035768,"66":0},"opera":{"9":0,"9.5-9.6":0,"10.0-10.1":0,"10.5":0,"10.6":0,"11":0,"11.1":0,"11.5":0,"11.6":0,"12":0,"12.1":0.008942,"15":0,"16":0,"17":0,"18":0,"19":0,"20":0,"21":0,"22":0,"23":0.004471,"24":0,"25":0,"26":0,"27":0,"28":0,"29":0,"30":0,"31":0,"32":0,"33":0,"34":0,"35":0,"36":0,"37":0.004471,"38":0.004471,"39":0,"40":0,"41":0,"42":0,"43":0,"44":0,"45":0.013413,"46":0,"47":0,"48":0,"49":0.004471,"50":0,"51":0,"52":0,"53":0,"54":0,"55":0,"56":0.236963,"57":0.076007},"safari":{"3.1":0,"3.2":0,"4":0,"5":0,"5.1":0,"6":0,"6.1":0,"7":0,"7.1":0,"8":0.004471,"9":0,"9.1":0,"10":0,"10.1":0.022355,"11":0.013413,"11.1":0.026826,"12":0.567817,"0":null},"ios_saf":{"3.2":0.0013857858072265,"4.0-4.1":0.00069289290361325,"4.2-4.3":0.00069289290361325,"5.0-5.1":0.008314714843359,"6.0-6.1":0.002771571614453,"7.0-7.1":0.013857858072265,"8":0.11709890071064,"8.1-8.4":0.02979439485537,"9.0-9.2":0.022172572915624,"9.3":0.14481461685517,"10.0-10.2":0.10185525683115,"10.3":0.21756837173456,"11.0-11.2":0.32080941437294,"11.3-11.4":0.88274555920328,"12.0-12.1":5.0581181963767},"android":{"2.1":0,"2.2":0.0050453053722903,"2.3":0.15135916116871,"3":0.0050453053722903,"4":0.87283782940622,"4.1":0.33803545994345,"4.2-4.3":1.2663716484449,"4.4":0,"4.4.3-4.4.4":2.7143742902922,"67":null},"ie":{"5.5":0,"6":0,"7":0,"8":0.036469333333333,"9":0.0091173333333333,"10":0.0091173333333333,"11":0.41028},"edge":{"12":0.040239,"13":0.017884,"14":0.04471,"15":0.514165,"16":0.040239,"17":0.777954,"18":null},"op_mob":{"10":null,"11":null,"11.1":null,"11.5":null,"12":null,"12.1":null,"0":null},"samsung":{"4":1.67945218,"5":0.2086276,"6.2":0.23992174,"7.2":null},"ie_mob":{"10":0.04377125,"11":0.06127975},"bb":{"7":0.0011058,"10":0.0044232},"baidu":{"0":null},"and_ff":{"0":0.082935},"and_uc":{"0":2.476992},"and_qq":{"1.2":null},"op_mini":{"0":2.533498},"and_chr":{"0":53.210859}},"total":91.24808952}