{"id":"EG","name":"Egypt","month":"2018-12","access_date":"2019-01-04","data":{"chrome":{"4":0,"5":0,"6":0,"7":0,"8":0,"9":0,"10":0,"11":0.006451,"12":0,"13":0,"14":0,"15":0,"16":0.006451,"17":0.006451,"18":0.006451,"19":0.006451,"20":0,"21":0.006451,"22":0.012902,"23":0.006451,"24":0.135471,"25":0.006451,"26":0.12902,"27":0.006451,"28":0.006451,"29":0.109667,"30":0.070961,"31":0.038706,"32":0.012902,"33":0.199981,"34":0.070961,"35":0.135471,"36":0.012902,"37":0.012902,"38":0.019353,"39":0.006451,"40":0.077412,"41":0.032255,"42":0.012902,"43":0.722512,"44":0.025804,"45":0.038706,"46":0.06451,"47":0.025804,"48":0.045157,"49":0.890238,"50":0.012902,"51":0.058059,"52":0.045157,"53":0.045157,"54":0.083863,"55":0.116118,"56":0.283844,"57":0.232236,"58":3.367422,"59":0.025804,"60":0.06451,"61":0.141922,"62":0.051608,"63":0.122569,"64":0.154824,"65":0.116118,"66":0.06451,"67":0.283844,"68":0.225785,"69":0.399962,"70":9.186224,"71":10.844131,"72":0.038706,"73":0.019353,"74":0},"firefox":{"2":0.06451,"3":0,"3.5":0,"3.6":0.006451,"4":0,"5":0,"6":0,"7":0,"8":0,"9":0,"10":0,"11":0,"12":0,"13":0,"14":0,"15":0.06451,"16":0,"17":0,"18":0,"19":0,"20":0,"21":0,"22":0,"23":0.06451,"24":0,"25":0,"26":0,"27":0,"28":0,"29":0,"30":0.025804,"31":0.006451,"32":0.006451,"33":0.006451,"34":0.006451,"35":0.006451,"36":0.006451,"37":0.006451,"38":0.006451,"39":0.006451,"40":0.012902,"41":0.006451,"42":0.006451,"43":0.038706,"44":0.012902,"45":0.019353,"46":0.006451,"47":0.06451,"48":0.077412,"49":0.025804,"50":0.012902,"51":0.032255,"52":0.458021,"53":0.651551,"54":0.019353,"55":0.012902,"56":0.032255,"57":0.032255,"58":0.012902,"59":0.019353,"60":0.096765,"61":0.038706,"62":0.06451,"63":1.348259,"64":1.61275,"65":0.06451,"66":0},"opera":{"9":0,"9.5-9.6":0,"10.0-10.1":0.06451,"10.5":0,"10.6":0,"11":0,"11.1":0,"11.5":0,"11.6":0,"12":0,"12.1":0.006451,"15":0,"16":0,"17":0,"18":0,"19":0.006451,"20":0,"21":0,"22":0.006451,"23":0,"24":0,"25":0,"26":0,"27":0,"28":0,"29":0,"30":0,"31":0,"32":0,"33":0,"34":0,"35":0,"36":0.012902,"37":0.045157,"38":0,"39":0,"40":0,"41":0,"42":0.006451,"43":0.019353,"44":0,"45":0.019353,"46":0.006451,"47":0,"48":0,"49":0.019353,"50":0.006451,"51":0.006451,"52":0,"53":0.006451,"54":0.006451,"55":0.019353,"56":0.90314,"57":0.225785},"safari":{"3.1":0,"3.2":0,"4":0,"5":0,"5.1":0.006451,"6":0,"6.1":0,"7":0.006451,"7.1":0,"8":0.012902,"9":0.006451,"9.1":0.038706,"10":0.025804,"10.1":0.06451,"11":0.038706,"11.1":0.109667,"12":0.38706,"0":null},"ios_saf":{"3.2":0.0014630045040536,"4.0-4.1":0.00073150225202682,"4.2-4.3":0.00073150225202682,"5.0-5.1":0.0087780270243219,"6.0-6.1":0.0029260090081073,"7.0-7.1":0.014630045040536,"8":0.12362388059253,"8.1-8.4":0.031454596837153,"9.0-9.2":0.023408072064858,"9.3":0.15288397067361,"10.0-10.2":0.10753083104794,"10.3":0.22969170713642,"11.0-11.2":0.33868554268842,"11.3-11.4":0.93193386908217,"12.0-12.1":5.3399664397958},"android":{"2.1":0,"2.2":0.0023323685202639,"2.3":0.069971055607917,"3":0.0023323685202639,"4":0.40349975400566,"4.1":0.15626869085768,"4.2-4.3":0.58542449858624,"4.4":0,"4.4.3-4.4.4":1.254814263902,"67":null},"ie":{"5.5":0,"6":0,"7":0,"8":0.10507574774775,"9":0.11821021621622,"10":0.026268936936937,"11":0.4794080990991},"edge":{"12":0.025804,"13":0.025804,"14":0.096765,"15":0.06451,"16":0.058059,"17":0.303197,"18":null},"op_mob":{"10":null,"11":null,"11.1":null,"11.5":null,"12":null,"12.1":null,"0":null},"samsung":{"4":0.629694,"5":0.04563,"6.2":0.082134,"7.2":null},"ie_mob":{"10":0.022386,"11":0.123123},"bb":{"7":0.0021294,"10":0.0085176},"baidu":{"0":null},"and_ff":{"0":0.173901},"and_uc":{"0":0.844662},"and_qq":{"1.2":null},"op_mini":{"0":0.51407447938144},"and_chr":{"0":46.125933}},"total":95.758164479381}