{"id":"ES","name":"Spain","month":"2018-12","access_date":"2019-01-04","data":{"chrome":{"4":0,"5":0,"6":0,"7":0,"8":0,"9":0,"10":0,"11":0.011958,"12":0,"13":0,"14":0,"15":0,"16":0,"17":0,"18":0,"19":0,"20":0,"21":0,"22":0.005979,"23":0,"24":0,"25":0,"26":0,"27":0,"28":0,"29":0.137517,"30":0,"31":0.005979,"32":0,"33":0,"34":0.005979,"35":0.005979,"36":0,"37":0.005979,"38":0.023916,"39":0.005979,"40":0.005979,"41":0.011958,"42":0,"43":0.005979,"44":0.005979,"45":0.005979,"46":0.011958,"47":0.005979,"48":0.011958,"49":0.579963,"50":0.005979,"51":0.017937,"52":0.005979,"53":0.011958,"54":0.011958,"55":0.017937,"56":0.035874,"57":0.023916,"58":0.113601,"59":0.017937,"60":0.023916,"61":0.155454,"62":0.065769,"63":0.125559,"64":0.065769,"65":0.083706,"66":0.065769,"67":0.131538,"68":0.101643,"69":0.17937,"70":9.650106,"71":8.842941,"72":0.011958,"73":0.005979,"74":0},"firefox":{"2":0,"3":0,"3.5":0,"3.6":0.005979,"4":0.005979,"5":0,"6":0,"7":0,"8":0,"9":0,"10":0,"11":0,"12":0,"13":0,"14":0,"15":0,"16":0,"17":0,"18":0,"19":0,"20":0.005979,"21":0,"22":0,"23":0,"24":0,"25":0,"26":0,"27":0,"28":0,"29":0,"30":0,"31":0.005979,"32":0.005979,"33":0,"34":0,"35":0,"36":0,"37":0,"38":0.005979,"39":0.005979,"40":0,"41":0.005979,"42":0.005979,"43":0.011958,"44":0.005979,"45":0.017937,"46":0.005979,"47":0.017937,"48":0.053811,"49":0.005979,"50":0.005979,"51":0.011958,"52":0.233181,"53":0.023916,"54":0.011958,"55":0.029895,"56":0.029895,"57":0.041853,"58":0.023916,"59":0.047832,"60":0.089685,"61":0.047832,"62":0.065769,"63":2.080692,"64":1.769784,"65":0.011958,"66":0},"opera":{"9":0,"9.5-9.6":0,"10.0-10.1":0,"10.5":0,"10.6":0,"11":0,"11.1":0,"11.5":0,"11.6":0,"12":0,"12.1":0.005979,"15":0,"16":0,"17":0,"18":0,"19":0,"20":0,"21":0,"22":0,"23":0,"24":0,"25":0,"26":0,"27":0,"28":0,"29":0,"30":0,"31":0,"32":0,"33":0,"34":0,"35":0,"36":0.017937,"37":0,"38":0,"39":0,"40":0,"41":0,"42":0,"43":0,"44":0,"45":0,"46":0,"47":0,"48":0,"49":0.017937,"50":0,"51":0,"52":0,"53":0,"54":0,"55":0,"56":0.364719,"57":0.143496},"safari":{"3.1":0,"3.2":0,"4":0,"5":0.005979,"5.1":0.005979,"6":0,"6.1":0.029895,"7":0.011958,"7.1":0,"8":0.041853,"9":0.035874,"9.1":0.065769,"10":0.023916,"10.1":0.125559,"11":0.083706,"11.1":0.269055,"12":1.321359,"0":null},"ios_saf":{"3.2":0.0030221849664698,"4.0-4.1":0.0015110924832349,"4.2-4.3":0.0015110924832349,"5.0-5.1":0.018133109798819,"6.0-6.1":0.0060443699329396,"7.0-7.1":0.030221849664698,"8":0.2553746296667,"8.1-8.4":0.064976976779101,"9.0-9.2":0.048354959463517,"9.3":0.3158183289961,"10.0-10.2":0.22213059503553,"10.3":0.47448303973576,"11.0-11.2":0.69963581973776,"11.3-11.4":1.9251318236413,"12.0-12.1":11.030975127615},"android":{"2.1":0,"2.2":0.00061088312912347,"2.3":0.018326493873704,"3":0.00061088312912347,"4":0.10568278133836,"4.1":0.040929169651272,"4.2-4.3":0.15333166540999,"4.4":0,"4.4.3-4.4.4":0.32865512346843,"67":null},"ie":{"5.5":0,"6":0,"7":0.0060278081632653,"8":0.072333697959184,"9":0.036166848979592,"10":0.024111232653061,"11":1.3381734122449},"edge":{"12":0.005979,"13":0.005979,"14":0.023916,"15":0.035874,"16":0.071748,"17":1.130031,"18":null},"op_mob":{"10":null,"11":null,"11.1":null,"11.5":null,"12":null,"12.1":null,"0":null},"samsung":{"4":0.27443325,"5":0.0490059375,"6.2":0.058807125,"7.2":null},"ie_mob":{"10":0,"11":0.068357},"bb":{"7":0.0008042,"10":0.0032168},"baidu":{"0":null},"and_ff":{"0":0.217134},"and_uc":{"0":0.088462},"and_qq":{"1.2":null},"op_mini":{"0":0.13704562886598},"and_chr":{"0":49.035118}},"total":96.326209941366}