{"id":"FJ","name":"Fiji","month":"2018-12","access_date":"2019-01-04","data":{"chrome":{"4":0,"5":0,"6":0,"7":0,"8":0,"9":0,"10":0,"11":0,"12":0,"13":0,"14":0,"15":0,"16":0,"17":0,"18":0,"19":0,"20":0,"21":0,"22":0,"23":0,"24":0,"25":0,"26":0,"27":0,"28":0,"29":0,"30":0,"31":0,"32":0,"33":0.004442,"34":0.008884,"35":0,"36":0,"37":0,"38":0,"39":0.008884,"40":0.004442,"41":0.004442,"42":0,"43":0.004442,"44":0.004442,"45":0.004442,"46":0.004442,"47":0,"48":0.004442,"49":0.13326,"50":0,"51":0.004442,"52":0.004442,"53":0.026652,"54":0.004442,"55":0.017768,"56":0.026652,"57":0.026652,"58":0.42199,"59":0.004442,"60":0.039978,"61":0.004442,"62":0.04442,"63":0.293172,"64":0.004442,"65":0.106608,"66":0.128818,"67":0.093282,"68":0.053304,"69":0.06663,"70":4.250994,"71":3.762374,"72":0.004442,"73":0,"74":0},"firefox":{"2":0,"3":0,"3.5":0,"3.6":0,"4":0,"5":0,"6":0,"7":0,"8":0,"9":0,"10":0,"11":0,"12":0.004442,"13":0,"14":0.004442,"15":0,"16":0,"17":0,"18":0,"19":0,"20":0,"21":0,"22":0,"23":0,"24":0,"25":0,"26":0,"27":0,"28":0.026652,"29":0,"30":0,"31":0,"32":0,"33":0,"34":0,"35":0,"36":0,"37":0.004442,"38":0,"39":0.004442,"40":0,"41":0,"42":0.004442,"43":0.008884,"44":0,"45":0.013326,"46":0,"47":0.017768,"48":0.128818,"49":0.004442,"50":0,"51":0,"52":0.057746,"53":0.08884,"54":0.008884,"55":0,"56":0.013326,"57":0.004442,"58":0.008884,"59":0.004442,"60":0.035536,"61":0.017768,"62":0.02221,"63":1.101616,"64":1.017218,"65":0.079956,"66":0},"opera":{"9":0,"9.5-9.6":0,"10.0-10.1":0,"10.5":0,"10.6":0,"11":0,"11.1":0,"11.5":0,"11.6":0,"12":0,"12.1":0,"15":0,"16":0,"17":0,"18":0,"19":0,"20":0,"21":0,"22":0,"23":0,"24":0,"25":0,"26":0,"27":0,"28":0,"29":0,"30":0,"31":0,"32":0,"33":0,"34":0,"35":0,"36":0.404222,"37":0.008884,"38":0,"39":0,"40":0,"41":0,"42":0,"43":0,"44":0,"45":0.004442,"46":0,"47":0,"48":0,"49":0.004442,"50":0,"51":0,"52":0,"53":0,"54":0,"55":0,"56":0.137702,"57":0.06663},"safari":{"3.1":0,"3.2":0,"4":0,"5":0,"5.1":0,"6":0,"6.1":0,"7":0.017768,"7.1":0,"8":0,"9":0.013326,"9.1":0.02221,"10":0.008884,"10.1":0.142144,"11":0.062188,"11.1":0.137702,"12":0.33315,"0":null},"ios_saf":{"3.2":0.0018939761785607,"4.0-4.1":0.00094698808928035,"4.2-4.3":0.00094698808928035,"5.0-5.1":0.011363857071364,"6.0-6.1":0.0037879523571214,"7.0-7.1":0.018939761785607,"8":0.16004098708838,"8.1-8.4":0.040720487839055,"9.0-9.2":0.030303618856971,"9.3":0.19792051065959,"10.0-10.2":0.13920724912421,"10.3":0.29735426003403,"11.0-11.2":0.4384554853368,"11.3-11.4":1.2064628257432,"12.0-12.1":6.9130130517466},"android":{"2.1":0,"2.2":0.0021208275212064,"2.3":0.063624825636192,"3":0.0021208275212064,"4":0.36690316116871,"4.1":0.14209544392083,"4.2-4.3":0.53232770782281,"4.4":0,"4.4.3-4.4.4":1.141005206409,"67":null},"ie":{"5.5":0,"6":0,"7":0,"8":0.020475504761905,"9":0.010237752380952,"10":0.010237752380952,"11":0.49653099047619},"edge":{"12":0.008884,"13":0.026652,"14":0.097724,"15":0.04442,"16":0.071072,"17":0.484178,"18":null},"op_mob":{"10":null,"11":null,"11.1":null,"11.5":null,"12":null,"12.1":null,"0":null},"samsung":{"4":3.0789583125,"5":0.257404875,"6.2":0.7128135,"7.2":null},"ie_mob":{"10":0.0127834,"11":0.1150506},"bb":{"7":0.0022232,"10":0.0088928},"baidu":{"0":null},"and_ff":{"0":0.19453},"and_uc":{"0":2.156504},"and_qq":{"1.2":null},"op_mini":{"0":0.78929329896907},"and_chr":{"0":56.59793}},"total":90.531965986469}