{"id":"FO","name":"Faroe Islands","month":"2018-12","access_date":"2019-01-04","data":{"chrome":{"4":0,"5":0,"6":0,"7":0,"8":0,"9":0,"10":0,"11":0,"12":0,"13":0,"14":0,"15":0,"16":0,"17":0,"18":0,"19":0,"20":0,"21":0,"22":0.005773,"23":0,"24":0,"25":0,"26":0,"27":0,"28":0,"29":0,"30":0,"31":0,"32":0,"33":0.011546,"34":0.011546,"35":0,"36":0,"37":0,"38":0.011546,"39":0,"40":0,"41":0,"42":0,"43":0,"44":0,"45":0,"46":0,"47":0,"48":0,"49":0.386791,"50":0,"51":0,"52":0,"53":0.046184,"54":0,"55":0.005773,"56":0.011546,"57":0.005773,"58":0.103914,"59":0,"60":0.005773,"61":0.005773,"62":0.017319,"63":0,"64":0.005773,"65":0.023092,"66":0.075049,"67":0.05773,"68":0.034638,"69":0.086595,"70":5.963509,"71":6.154018,"72":0.005773,"73":0,"74":0},"firefox":{"2":0,"3":0,"3.5":0,"3.6":0,"4":0,"5":0,"6":0,"7":0,"8":0,"9":0,"10":0,"11":0,"12":0,"13":0,"14":0.011546,"15":0,"16":0,"17":0,"18":0,"19":0,"20":0,"21":0,"22":0,"23":0,"24":0,"25":0,"26":0,"27":0,"28":0,"29":0,"30":0,"31":0,"32":0,"33":0,"34":0,"35":0,"36":0,"37":0,"38":0,"39":0,"40":0,"41":0,"42":0,"43":0,"44":0,"45":0.005773,"46":0,"47":0,"48":0.023092,"49":0,"50":0.011546,"51":0,"52":0.040411,"53":0.023092,"54":0,"55":0,"56":0.005773,"57":0.005773,"58":0.005773,"59":0.005773,"60":0.277104,"61":0.005773,"62":0.023092,"63":0.894815,"64":0.998729,"65":0,"66":0},"opera":{"9":0,"9.5-9.6":0,"10.0-10.1":0,"10.5":0,"10.6":0,"11":0,"11.1":0,"11.5":0,"11.6":0,"12":0,"12.1":0,"15":0,"16":0,"17":0,"18":0,"19":0,"20":0,"21":0,"22":0,"23":0,"24":0,"25":0,"26":0,"27":0,"28":0,"29":0,"30":0,"31":0,"32":0,"33":0,"34":0,"35":0,"36":0,"37":0,"38":0,"39":0,"40":0,"41":0,"42":0,"43":0,"44":0,"45":0,"46":0,"47":0,"48":0,"49":0.017319,"50":0,"51":0,"52":0,"53":0,"54":0,"55":0,"56":0.063503,"57":0.046184},"safari":{"3.1":0,"3.2":0,"4":0,"5":0,"5.1":0.011546,"6":0,"6.1":0.017319,"7":0,"7.1":0,"8":0.028865,"9":0.005773,"9.1":0.155871,"10":0.011546,"10.1":0.219374,"11":0.05773,"11.1":0.323288,"12":1.03914,"0":null},"ios_saf":{"3.2":0.0099776192573316,"4.0-4.1":0.0049888096286658,"4.2-4.3":0.0049888096286658,"5.0-5.1":0.05986571554399,"6.0-6.1":0.019955238514663,"7.0-7.1":0.099776192573316,"8":0.84310882724452,"8.1-8.4":0.21451881403263,"9.0-9.2":0.15964190811731,"9.3":1.0426612123912,"10.0-10.2":0.73335501541387,"10.3":1.5664862234011,"11.0-11.2":2.3098188580723,"11.3-11.4":6.3557434669202,"12.0-12.1":36.41831028926},"android":{"2.1":0,"2.2":0.00014429029217719,"2.3":0.0043287087653157,"3":0.00014429029217719,"4":0.024962220546654,"4.1":0.0096674495758718,"4.2-4.3":0.036216863336475,"4.4":0,"4.4.3-4.4.4":0.077628177191329,"67":null},"ie":{"5.5":0,"6":0,"7":0.011546,"8":0.011546,"9":0.034638,"10":0.046184,"11":4.44521},"edge":{"12":0.005773,"13":0,"14":0.05773,"15":0.092368,"16":0.161644,"17":3.273291,"18":null},"op_mob":{"10":null,"11":null,"11.1":null,"11.5":null,"12":null,"12.1":null,"0":null},"samsung":{"4":0.30254951886792,"5":0.078438764150943,"6.2":0.14567199056604,"7.2":null},"ie_mob":{"10":0,"11":0.114129},"bb":{"7":0.0008454,"10":0.0033816},"baidu":{"0":null},"and_ff":{"0":0.147945},"and_uc":{"0":0},"and_qq":{"1.2":null},"op_mini":{"0":0.09204256185567},"and_chr":{"0":16.518347}},"total":92.910526835441}