{"id":"GB","name":"United Kingdom","month":"2018-12","access_date":"2019-01-04","data":{"chrome":{"4":0,"5":0,"6":0,"7":0,"8":0,"9":0,"10":0,"11":0,"12":0,"13":0,"14":0,"15":0,"16":0,"17":0,"18":0,"19":0,"20":0,"21":0,"22":0.01149,"23":0,"24":0,"25":0.01149,"26":0.005745,"27":0,"28":0,"29":0.03447,"30":0,"31":0,"32":0,"33":0.005745,"34":0.01149,"35":0.01149,"36":0.005745,"37":0.005745,"38":0.02298,"39":0.005745,"40":0.09192,"41":0.01149,"42":0,"43":0.01149,"44":0.005745,"45":0.005745,"46":0.005745,"47":0.005745,"48":0.005745,"49":0.20682,"50":0.005745,"51":0.01149,"52":0.005745,"53":0.01149,"54":0.028725,"55":0.028725,"56":0.03447,"57":0.017235,"58":0.063195,"59":0.03447,"60":0.017235,"61":0.19533,"62":0.03447,"63":0.09192,"64":0.04596,"65":0.086175,"66":0.086175,"67":0.132135,"68":0.132135,"69":0.247035,"70":8.28429,"71":6.727395,"72":0.017235,"73":0.005745,"74":0},"firefox":{"2":0,"3":0,"3.5":0,"3.6":0.005745,"4":0,"5":0,"6":0,"7":0,"8":0,"9":0,"10":0,"11":0,"12":0,"13":0,"14":0,"15":0,"16":0,"17":0,"18":0,"19":0,"20":0,"21":0,"22":0,"23":0,"24":0,"25":0,"26":0,"27":0,"28":0,"29":0,"30":0,"31":0,"32":0,"33":0,"34":0.005745,"35":0,"36":0,"37":0,"38":0,"39":0,"40":0,"41":0,"42":0,"43":0.005745,"44":0,"45":0.01149,"46":0,"47":0.005745,"48":0.063195,"49":0.005745,"50":0.005745,"51":0.005745,"52":0.10341,"53":0.005745,"54":0.01149,"55":0.005745,"56":0.017235,"57":0.02298,"58":0.01149,"59":0.017235,"60":0.05745,"61":0.040215,"62":0.040215,"63":1.028355,"64":0.96516,"65":0.017235,"66":0},"opera":{"9":0,"9.5-9.6":0,"10.0-10.1":0,"10.5":0,"10.6":0,"11":0,"11.1":0,"11.5":0,"11.6":0,"12":0,"12.1":0.005745,"15":0,"16":0,"17":0,"18":0,"19":0,"20":0,"21":0,"22":0,"23":0,"24":0,"25":0,"26":0,"27":0,"28":0,"29":0,"30":0,"31":0.005745,"32":0,"33":0,"34":0,"35":0,"36":0.005745,"37":0,"38":0,"39":0,"40":0.005745,"41":0,"42":0,"43":0,"44":0,"45":0,"46":0,"47":0,"48":0,"49":0.01149,"50":0,"51":0,"52":0,"53":0,"54":0,"55":0,"56":0.281505,"57":0.120645},"safari":{"3.1":0,"3.2":0,"4":0,"5":0.005745,"5.1":0.017235,"6":0,"6.1":0.005745,"7":0,"7.1":0,"8":0.017235,"9":0.01149,"9.1":0.09192,"10":0.03447,"10.1":0.19533,"11":0.097665,"11.1":0.39066,"12":1.821165,"0":null},"ios_saf":{"3.2":0.0075543689320388,"4.0-4.1":0.0037771844660194,"4.2-4.3":0.0037771844660194,"5.0-5.1":0.045326213592233,"6.0-6.1":0.015108737864078,"7.0-7.1":0.075543689320388,"8":0.63834417475728,"8.1-8.4":0.16241893203883,"9.0-9.2":0.12086990291262,"9.3":0.78943155339806,"10.0-10.2":0.55524611650485,"10.3":1.1860359223301,"11.0-11.2":1.748836407767,"11.3-11.4":4.8121330097087,"12.0-12.1":27.573446601942},"android":{"2.1":0,"2.2":0.0011079736098021,"2.3":0.033239208294062,"3":0.0011079736098021,"4":0.19167943449576,"4.1":0.074234231856739,"4.2-4.3":0.27810137606032,"4.4":0,"4.4.3-4.4.4":0.59608980207352,"67":null},"ie":{"5.5":0,"6":0,"7":0.0057748441558442,"8":0.028874220779221,"9":0.040423909090909,"10":0.040423909090909,"11":2.1078181168831},"edge":{"12":0.01149,"13":0.02298,"14":0.063195,"15":0.10341,"16":0.16086,"17":2.26353,"18":null},"op_mob":{"10":null,"11":null,"11.1":null,"11.5":null,"12":null,"12.1":null,"0":null},"samsung":{"4":0.25803836633663,"5":0.072250742574257,"6.2":0.061929207920792,"7.2":null},"ie_mob":{"10":0,"11":0.14467},"bb":{"7":0.004255,"10":0.01702},"baidu":{"0":null},"and_ff":{"0":0.208495},"and_uc":{"0":0.140415},"and_qq":{"1.2":null},"op_mini":{"0":0.16113436426117},"and_chr":{"0":27.08097}},"total":94.322612681093}