{"id":"GG","name":"Guernsey","month":"2018-12","access_date":"2019-01-04","data":{"chrome":{"4":0,"5":0,"6":0,"7":0,"8":0,"9":0,"10":0,"11":0,"12":0,"13":0,"14":0,"15":0,"16":0,"17":0,"18":0,"19":0,"20":0,"21":0,"22":0,"23":0,"24":0,"25":0,"26":0.006577,"27":0,"28":0,"29":0,"30":0,"31":0,"32":0,"33":0,"34":0.013154,"35":0,"36":0,"37":0,"38":0.013154,"39":0,"40":0,"41":0.006577,"42":0,"43":0,"44":0.013154,"45":0.006577,"46":0.006577,"47":0,"48":0.006577,"49":0.309119,"50":0,"51":0.006577,"52":0.006577,"53":0.361735,"54":0.006577,"55":0.026308,"56":0.046039,"57":0.052616,"58":0.618238,"59":0.013154,"60":0.006577,"61":0.013154,"62":0,"63":0.072347,"64":0.013154,"65":0.013154,"66":0.06577,"67":0.171002,"68":0.157848,"69":0.098655,"70":8.885527,"71":8.148903,"72":0.006577,"73":0,"74":0},"firefox":{"2":0,"3":0,"3.5":0,"3.6":0,"4":0,"5":0,"6":0,"7":0,"8":0,"9":0,"10":0,"11":0,"12":0,"13":0,"14":0,"15":0,"16":0,"17":0,"18":0,"19":0,"20":0,"21":0,"22":0,"23":0,"24":0,"25":0,"26":0,"27":0,"28":0,"29":0,"30":0,"31":0,"32":0.006577,"33":0,"34":0,"35":0,"36":0,"37":0,"38":0,"39":0,"40":0,"41":0,"42":0,"43":0.006577,"44":0.006577,"45":0.223618,"46":0,"47":0.006577,"48":0.177579,"49":0.013154,"50":0,"51":0,"52":0.06577,"53":0.13154,"54":0.019731,"55":0,"56":0.006577,"57":0.013154,"58":0.006577,"59":0,"60":0.013154,"61":0.006577,"62":0.032885,"63":1.104936,"64":0.933934,"65":0.072347,"66":0},"opera":{"9":0,"9.5-9.6":0,"10.0-10.1":0,"10.5":0,"10.6":0,"11":0,"11.1":0,"11.5":0,"11.6":0,"12":0,"12.1":0,"15":0,"16":0,"17":0,"18":0,"19":0,"20":0,"21":0,"22":0,"23":0,"24":0,"25":0,"26":0,"27":0,"28":0,"29":0,"30":0,"31":0,"32":0,"33":0,"34":0,"35":0,"36":0,"37":0,"38":0,"39":0,"40":0,"41":0,"42":0,"43":0,"44":0,"45":0.006577,"46":0,"47":0,"48":0,"49":0.013154,"50":0,"51":0,"52":0,"53":0,"54":0,"55":0,"56":0.151271,"57":0.052616},"safari":{"3.1":0,"3.2":0,"4":0,"5":0.006577,"5.1":0.013154,"6":0,"6.1":0.013154,"7":0,"7.1":0,"8":0.006577,"9":0.013154,"9.1":0.111809,"10":0.032885,"10.1":0.217041,"11":0.052616,"11.1":0.684008,"12":2.966227,"0":null},"ios_saf":{"3.2":0.0096588992092884,"4.0-4.1":0.0048294496046442,"4.2-4.3":0.0048294496046442,"5.0-5.1":0.05795339525573,"6.0-6.1":0.019317798418577,"7.0-7.1":0.096588992092884,"8":0.81617698318487,"8.1-8.4":0.2076663329997,"9.0-9.2":0.15454238734861,"9.3":1.0093549673706,"10.0-10.2":0.70992909188269,"10.3":1.5164471758583,"11.0-11.2":2.2360351669503,"11.3-11.4":6.1527187963167,"12.0-12.1":35.254982113903},"android":{"2.1":0,"2.2":0.00091307822808671,"2.3":0.027392346842601,"3":0.00091307822808671,"4":0.157962533459,"4.1":0.06117624128181,"4.2-4.3":0.22918263524976,"4.4":0,"4.4.3-4.4.4":0.49123608671065,"67":null},"ie":{"5.5":0,"6":0,"7":0,"8":0.013154,"9":0.013154,"10":0,"11":4.136933},"edge":{"12":0,"13":0.013154,"14":0.052616,"15":0.032885,"16":0.118386,"17":2.440067,"18":null},"op_mob":{"10":null,"11":null,"11.1":null,"11.5":null,"12":null,"12.1":null,"0":null},"samsung":{"4":0.14739252972973,"5":0.031584113513514,"6.2":0.021056075675676,"7.2":null},"ie_mob":{"10":0.119805,"11":0.06846},"bb":{"7":0.0020538,"10":0.0082152},"baidu":{"0":null},"and_ff":{"0":0.215649},"and_uc":{"0":0.003423},"and_qq":{"1.2":null},"op_mini":{"0":0.10370160824742},"and_chr":{"0":13.176262}},"total":96.298374327166}