{"id":"GH","name":"Ghana","month":"2018-12","access_date":"2019-01-04","data":{"chrome":{"4":0.00503,"5":0.002515,"6":0.002515,"7":0,"8":0,"9":0,"10":0.002515,"11":0.00503,"12":0.002515,"13":0.002515,"14":0.002515,"15":0,"16":0,"17":0.002515,"18":0,"19":0.002515,"20":0,"21":0,"22":0,"23":0,"24":0,"25":0,"26":0,"27":0.002515,"28":0,"29":0,"30":0,"31":0.002515,"32":0,"33":0.00503,"34":0,"35":0.002515,"36":0,"37":0,"38":0.002515,"39":0,"40":0.007545,"41":0,"42":0,"43":0.007545,"44":0,"45":0.002515,"46":0.002515,"47":0,"48":0.002515,"49":0.03018,"50":0.01006,"51":0.002515,"52":0,"53":0.002515,"54":0,"55":0.007545,"56":0.00503,"57":0.00503,"58":0.037725,"59":0.00503,"60":0.01509,"61":0.007545,"62":0.01006,"63":0.03018,"64":0.012575,"65":0.06036,"66":0.01509,"67":0.037725,"68":0.042755,"69":0.07545,"70":1.159415,"71":1.068875,"72":0.012575,"73":0.00503,"74":0},"firefox":{"2":0,"3":0,"3.5":0,"3.6":0.012575,"4":0.002515,"5":0.002515,"6":0,"7":0,"8":0,"9":0,"10":0,"11":0,"12":0,"13":0,"14":0.002515,"15":0,"16":0,"17":0,"18":0,"19":0.002515,"20":0.002515,"21":0.002515,"22":0,"23":0.002515,"24":0,"25":0,"26":0,"27":0.002515,"28":0,"29":0.002515,"30":0.002515,"31":0.002515,"32":0.002515,"33":0.002515,"34":0.002515,"35":0.002515,"36":0.002515,"37":0.002515,"38":0.00503,"39":0.002515,"40":0.00503,"41":0.00503,"42":0.00503,"43":0.01509,"44":0.01006,"45":0.00503,"46":0.002515,"47":0.02012,"48":0.012575,"49":0.007545,"50":0.00503,"51":0.002515,"52":0.022635,"53":0.00503,"54":0.00503,"55":0.00503,"56":0.012575,"57":0.012575,"58":0.00503,"59":0.01006,"60":0.02012,"61":0.02515,"62":0.047785,"63":0.389825,"64":0.36216,"65":0.05533,"66":0},"opera":{"9":0,"9.5-9.6":0,"10.0-10.1":0,"10.5":0,"10.6":0,"11":0.002515,"11.1":0,"11.5":0,"11.6":0,"12":0.002515,"12.1":0.04024,"15":0.00503,"16":0.007545,"17":0.002515,"18":0.002515,"19":0.01006,"20":0.04024,"21":0.002515,"22":0.002515,"23":0.04527,"24":0.002515,"25":0,"26":0.002515,"27":0.002515,"28":0.01006,"29":0.00503,"30":0.007545,"31":0.002515,"32":0.01006,"33":0.00503,"34":0.002515,"35":0.00503,"36":0.002515,"37":0.007545,"38":0.00503,"39":0,"40":0,"41":0,"42":0.002515,"43":0.002515,"44":0,"45":0.00503,"46":0,"47":0.002515,"48":0.00503,"49":0.027665,"50":0,"51":0,"52":0,"53":0,"54":0.002515,"55":0.002515,"56":0.24647,"57":0.103115},"safari":{"3.1":0,"3.2":0,"4":0,"5":0,"5.1":0,"6":0,"6.1":0,"7":0,"7.1":0,"8":0.002515,"9":0.002515,"9.1":0.007545,"10":0.00503,"10.1":0.01006,"11":0.012575,"11.1":0.027665,"12":0.103115,"0":null},"ios_saf":{"3.2":0.0018274637173456,"4.0-4.1":0.00091373185867281,"4.2-4.3":0.00091373185867281,"5.0-5.1":0.010964782304074,"6.0-6.1":0.0036549274346912,"7.0-7.1":0.018274637173456,"8":0.1544206841157,"8.1-8.4":0.039290469922931,"9.0-9.2":0.02923941947753,"9.3":0.19096995846262,"10.0-10.2":0.1343185832249,"10.3":0.28691180362326,"11.0-11.2":0.42305785056551,"11.3-11.4":1.1640943879492,"12.0-12.1":6.6702425683115},"android":{"2.1":0,"2.2":0.0014490339302545,"2.3":0.043471017907634,"3":0.0014490339302545,"4":0.25068286993402,"4.1":0.09708527332705,"4.2-4.3":0.36370751649387,"4.4":0,"4.4.3-4.4.4":0.77958025447691,"67":null},"ie":{"5.5":0,"6":0,"7":0,"8":0.012575,"9":0.002515,"10":0.007545,"11":0.052815},"edge":{"12":0.02515,"13":0.022635,"14":0.03018,"15":0.03018,"16":0.017605,"17":0.1006,"18":null},"op_mob":{"10":null,"11":null,"11.1":null,"11.5":null,"12":null,"12.1":null,"0":null},"samsung":{"4":0.78864301675978,"5":0.096175977653631,"6.2":0.086558379888268,"7.2":null},"ie_mob":{"10":0.033879473684211,"11":0.60983052631579},"bb":{"7":0.017964,"10":0.071856},"baidu":{"0":null},"and_ff":{"0":0.366765},"and_uc":{"0":8.764935},"and_qq":{"1.2":null},"op_mini":{"0":31.803379175258},"and_chr":{"0":27.11616}},"total":85.392306549559}