{"id":"GM","name":"Gambia","month":"2018-12","access_date":"2019-01-04","data":{"chrome":{"4":0,"5":0,"6":0,"7":0,"8":0,"9":0,"10":0,"11":0.004008,"12":0,"13":0,"14":0,"15":0,"16":0,"17":0,"18":0,"19":0.028056,"20":0,"21":0,"22":0.004008,"23":0.008016,"24":0,"25":0.008016,"26":0.004008,"27":0,"28":0,"29":0.012024,"30":0,"31":0.004008,"32":0,"33":0.012024,"34":0.02004,"35":0,"36":0.012024,"37":0.004008,"38":0,"39":0.008016,"40":0.008016,"41":0.008016,"42":0.004008,"43":0.068136,"44":0.08016,"45":0.008016,"46":0.008016,"47":0.004008,"48":0.032064,"49":0.264528,"50":0.004008,"51":0.012024,"52":0.012024,"53":0.028056,"54":0.012024,"55":0.036072,"56":0.052104,"57":0.08016,"58":0.909816,"59":0.004008,"60":0.108216,"61":0.004008,"62":0.004008,"63":0.048096,"64":0.02004,"65":0.68136,"66":0.004008,"67":0.032064,"68":0.048096,"69":0.092184,"70":2.432856,"71":2.913816,"72":0.024048,"73":0.004008,"74":0},"firefox":{"2":0,"3":0.008016,"3.5":0,"3.6":0,"4":0,"5":0,"6":0,"7":0,"8":0,"9":0,"10":0,"11":0,"12":0,"13":0,"14":0,"15":0,"16":0,"17":0,"18":0,"19":0,"20":0,"21":0,"22":0,"23":0,"24":0,"25":0,"26":0,"27":0,"28":0,"29":0.004008,"30":0,"31":0,"32":0.004008,"33":0,"34":0.012024,"35":0,"36":0.008016,"37":0.004008,"38":0.008016,"39":0,"40":0.008016,"41":0,"42":0.004008,"43":0.016032,"44":0.024048,"45":0.008016,"46":0.004008,"47":0.016032,"48":0.016032,"49":0.008016,"50":0.004008,"51":0.004008,"52":0.056112,"53":0.176352,"54":0.008016,"55":0.004008,"56":0.064128,"57":0.008016,"58":0.008016,"59":0.008016,"60":0.016032,"61":0.02004,"62":0.036072,"63":0.88176,"64":1.246488,"65":0.32064,"66":0},"opera":{"9":0,"9.5-9.6":0,"10.0-10.1":0,"10.5":0,"10.6":0,"11":0,"11.1":0,"11.5":0,"11.6":0.036072,"12":0,"12.1":0.18036,"15":0,"16":0.004008,"17":0.004008,"18":0,"19":0.004008,"20":0.008016,"21":0.004008,"22":0,"23":0.016032,"24":0,"25":0,"26":0,"27":0.004008,"28":0,"29":0,"30":0.008016,"31":0,"32":0.008016,"33":0.004008,"34":0,"35":0.004008,"36":0.008016,"37":0.004008,"38":0.004008,"39":0,"40":0,"41":0,"42":0,"43":0,"44":0,"45":0.004008,"46":0,"47":0,"48":0.008016,"49":0.004008,"50":0,"51":0,"52":0,"53":0,"54":0.004008,"55":0,"56":0.44088,"57":0.26052},"safari":{"3.1":0,"3.2":0,"4":0,"5":0,"5.1":0.004008,"6":0,"6.1":0,"7":0,"7.1":0,"8":0.004008,"9":0,"9.1":0.128256,"10":0.008016,"10.1":0.068136,"11":0.004008,"11.1":0.044088,"12":0.24048,"0":null},"ios_saf":{"3.2":0.0020705739165249,"4.0-4.1":0.0010352869582624,"4.2-4.3":0.0010352869582624,"5.0-5.1":0.012423443499149,"6.0-6.1":0.0041411478330497,"7.0-7.1":0.020705739165249,"8":0.17496349594635,"8.1-8.4":0.044517339205285,"9.0-9.2":0.033129182664398,"9.3":0.21637497427685,"10.0-10.2":0.15218718286458,"10.3":0.32508010489441,"11.0-11.2":0.47933786167551,"11.3-11.4":1.3189555848263,"12.0-12.1":7.5575947953158},"android":{"2.1":0,"2.2":0.0061207087653157,"2.3":0.18362126295947,"3":0.0061207087653157,"4":1.0588826163996,"4.1":0.41008748727615,"4.2-4.3":1.5362979000943,"4.4":0,"4.4.3-4.4.4":3.2929413157399,"67":null},"ie":{"5.5":0,"6":0,"7":0,"8":0.044577866666667,"9":0.016210133333333,"10":0.032420266666667,"11":0.27151973333333},"edge":{"12":0.06012,"13":0.06012,"14":0.056112,"15":0.06012,"16":0.052104,"17":0.412824,"18":null},"op_mob":{"10":null,"11":null,"11.1":null,"11.5":null,"12":null,"12.1":null,"0":null},"samsung":{"4":2.1338177777778,"5":0.20841941085271,"6.2":0.21834414470284,"7.2":null},"ie_mob":{"10":0.046122631578947,"11":0.65494136842105},"bb":{"7":0.0095872,"10":0.0383488},"baidu":{"0":null},"and_ff":{"0":0.167776},"and_uc":{"0":2.810248},"and_qq":{"1.2":null},"op_mini":{"0":9.5927698831615},"and_chr":{"0":43.747664}},"total":90.249175216495}