{"id":"GP","name":"Guadeloupe","month":"2018-12","access_date":"2019-01-04","data":{"chrome":{"4":0,"5":0,"6":0,"7":0,"8":0,"9":0,"10":0,"11":0,"12":0,"13":0,"14":0,"15":0,"16":0,"17":0,"18":0,"19":0,"20":0,"21":0,"22":0.006943,"23":0,"24":0,"25":0,"26":0.006943,"27":0,"28":0,"29":0,"30":0,"31":0.006943,"32":0,"33":0.013886,"34":0.034715,"35":0,"36":0,"37":0.006943,"38":0.020829,"39":0.062487,"40":0.006943,"41":0.013886,"42":0.020829,"43":0.006943,"44":0.006943,"45":0.020829,"46":0.013886,"47":0.006943,"48":0.013886,"49":0.451295,"50":0.006943,"51":0.020829,"52":0.034715,"53":0.020829,"54":0.020829,"55":0.041658,"56":0.097202,"57":0.118031,"58":1.826009,"59":0.006943,"60":0.020829,"61":0.041658,"62":0.048601,"63":0.479067,"64":0.20829,"65":0.187461,"66":0.048601,"67":0.361036,"68":0.062487,"69":0.097202,"70":8.644035,"71":8.491289,"72":0.06943,"73":0,"74":0},"firefox":{"2":0,"3":0,"3.5":0,"3.6":0,"4":0,"5":0,"6":0,"7":0,"8":0,"9":0,"10":0,"11":0,"12":0,"13":0,"14":0,"15":0,"16":0,"17":0,"18":0,"19":0,"20":0,"21":0,"22":0,"23":0,"24":0,"25":0,"26":0,"27":0,"28":0,"29":0,"30":0,"31":0,"32":0,"33":0,"34":0,"35":0,"36":0,"37":0,"38":0.013886,"39":0,"40":0.006943,"41":0,"42":0,"43":0,"44":0,"45":0.027772,"46":0,"47":0.006943,"48":0.215233,"49":0.006943,"50":0.006943,"51":0,"52":0.166632,"53":0.340207,"54":0.006943,"55":0,"56":0.020829,"57":0.013886,"58":0.006943,"59":0.020829,"60":0.201347,"61":0.048601,"62":0.034715,"63":2.325905,"64":1.819066,"65":0.013886,"66":0},"opera":{"9":0,"9.5-9.6":0,"10.0-10.1":0,"10.5":0,"10.6":0,"11":0,"11.1":0,"11.5":0,"11.6":0,"12":0,"12.1":0,"15":0,"16":0,"17":0,"18":0,"19":0,"20":0,"21":0,"22":0,"23":0,"24":0,"25":0,"26":0,"27":0,"28":0,"29":0,"30":0,"31":0,"32":0,"33":0,"34":0,"35":0,"36":0.006943,"37":0,"38":0,"39":0,"40":0.083316,"41":0,"42":0,"43":0,"44":0,"45":0.006943,"46":0,"47":0,"48":0,"49":0.006943,"50":0,"51":0,"52":0,"53":0,"54":0,"55":0,"56":0.27772,"57":0.201347},"safari":{"3.1":0,"3.2":0,"4":0,"5":0,"5.1":0.027772,"6":0,"6.1":0.006943,"7":0.034715,"7.1":0,"8":0.013886,"9":0.006943,"9.1":0.194404,"10":0.173575,"10.1":0.236062,"11":0.222176,"11.1":1.04145,"12":2.874402,"0":null},"ios_saf":{"3.2":0.003209314783305,"4.0-4.1":0.0016046573916525,"4.2-4.3":0.0016046573916525,"5.0-5.1":0.01925588869983,"6.0-6.1":0.0064186295666099,"7.0-7.1":0.03209314783305,"8":0.27118709918927,"8.1-8.4":0.069000267841057,"9.0-9.2":0.05134903653288,"9.3":0.33537339485537,"10.0-10.2":0.23588463657292,"10.3":0.50386242097888,"11.0-11.2":0.7429563723351,"11.3-11.4":2.0443335169653,"12.0-12.1":11.713998959063},"android":{"2.1":0,"2.2":0.00098933930254477,"2.3":0.029680179076343,"3":0.00098933930254477,"4":0.17115569934025,"4.1":0.0662857332705,"4.2-4.3":0.24832416493874,"4.4":0,"4.4.3-4.4.4":0.53226454476909,"67":null},"ie":{"5.5":0,"6":0,"7":0,"8":0.027772,"9":0.020829,"10":0.034715,"11":4.762898},"edge":{"12":0.013886,"13":0.131917,"14":0.076373,"15":0.083316,"16":0.249948,"17":2.332848,"18":null},"op_mob":{"10":null,"11":null,"11.1":null,"11.5":null,"12":null,"12.1":null,"0":null},"samsung":{"4":0.52850553488372,"5":0.03583088372093,"6.2":0.11645037209302,"7.2":null},"ie_mob":{"10":0,"11":0.03057},"bb":{"7":0.0018342,"10":0.0073368},"baidu":{"0":null},"and_ff":{"0":0.140622},"and_uc":{"0":0.021399},"and_qq":{"1.2":null},"op_mini":{"0":0.095507613402062},"and_chr":{"0":36.284113}},"total":94.4745304041}