{"id":"GT","name":"Guatemala","month":"2018-12","access_date":"2019-01-04","data":{"chrome":{"4":0,"5":0,"6":0,"7":0,"8":0,"9":0,"10":0,"11":0.006173,"12":0,"13":0,"14":0,"15":0,"16":0,"17":0,"18":0,"19":0,"20":0,"21":0,"22":0.012346,"23":0,"24":0,"25":0,"26":0.006173,"27":0,"28":0,"29":0,"30":0,"31":0.006173,"32":0,"33":0,"34":0.024692,"35":0,"36":0,"37":0.006173,"38":0.06173,"39":0,"40":0.006173,"41":0.006173,"42":0,"43":0.006173,"44":0.006173,"45":0.006173,"46":0.012346,"47":0.006173,"48":0.030865,"49":0.49384,"50":0.012346,"51":0.006173,"52":0.012346,"53":0.024692,"54":0.012346,"55":0.043211,"56":0.055557,"57":0.06173,"58":0.753106,"59":0.018519,"60":0.030865,"61":0.018519,"62":0.055557,"63":0.043211,"64":0.055557,"65":0.049384,"66":0.074076,"67":0.203709,"68":0.154325,"69":0.18519,"70":11.278071,"71":9.870627,"72":0.006173,"73":0.012346,"74":0},"firefox":{"2":0,"3":0.006173,"3.5":0,"3.6":0,"4":0,"5":0,"6":0,"7":0,"8":0,"9":0,"10":0,"11":0,"12":0,"13":0,"14":0,"15":0,"16":0,"17":0,"18":0,"19":0,"20":0,"21":0,"22":0,"23":0,"24":0,"25":0,"26":0,"27":0,"28":0,"29":0,"30":0,"31":0,"32":0,"33":0,"34":0,"35":0,"36":0,"37":0,"38":0,"39":0,"40":0,"41":0,"42":0.006173,"43":0.006173,"44":0,"45":0.006173,"46":0,"47":0.006173,"48":0.037038,"49":0.006173,"50":0,"51":0,"52":0.092595,"53":0.141979,"54":0.006173,"55":0,"56":0.006173,"57":0.037038,"58":0.006173,"59":0.012346,"60":0.024692,"61":0.037038,"62":0.030865,"63":1.098794,"64":0.92595,"65":0.012346,"66":0},"opera":{"9":0,"9.5-9.6":0,"10.0-10.1":0,"10.5":0,"10.6":0,"11":0,"11.1":0,"11.5":0,"11.6":0,"12":0,"12.1":0.012346,"15":0,"16":0,"17":0,"18":0,"19":0,"20":0.006173,"21":0.006173,"22":0,"23":0,"24":0,"25":0,"26":0,"27":0,"28":0,"29":0.006173,"30":0,"31":0,"32":0,"33":0,"34":0,"35":0.006173,"36":0.006173,"37":0.006173,"38":0,"39":0,"40":0,"41":0,"42":0,"43":0,"44":0,"45":0.006173,"46":0,"47":0,"48":0.006173,"49":0.018519,"50":0,"51":0,"52":0,"53":0,"54":0,"55":0,"56":0.407418,"57":0.172844},"safari":{"3.1":0,"3.2":0,"4":0,"5":0,"5.1":0,"6":0,"6.1":0.006173,"7":0,"7.1":0,"8":0.018519,"9":0.018519,"9.1":0.06173,"10":0.030865,"10.1":0.172844,"11":0.135806,"11.1":0.438283,"12":1.512385,"0":null},"ios_saf":{"3.2":0.0015757958162346,"4.0-4.1":0.00078789790811731,"4.2-4.3":0.00078789790811731,"5.0-5.1":0.0094547748974077,"6.0-6.1":0.0031515916324692,"7.0-7.1":0.015757958162346,"8":0.13315474647182,"8.1-8.4":0.033879610049044,"9.0-9.2":0.025212733059754,"9.3":0.16467066279652,"10.0-10.2":0.11582099249324,"10.3":0.24739994314883,"11.0-11.2":0.36479673145831,"11.3-11.4":1.0037819349414,"12.0-12.1":5.7516547292563},"android":{"2.1":0,"2.2":0.00088944015080113,"2.3":0.026683204524034,"3":0.00088944015080113,"4":0.1538731460886,"4.1":0.059592490103676,"4.2-4.3":0.22324947785108,"4.4":0,"4.4.3-4.4.4":0.47851880113101,"67":null},"ie":{"5.5":0,"6":0.006173,"7":0.006173,"8":0.06173,"9":0.012346,"10":0.006173,"11":1.506212},"edge":{"12":0.018519,"13":0.012346,"14":0.037038,"15":0.049384,"16":0.055557,"17":0.419764,"18":null},"op_mob":{"10":null,"11":null,"11.1":null,"11.5":null,"12":null,"12.1":null,"0":null},"samsung":{"4":1.0187138087774,"5":0.10095362068966,"6.2":0.17437443573668,"7.2":null},"ie_mob":{"10":0.011055777777778,"11":0.088446222222222},"bb":{"7":0.003827,"10":0.015308},"baidu":{"0":null},"and_ff":{"0":0.15308},"and_uc":{"0":0.451586},"and_qq":{"1.2":null},"op_mini":{"0":0.95289012199313},"and_chr":{"0":51.667043}},"total":94.941334987197}