{"id":"GW","name":"Guinea-Bissau","month":"2018-12","access_date":"2019-01-04","data":{"chrome":{"4":0,"5":0,"6":0,"7":0,"8":0,"9":0,"10":0,"11":0,"12":0,"13":0,"14":0,"15":0,"16":0,"17":0.002546,"18":0,"19":0,"20":0,"21":0,"22":0,"23":0,"24":0,"25":0.002546,"26":0.002546,"27":0,"28":0,"29":0,"30":0,"31":0,"32":0,"33":0.017822,"34":0,"35":0,"36":0,"37":0,"38":0.005092,"39":0.020368,"40":0.020368,"41":0,"42":0.002546,"43":0.14003,"44":0,"45":0,"46":0,"47":0,"48":0,"49":0.015276,"50":0,"51":0,"52":0,"53":0,"54":0,"55":0,"56":0.005092,"57":0,"58":0.002546,"59":0.005092,"60":0.002546,"61":0,"62":0,"63":0.020368,"64":0.005092,"65":0.010184,"66":0.01273,"67":0.028006,"68":0.017822,"69":0.015276,"70":1.970604,"71":1.316282,"72":0,"73":0,"74":0},"firefox":{"2":0,"3":0.002546,"3.5":0,"3.6":0,"4":0.01273,"5":0.002546,"6":0,"7":0.002546,"8":0,"9":0,"10":0,"11":0,"12":0,"13":0.043282,"14":0,"15":0,"16":0,"17":0,"18":0,"19":0,"20":0,"21":0,"22":0,"23":0,"24":0,"25":0,"26":0,"27":0,"28":0,"29":0,"30":0,"31":0,"32":0.071288,"33":0,"34":0.002546,"35":0.002546,"36":0.017822,"37":0.002546,"38":0,"39":0,"40":0,"41":0,"42":0,"43":0,"44":0,"45":0,"46":0,"47":0,"48":0,"49":0.002546,"50":0.002546,"51":0,"52":0,"53":0,"54":0,"55":0,"56":0,"57":0,"58":0,"59":0.007638,"60":0.002546,"61":0.033098,"62":0.002546,"63":0.315704,"64":0.320796,"65":0,"66":0},"opera":{"9":0,"9.5-9.6":0,"10.0-10.1":0,"10.5":0,"10.6":0,"11":0,"11.1":0,"11.5":0,"11.6":0,"12":0,"12.1":0.007638,"15":0,"16":0,"17":0,"18":0,"19":0.002546,"20":0.002546,"21":0,"22":0,"23":0,"24":0,"25":0,"26":0,"27":0.005092,"28":0,"29":0,"30":0,"31":0,"32":0,"33":0.045828,"34":0,"35":0,"36":0,"37":0,"38":0.005092,"39":0,"40":0,"41":0,"42":0,"43":0,"44":0,"45":0,"46":0,"47":0,"48":0,"49":0,"50":0,"51":0,"52":0,"53":0,"54":0,"55":0.002546,"56":0.262238,"57":0.028006},"safari":{"3.1":0,"3.2":0,"4":0,"5":0,"5.1":0,"6":0,"6.1":0,"7":0,"7.1":0,"8":0,"9":0,"9.1":0,"10":0,"10.1":0,"11":0,"11.1":0.058558,"12":0.020368,"0":null},"ios_saf":{"3.2":0.0007496134521069,"4.0-4.1":0.00037480672605345,"4.2-4.3":0.00037480672605345,"5.0-5.1":0.0044976807126414,"6.0-6.1":0.0014992269042138,"7.0-7.1":0.007496134521069,"8":0.063342336703033,"8.1-8.4":0.016116689220298,"9.0-9.2":0.01199381523371,"9.3":0.078334605745171,"10.0-10.2":0.055096588729857,"10.3":0.11768931198078,"11.0-11.2":0.17353551416275,"11.3-11.4":0.47750376899209,"12.0-12.1":2.7360891001902},"android":{"2.1":0,"2.2":0.0034324599434496,"2.3":0.10297379830349,"3":0.0034324599434496,"4":0.59381557021678,"4.1":0.22997481621112,"4.2-4.3":0.86154744580584,"4.4":0,"4.4.3-4.4.4":1.8466634495759,"67":null},"ie":{"5.5":0,"6":0,"7":0,"8":0.010184,"9":0.002546,"10":0.002546,"11":0.249508},"edge":{"12":0.03819,"13":0.005092,"14":0.002546,"15":0.005092,"16":0.043282,"17":0.086564,"18":null},"op_mob":{"10":null,"11":null,"11.1":null,"11.5":null,"12":null,"12.1":null,"0":null},"samsung":{"4":3.5692236666667,"5":0.15163368518519,"6.2":0.18662607407407,"7.2":null},"ie_mob":{"10":0.46863574074074,"11":0.25440225925926},"bb":{"7":0,"10":0},"baidu":{"0":null},"and_ff":{"0":0.529234},"and_uc":{"0":1.393898},"and_qq":{"1.2":null},"op_mini":{"0":17.014344147766},"and_chr":{"0":55.755532}},"total":92.084669573692}