{"id":"ID","name":"Indonesia","month":"2018-12","access_date":"2019-01-04","data":{"chrome":{"4":0,"5":0,"6":0,"7":0,"8":0,"9":0,"10":0,"11":0.004549,"12":0,"13":0,"14":0,"15":0,"16":0,"17":0,"18":0,"19":0,"20":0,"21":0,"22":0,"23":0,"24":0,"25":0,"26":0.004549,"27":0,"28":0.004549,"29":0.004549,"30":0.004549,"31":0.009098,"32":0.004549,"33":0.009098,"34":0.013647,"35":0,"36":0.004549,"37":0.004549,"38":0.004549,"39":0.004549,"40":0.009098,"41":0.009098,"42":0.004549,"43":0.022745,"44":0.004549,"45":0.009098,"46":0.013647,"47":0.009098,"48":0.013647,"49":0.204705,"50":0.009098,"51":0.022745,"52":0.013647,"53":0.013647,"54":0.013647,"55":0.022745,"56":0.059137,"57":0.109176,"58":0.877957,"59":0.013647,"60":0.027294,"61":0.122823,"62":0.036392,"63":0.068235,"64":0.040941,"65":0.059137,"66":0.050039,"67":0.154666,"68":0.109176,"69":0.177411,"70":4.967508,"71":4.589941,"72":0.018196,"73":0.009098,"74":0},"firefox":{"2":0,"3":0,"3.5":0,"3.6":0,"4":0,"5":0,"6":0,"7":0,"8":0,"9":0,"10":0,"11":0,"12":0,"13":0,"14":0,"15":0,"16":0,"17":0,"18":0,"19":0,"20":0,"21":0,"22":0,"23":0,"24":0,"25":0,"26":0,"27":0,"28":0,"29":0.004549,"30":0.004549,"31":0.004549,"32":0,"33":0.004549,"34":0.004549,"35":0.004549,"36":0.013647,"37":0.009098,"38":0.009098,"39":0.004549,"40":0.009098,"41":0.009098,"42":0.004549,"43":0.036392,"44":0.018196,"45":0.018196,"46":0.004549,"47":0.059137,"48":0.040941,"49":0.027294,"50":0.027294,"51":0.013647,"52":0.113725,"53":0.13647,"54":0.013647,"55":0.013647,"56":0.050039,"57":0.031843,"58":0.022745,"59":0.027294,"60":0.04549,"61":0.054588,"62":0.072784,"63":1.169093,"64":1.132701,"65":0.081882,"66":0},"opera":{"9":0,"9.5-9.6":0,"10.0-10.1":0,"10.5":0,"10.6":0,"11":0,"11.1":0,"11.5":0,"11.6":0,"12":0,"12.1":0.009098,"15":0,"16":0,"17":0,"18":0,"19":0,"20":0.004549,"21":0,"22":0,"23":0,"24":0,"25":0,"26":0,"27":0,"28":0,"29":0,"30":0,"31":0,"32":0,"33":0,"34":0.009098,"35":0,"36":0,"37":0.295685,"38":0.004549,"39":0,"40":0,"41":0,"42":0,"43":0,"44":0,"45":0.004549,"46":0,"47":0,"48":0.004549,"49":0.018196,"50":0,"51":0,"52":0,"53":0,"54":0,"55":0,"56":0.236548,"57":0.09098},"safari":{"3.1":0,"3.2":0,"4":0,"5":0,"5.1":0.059137,"6":0,"6.1":0,"7":0.004549,"7.1":0.004549,"8":0.004549,"9":0.004549,"9.1":0.018196,"10":0.013647,"10.1":0.040941,"11":0.036392,"11.1":0.072784,"12":0.222901,"0":null},"ios_saf":{"3.2":0.00087393233910519,"4.0-4.1":0.0004369661695526,"4.2-4.3":0.0004369661695526,"5.0-5.1":0.0052435940346312,"6.0-6.1":0.0017478646782104,"7.0-7.1":0.0087393233910519,"8":0.073847282654389,"8.1-8.4":0.018789545290762,"9.0-9.2":0.013982917425683,"9.3":0.091325929436493,"10.0-10.2":0.064234026924232,"10.3":0.13720737723952,"11.0-11.2":0.20231533650285,"11.3-11.4":0.55669490001001,"12.0-12.1":3.189853037734},"android":{"2.1":0,"2.2":0.0050115551366635,"2.3":0.15034665409991,"3":0.0050115551366635,"4":0.86699903864279,"4.1":0.33577419415646,"4.2-4.3":1.2579003393025,"4.4":0,"4.4.3-4.4.4":2.696216663525,"67":null},"ie":{"5.5":0,"6":0.004549,"7":0,"8":0.081882,"9":0.009098,"10":0.013647,"11":0.118274},"edge":{"12":0.004549,"13":0.009098,"14":0.027294,"15":0.013647,"16":0.022745,"17":0.168313,"18":null},"op_mob":{"10":null,"11":null,"11.1":null,"11.5":null,"12":null,"12.1":null,"0":null},"samsung":{"4":1.4603834666667,"5":0.075864076190476,"6.2":0.17069417142857,"7.2":null},"ie_mob":{"10":0.010123285714286,"11":0.060739714285714},"bb":{"7":0.0152628,"10":0.0610512},"baidu":{"0":null},"and_ff":{"0":0.147177},"and_uc":{"0":5.892531},"and_qq":{"1.2":null},"op_mini":{"0":3.7672778865979},"and_chr":{"0":52.117261}},"total":90.356340600884}