{"id":"IE","name":"Ireland","month":"2018-12","access_date":"2019-01-04","data":{"chrome":{"4":0.00522,"5":0,"6":0,"7":0,"8":0,"9":0,"10":0,"11":0,"12":0,"13":0,"14":0,"15":0,"16":0,"17":0,"18":0,"19":0,"20":0,"21":0,"22":0.00522,"23":0,"24":0,"25":0,"26":0,"27":0,"28":0,"29":0.00522,"30":0,"31":0,"32":0,"33":0,"34":0.00522,"35":0,"36":0,"37":0,"38":0.01566,"39":0.00522,"40":0.68382,"41":0.16704,"42":0,"43":0.00522,"44":0.00522,"45":0.01044,"46":0.00522,"47":0.02088,"48":0.20358,"49":0.25578,"50":0.00522,"51":0.01044,"52":0.00522,"53":0.01044,"54":0.01044,"55":0.0261,"56":0.01044,"57":0.0261,"58":0.07308,"59":0.08874,"60":0.01044,"61":0.01566,"62":0.02088,"63":0.08352,"64":0.03654,"65":0.06786,"66":0.06264,"67":0.1044,"68":0.17226,"69":0.27144,"70":7.29756,"71":5.38182,"72":0.01044,"73":0.00522,"74":0},"firefox":{"2":0.00522,"3":0.01044,"3.5":0,"3.6":0,"4":0,"5":0,"6":0,"7":0,"8":0,"9":0,"10":0.01044,"11":0,"12":0,"13":0,"14":0,"15":0,"16":0,"17":0,"18":0,"19":0,"20":0,"21":0,"22":0,"23":0,"24":0,"25":0,"26":0,"27":0,"28":0,"29":0,"30":0,"31":0,"32":0,"33":0,"34":0,"35":0,"36":0,"37":0,"38":0.02088,"39":0,"40":0,"41":0,"42":0,"43":0.02088,"44":0.07308,"45":0.03654,"46":0.0261,"47":0.00522,"48":0.02088,"49":0.00522,"50":0.00522,"51":0.00522,"52":0.0522,"53":0.01566,"54":0.0261,"55":0.00522,"56":0.01044,"57":0.01044,"58":0.00522,"59":0.01044,"60":0.04698,"61":0.02088,"62":0.05742,"63":1.19538,"64":0.92394,"65":0.01044,"66":0},"opera":{"9":0,"9.5-9.6":0,"10.0-10.1":0,"10.5":0,"10.6":0,"11":0,"11.1":0,"11.5":0,"11.6":0,"12":0,"12.1":0,"15":0,"16":0,"17":0,"18":0,"19":0,"20":0,"21":0,"22":0,"23":0,"24":0,"25":0,"26":0,"27":0,"28":0,"29":0,"30":0,"31":0,"32":0,"33":0,"34":0,"35":0,"36":0.00522,"37":0,"38":0,"39":0,"40":0.00522,"41":0,"42":0,"43":0,"44":0,"45":0,"46":0,"47":0,"48":0,"49":0.00522,"50":0,"51":0,"52":0,"53":0,"54":0,"55":0,"56":0.18792,"57":0.06264},"safari":{"3.1":0,"3.2":0,"4":0,"5":0.00522,"5.1":0.00522,"6":0,"6.1":0,"7":0,"7.1":0,"8":0.01566,"9":0.03654,"9.1":0.04698,"10":0.0261,"10.1":0.09396,"11":0.0522,"11.1":0.2088,"12":0.82998,"0":null},"ios_saf":{"3.2":0.0072101331198078,"4.0-4.1":0.0036050665599039,"4.2-4.3":0.0036050665599039,"5.0-5.1":0.043260798718847,"6.0-6.1":0.014420266239616,"7.0-7.1":0.072101331198078,"8":0.60925624862376,"8.1-8.4":0.15501786207587,"9.0-9.2":0.11536212991693,"9.3":0.75345891101992,"10.0-10.2":0.52994478430588,"10.3":1.1319908998098,"11.0-11.2":1.6691458172355,"11.3-11.4":4.5928547973176,"12.0-12.1":26.316985887299},"android":{"2.1":0,"2.2":0.00058974552309142,"2.3":0.017692365692743,"3":0.00058974552309142,"4":0.10202597549482,"4.1":0.039512950047125,"4.2-4.3":0.14802612629595,"4.4":0,"4.4.3-4.4.4":0.31728309142319,"67":null},"ie":{"5.5":0,"6":0,"7":0,"8":0.0373393125,"9":0.6134315625,"10":0.06401025,"11":0.992158875},"edge":{"12":0.01044,"13":0.01566,"14":0.03654,"15":0.04176,"16":0.07308,"17":1.75392,"18":null},"op_mob":{"10":null,"11":null,"11.1":null,"11.5":null,"12":null,"12.1":null,"0":null},"samsung":{"4":0.23724264705882,"5":0.085407352941176,"6.2":0.066427941176471,"7.2":null},"ie_mob":{"10":0,"11":0.05736},"bb":{"7":0.000956,"10":0.003824},"baidu":{"0":null},"and_ff":{"0":0.14818},"and_uc":{"0":0.05258},"and_qq":{"1.2":null},"op_mini":{"0":0.095033298969072},"and_chr":{"0":35.01746}},"total":95.475591240146}