{"id":"IQ","name":"Iraq","month":"2018-12","access_date":"2019-01-04","data":{"chrome":{"4":0,"5":0,"6":0,"7":0,"8":0,"9":0,"10":0,"11":0.002941,"12":0,"13":0.002941,"14":0,"15":0,"16":0,"17":0,"18":0,"19":0,"20":0,"21":0,"22":0.002941,"23":0,"24":0,"25":0.002941,"26":0.002941,"27":0.002941,"28":0.002941,"29":0.035292,"30":0.002941,"31":0.005882,"32":0.002941,"33":0.008823,"34":0.014705,"35":0,"36":0.002941,"37":0,"38":0.020587,"39":0.005882,"40":0.011764,"41":0.002941,"42":0.002941,"43":0.108817,"44":0.002941,"45":0.005882,"46":0.002941,"47":0.002941,"48":0.005882,"49":0.052938,"50":0,"51":0.005882,"52":0.005882,"53":0.005882,"54":0.002941,"55":0.014705,"56":0.026469,"57":0.038233,"58":0.379389,"59":0.002941,"60":0.023528,"61":0.038233,"62":0.011764,"63":0.038233,"64":0.020587,"65":0.079407,"66":0.011764,"67":0.02941,"68":0.035292,"69":0.052938,"70":1.844007,"71":2.423384,"72":0.008823,"73":0.005882,"74":0},"firefox":{"2":0,"3":0,"3.5":0,"3.6":0,"4":0,"5":0,"6":0,"7":0,"8":0,"9":0,"10":0,"11":0,"12":0,"13":0,"14":0,"15":0,"16":0,"17":0,"18":0,"19":0,"20":0,"21":0,"22":0,"23":0,"24":0,"25":0,"26":0,"27":0,"28":0,"29":0,"30":0,"31":0,"32":0,"33":0,"34":0,"35":0,"36":0,"37":0,"38":0,"39":0,"40":0,"41":0,"42":0,"43":0.002941,"44":0,"45":0.002941,"46":0,"47":0.005882,"48":0.002941,"49":0.002941,"50":0,"51":0,"52":0.017646,"53":0.073525,"54":0.002941,"55":0,"56":0.002941,"57":0.005882,"58":0.002941,"59":0.002941,"60":0.008823,"61":0.005882,"62":0.005882,"63":0.188224,"64":0.247044,"65":0.014705,"66":0},"opera":{"9":0,"9.5-9.6":0,"10.0-10.1":0,"10.5":0,"10.6":0,"11":0,"11.1":0,"11.5":0,"11.6":0,"12":0,"12.1":0,"15":0,"16":0,"17":0,"18":0.002941,"19":0,"20":0,"21":0,"22":0.002941,"23":0,"24":0,"25":0,"26":0,"27":0,"28":0,"29":0,"30":0,"31":0,"32":0,"33":0,"34":0,"35":0,"36":0,"37":0,"38":0,"39":0,"40":0,"41":0,"42":0,"43":0,"44":0,"45":0.002941,"46":0,"47":0,"48":0,"49":0.008823,"50":0,"51":0,"52":0.005882,"53":0,"54":0,"55":0,"56":0.126463,"57":0.082348},"safari":{"3.1":0,"3.2":0,"4":0,"5":0,"5.1":0,"6":0,"6.1":0,"7":0,"7.1":0,"8":0.002941,"9":0,"9.1":0.002941,"10":0.002941,"10.1":0.005882,"11":0.005882,"11.1":0.011764,"12":0.076466,"0":null},"ios_saf":{"3.2":0.0035097571814633,"4.0-4.1":0.0017548785907317,"4.2-4.3":0.0017548785907317,"5.0-5.1":0.02105854308878,"6.0-6.1":0.0070195143629266,"7.0-7.1":0.035097571814633,"8":0.29657448183365,"8.1-8.4":0.075459779401461,"9.0-9.2":0.056156114903413,"9.3":0.36676962546292,"10.0-10.2":0.25796715283755,"10.3":0.55103187748974,"11.0-11.2":0.81250878750876,"11.3-11.4":2.2357153245921,"12.0-12.1":12.810613712341},"android":{"2.1":0,"2.2":0.0029445004712535,"2.3":0.088335014137606,"3":0.0029445004712535,"4":0.50939858152686,"4.1":0.19728153157399,"4.2-4.3":0.73906961828464,"4.4":0,"4.4.3-4.4.4":1.5841412535344,"67":null},"ie":{"5.5":0,"6":0,"7":0,"8":0.027397736842105,"9":0.012176771929825,"10":0.0060883859649123,"11":0.12785610526316},"edge":{"12":0.002941,"13":0.008823,"14":0.011764,"15":0.008823,"16":0.014705,"17":0.097053,"18":null},"op_mob":{"10":null,"11":null,"11.1":null,"11.5":null,"12":null,"12.1":null,"0":null},"samsung":{"4":1.4228712045169,"5":0.14228712045169,"6.2":0.27508843287327,"7.2":null},"ie_mob":{"10":0,"11":0.035295},"bb":{"7":0.0042354,"10":0.0169416},"baidu":{"0":null},"and_ff":{"0":0.091767},"and_uc":{"0":0.515307},"and_qq":{"1.2":null},"op_mini":{"0":0.32078424742268},"and_chr":{"0":61.186188}},"total":91.349824005265}