{"id":"IS","name":"Iceland","month":"2018-12","access_date":"2019-01-04","data":{"chrome":{"4":0,"5":0,"6":0,"7":0,"8":0,"9":0,"10":0,"11":0,"12":0,"13":0,"14":0,"15":0,"16":0,"17":0,"18":0,"19":0,"20":0,"21":0,"22":0,"23":0,"24":0,"25":0,"26":0.007275,"27":0,"28":0,"29":0,"30":0,"31":0,"32":0,"33":0,"34":0.01455,"35":0,"36":0,"37":0,"38":0.07275,"39":0,"40":0,"41":0.007275,"42":0,"43":0,"44":0.007275,"45":0,"46":0.007275,"47":0,"48":0.007275,"49":0.3492,"50":0.007275,"51":0.007275,"52":0.007275,"53":0.007275,"54":0.007275,"55":0.01455,"56":0.036375,"57":0.050925,"58":0.48015,"59":0.007275,"60":0.036375,"61":0.007275,"62":0.036375,"63":0.036375,"64":0.065475,"65":0.065475,"66":0.094575,"67":0.36375,"68":0.109125,"69":0.2619,"70":16.594275,"71":13.204125,"72":0.021825,"73":0.007275,"74":0},"firefox":{"2":0,"3":0.007275,"3.5":0,"3.6":0,"4":0,"5":0,"6":0,"7":0,"8":0,"9":0,"10":0,"11":0,"12":0,"13":0,"14":0,"15":0,"16":0,"17":0,"18":0,"19":0,"20":0,"21":0,"22":0,"23":0,"24":0,"25":0,"26":0,"27":0,"28":0.007275,"29":0,"30":0,"31":0.007275,"32":0.007275,"33":0,"34":0,"35":0.007275,"36":0,"37":0,"38":0,"39":0,"40":0,"41":0,"42":0,"43":0,"44":0,"45":0,"46":0.007275,"47":0,"48":0.0291,"49":0,"50":0.007275,"51":0.007275,"52":0.10185,"53":0.0873,"54":0.021825,"55":0,"56":0.021825,"57":0.01455,"58":0,"59":0,"60":0.04365,"61":0.04365,"62":0.050925,"63":3.702975,"64":2.4444,"65":0.01455,"66":0},"opera":{"9":0,"9.5-9.6":0,"10.0-10.1":0,"10.5":0,"10.6":0,"11":0,"11.1":0,"11.5":0,"11.6":0.007275,"12":0,"12.1":0.007275,"15":0,"16":0,"17":0,"18":0,"19":0,"20":0,"21":0,"22":0,"23":0,"24":0,"25":0,"26":0,"27":0,"28":0,"29":0,"30":0,"31":0,"32":0.007275,"33":0,"34":0,"35":0,"36":0,"37":0,"38":0,"39":0,"40":0.007275,"41":0,"42":0,"43":0,"44":0,"45":0,"46":0,"47":0,"48":0,"49":0.007275,"50":0,"51":0,"52":0.007275,"53":0,"54":0,"55":0,"56":0.5529,"57":0.152775},"safari":{"3.1":0,"3.2":0,"4":0,"5":0.01455,"5.1":0,"6":0,"6.1":0.01455,"7":0,"7.1":0,"8":0.021825,"9":0.007275,"9.1":0.109125,"10":0.07275,"10.1":0.2619,"11":0.30555,"11.1":0.582,"12":3.164625,"0":null},"ios_saf":{"3.2":0.004738709838855,"4.0-4.1":0.0023693549194275,"4.2-4.3":0.0023693549194275,"5.0-5.1":0.02843225903313,"6.0-6.1":0.0094774196777099,"7.0-7.1":0.04738709838855,"8":0.40042098138325,"8.1-8.4":0.10188226153538,"9.0-9.2":0.07581935742168,"9.3":0.49519517816034,"10.0-10.2":0.34829517315584,"10.3":0.74397744470023,"11.0-11.2":1.0970113276949,"11.3-11.4":3.0185581673506,"12.0-12.1":17.296290911821},"android":{"2.1":0,"2.2":0.00020134307257304,"2.3":0.0060402921771913,"3":0.00020134307257304,"4":0.034832351555137,"4.1":0.013489985862394,"4.2-4.3":0.050537111215834,"4.4":0,"4.4.3-4.4.4":0.1083225730443,"67":null},"ie":{"5.5":0,"6":0,"7":0,"8":0.007321935483871,"9":0.014643870967742,"10":0.007321935483871,"11":1.1056122580645},"edge":{"12":0,"13":0.007275,"14":0.080025,"15":0.036375,"16":0.0873,"17":1.90605,"18":null},"op_mob":{"10":null,"11":null,"11.1":null,"11.5":null,"12":null,"12.1":null,"0":null},"samsung":{"4":0.11553807420495,"5":0.044437720848057,"6.2":0.053325265017668,"7.2":null},"ie_mob":{"10":0,"11":0.008175},"bb":{"7":0.000545,"10":0.00218},"baidu":{"0":null},"and_ff":{"0":0.133525},"and_uc":{"0":0.046325},"and_qq":{"1.2":null},"op_mini":{"0":0.038697809278351},"and_chr":{"0":23.355475}},"total":94.876998869349}