{"id":"IT","name":"Italy","month":"2018-12","access_date":"2019-01-04","data":{"chrome":{"4":0,"5":0,"6":0,"7":0,"8":0,"9":0,"10":0,"11":0.006222,"12":0,"13":0,"14":0,"15":0,"16":0,"17":0,"18":0,"19":0,"20":0,"21":0,"22":0.018666,"23":0,"24":0,"25":0,"26":0.006222,"27":0,"28":0,"29":0.105774,"30":0,"31":0.006222,"32":0,"33":0,"34":0.018666,"35":0,"36":0,"37":0.006222,"38":0.055998,"39":0.006222,"40":0.018666,"41":0.037332,"42":0.006222,"43":0.006222,"44":0.006222,"45":0.012444,"46":0.012444,"47":0.012444,"48":0.012444,"49":0.671976,"50":0.055998,"51":0.018666,"52":0.012444,"53":0.024888,"54":0.130662,"55":0.136884,"56":0.024888,"57":0.024888,"58":0.12444,"59":0.043554,"60":0.018666,"61":0.174216,"62":0.055998,"63":0.12444,"64":0.06222,"65":0.087108,"66":0.080886,"67":0.15555,"68":0.12444,"69":0.199104,"70":10.085862,"71":9.17745,"72":0.024888,"73":0.012444,"74":0},"firefox":{"2":0,"3":0,"3.5":0,"3.6":0.006222,"4":0,"5":0,"6":0,"7":0,"8":0,"9":0,"10":0,"11":0,"12":0,"13":0,"14":0.006222,"15":0,"16":0.006222,"17":0,"18":0,"19":0,"20":0,"21":0,"22":0,"23":0,"24":0,"25":0,"26":0,"27":0,"28":0,"29":0,"30":0,"31":0.006222,"32":0,"33":0,"34":0.006222,"35":0,"36":0.006222,"37":0.012444,"38":0.006222,"39":0.006222,"40":0.006222,"41":0.006222,"42":0.006222,"43":0.006222,"44":0.006222,"45":0.018666,"46":0.006222,"47":0.018666,"48":0.360876,"49":0.012444,"50":0.012444,"51":0.018666,"52":0.230214,"53":0.074664,"54":0.024888,"55":0.018666,"56":0.049776,"57":0.024888,"58":0.018666,"59":0.037332,"60":0.12444,"61":0.049776,"62":0.043554,"63":1.860378,"64":1.655052,"65":0.012444,"66":0},"opera":{"9":0,"9.5-9.6":0,"10.0-10.1":0,"10.5":0,"10.6":0,"11":0,"11.1":0,"11.5":0,"11.6":0,"12":0,"12.1":0.006222,"15":0,"16":0,"17":0,"18":0,"19":0,"20":0,"21":0,"22":0,"23":0,"24":0,"25":0,"26":0,"27":0,"28":0,"29":0,"30":0,"31":0.006222,"32":0.006222,"33":0,"34":0,"35":0,"36":0.018666,"37":0.006222,"38":0,"39":0,"40":0.006222,"41":0,"42":0,"43":0,"44":0,"45":0,"46":0,"47":0,"48":0,"49":0.018666,"50":0,"51":0.006222,"52":0,"53":0,"54":0,"55":0,"56":0.348432,"57":0.15555},"safari":{"3.1":0,"3.2":0,"4":0.006222,"5":0.018666,"5.1":0.024888,"6":0,"6.1":0.012444,"7":0.006222,"7.1":0,"8":0.018666,"9":0.018666,"9.1":0.09333,"10":0.043554,"10.1":0.199104,"11":0.12444,"11.1":0.447984,"12":2.121702,"0":null},"ios_saf":{"3.2":0.0034201973776399,"4.0-4.1":0.0017100986888199,"4.2-4.3":0.0017100986888199,"5.0-5.1":0.020521184265839,"6.0-6.1":0.0068403947552798,"7.0-7.1":0.034201973776399,"8":0.28900667841057,"8.1-8.4":0.073534243619257,"9.0-9.2":0.054723158042238,"9.3":0.35741062596337,"10.0-10.2":0.25138450725653,"10.3":0.53697098828946,"11.0-11.2":0.79177569292363,"11.3-11.4":2.1786657295566,"12.0-12.1":12.483720428386},"android":{"2.1":0,"2.2":0.00071568143261074,"2.3":0.021470442978322,"3":0.00071568143261074,"4":0.12381288784166,"4.1":0.04795065598492,"4.2-4.3":0.1796360395853,"4.4":0,"4.4.3-4.4.4":0.38503661074458,"67":null},"ie":{"5.5":0,"6":0,"7":0.0062857064846416,"8":0.087999890784983,"9":0.043999945392491,"10":0.20114260750853,"11":1.5022838498294},"edge":{"12":0.012444,"13":0.018666,"14":0.043554,"15":0.080886,"16":0.09333,"17":1.263066,"18":null},"op_mob":{"10":null,"11":null,"11.1":null,"11.5":null,"12":null,"12.1":null,"0":null},"samsung":{"4":0.52731613207547,"5":0.086288094339623,"6.2":0.11505079245283,"7.2":null},"ie_mob":{"10":0.01097419047619,"11":0.21948380952381},"bb":{"7":0.0015112,"10":0.0060448},"baidu":{"0":null},"and_ff":{"0":0.200234},"and_uc":{"0":0.279572},"and_qq":{"1.2":null},"op_mini":{"0":0.19672214776632},"and_chr":{"0":41.005698}},"total":94.335287166634}