{"id":"JE","name":"Jersey","month":"2018-12","access_date":"2019-01-04","data":{"chrome":{"4":0,"5":0,"6":0,"7":0,"8":0,"9":0,"10":0,"11":0,"12":0,"13":0,"14":0,"15":0,"16":0.005324,"17":0,"18":0,"19":0,"20":0,"21":0,"22":0,"23":0,"24":0,"25":0,"26":0,"27":0,"28":0,"29":0,"30":0,"31":0,"32":0,"33":0,"34":0.005324,"35":0,"36":0,"37":0,"38":0.021296,"39":0.138424,"40":0,"41":0.005324,"42":0,"43":0,"44":0.005324,"45":0.005324,"46":0,"47":0.005324,"48":0,"49":0.21296,"50":0,"51":0.005324,"52":0.010648,"53":0.047916,"54":0.005324,"55":0.010648,"56":0.021296,"57":0.021296,"58":0.340736,"59":0.005324,"60":0.015972,"61":0.042592,"62":0.021296,"63":0.05324,"64":0.005324,"65":0.07986,"66":0.015972,"67":0.228932,"68":0.063888,"69":0.127776,"70":6.127924,"71":5.00456,"72":0.015972,"73":0,"74":0},"firefox":{"2":0,"3":0,"3.5":0,"3.6":0,"4":0,"5":0,"6":0,"7":0,"8":0,"9":0,"10":0,"11":0,"12":0,"13":0,"14":0.010648,"15":0,"16":0,"17":0,"18":0,"19":0,"20":0,"21":0,"22":0,"23":0,"24":0,"25":0,"26":0,"27":0,"28":0,"29":0,"30":0,"31":0,"32":0,"33":0,"34":0.005324,"35":0,"36":0,"37":0,"38":0,"39":0,"40":0,"41":0,"42":0,"43":0,"44":0,"45":0,"46":0.005324,"47":0,"48":0.015972,"49":0,"50":0,"51":0,"52":0.021296,"53":0.063888,"54":0,"55":0,"56":0.021296,"57":0,"58":0,"59":0,"60":0.015972,"61":0.021296,"62":0.010648,"63":0.463188,"64":0.527076,"65":0.05324,"66":0},"opera":{"9":0,"9.5-9.6":0,"10.0-10.1":0,"10.5":0,"10.6":0,"11":0,"11.1":0,"11.5":0,"11.6":0,"12":0,"12.1":0,"15":0,"16":0,"17":0,"18":0,"19":0,"20":0,"21":0,"22":0,"23":0,"24":0,"25":0,"26":0,"27":0,"28":0,"29":0,"30":0,"31":0,"32":0,"33":0,"34":0,"35":0,"36":0,"37":0,"38":0,"39":0,"40":0,"41":0,"42":0,"43":0,"44":0,"45":0,"46":0,"47":0,"48":0,"49":0,"50":0,"51":0,"52":0,"53":0,"54":0.005324,"55":0,"56":0.069212,"57":0.058564},"safari":{"3.1":0,"3.2":0,"4":0,"5":0,"5.1":0.015972,"6":0,"6.1":0.005324,"7":0,"7.1":0,"8":0.021296,"9":0.021296,"9.1":0.090508,"10":0.031944,"10.1":0.29282,"11":0.101156,"11.1":0.676148,"12":2.204136,"0":null},"ios_saf":{"3.2":0.010820964468021,"4.0-4.1":0.0054104822340106,"4.2-4.3":0.0054104822340106,"5.0-5.1":0.064925786808127,"6.0-6.1":0.021641928936042,"7.0-7.1":0.10820964468021,"8":0.91437149754779,"8.1-8.4":0.23265073606246,"9.0-9.2":0.17313543148834,"9.3":1.1307907869082,"10.0-10.2":0.79534088839956,"10.3":1.6988914214793,"11.0-11.2":2.5050532743469,"11.3-11.4":6.8929543661295,"12.0-12.1":39.496520308277},"android":{"2.1":0,"2.2":0.0016453949104618,"2.3":0.049361847313855,"3":0.0016453949104618,"4":0.2846533195099,"4.1":0.11024145900094,"4.2-4.3":0.41299412252592,"4.4":0,"4.4.3-4.4.4":0.88522246182846,"67":null},"ie":{"5.5":0,"6":0,"7":0,"8":0.010648,"9":0,"10":0.010648,"11":2.592788},"edge":{"12":0.010648,"13":0.015972,"14":0.05324,"15":0.101156,"16":0.063888,"17":1.666412,"18":null},"op_mob":{"10":null,"11":null,"11.1":null,"11.5":null,"12":null,"12.1":null,"0":null},"samsung":{"4":0.45912818823529,"5":0.058862588235294,"6.2":0.047090070588235,"7.2":null},"ie_mob":{"10":0,"11":0.107548},"bb":{"7":0,"10":0},"baidu":{"0":null},"and_ff":{"0":0.1169},"and_uc":{"0":0.004676},"and_qq":{"1.2":null},"op_mini":{"0":0.013280804123711},"and_chr":{"0":16.9595}},"total":95.599589651183}