{"id":"JM","name":"Jamaica","month":"2018-12","access_date":"2019-01-04","data":{"chrome":{"4":0,"5":0,"6":0,"7":0,"8":0,"9":0,"10":0,"11":0.005929,"12":0,"13":0,"14":0,"15":0,"16":0,"17":0,"18":0,"19":0,"20":0,"21":0,"22":0.011858,"23":0,"24":0,"25":0,"26":0.005929,"27":0,"28":0,"29":0.041503,"30":0,"31":0.005929,"32":0,"33":0.005929,"34":0.029645,"35":0,"36":0.005929,"37":0.011858,"38":0.005929,"39":0.005929,"40":0.011858,"41":0.011858,"42":0.005929,"43":0.011858,"44":0.005929,"45":0.011858,"46":0.011858,"47":0.005929,"48":0.017787,"49":0.379456,"50":0.011858,"51":0.017787,"52":0.023716,"53":0.035574,"54":0.017787,"55":0.053361,"56":0.088935,"57":0.130438,"58":1.511895,"59":0.023716,"60":0.136367,"61":0.029645,"62":0.017787,"63":0.041503,"64":0.023716,"65":0.166012,"66":0.047432,"67":0.130438,"68":0.065219,"69":0.171941,"70":8.869784,"71":7.612836,"72":0.053361,"73":0.017787,"74":0},"firefox":{"2":0,"3":0,"3.5":0,"3.6":0,"4":0,"5":0.005929,"6":0,"7":0,"8":0,"9":0,"10":0,"11":0,"12":0,"13":0,"14":0,"15":0,"16":0,"17":0,"18":0,"19":0,"20":0,"21":0,"22":0,"23":0,"24":0,"25":0,"26":0,"27":0,"28":0,"29":0,"30":0,"31":0,"32":0,"33":0,"34":0,"35":0,"36":0,"37":0,"38":0,"39":0,"40":0.005929,"41":0,"42":0,"43":0.011858,"44":0,"45":0.011858,"46":0,"47":0.005929,"48":0.035574,"49":0.005929,"50":0.005929,"51":0.005929,"52":0.077077,"53":0.290521,"54":0.005929,"55":0.005929,"56":0.011858,"57":0.017787,"58":0.005929,"59":0.005929,"60":0.011858,"61":0.029645,"62":0.017787,"63":0.812273,"64":0.598829,"65":0.011858,"66":0},"opera":{"9":0,"9.5-9.6":0,"10.0-10.1":0,"10.5":0,"10.6":0,"11":0,"11.1":0,"11.5":0,"11.6":0,"12":0,"12.1":0.017787,"15":0,"16":0,"17":0.011858,"18":0,"19":0,"20":0.029645,"21":0,"22":0,"23":0,"24":0,"25":0,"26":0,"27":0,"28":0,"29":0.011858,"30":0,"31":0,"32":0,"33":0.005929,"34":0,"35":0,"36":0.005929,"37":0.005929,"38":0,"39":0,"40":0,"41":0,"42":0,"43":0,"44":0,"45":0.011858,"46":0,"47":0,"48":0,"49":0.023716,"50":0,"51":0,"52":0,"53":0,"54":0.005929,"55":0.005929,"56":0.361669,"57":0.160083},"safari":{"3.1":0,"3.2":0,"4":0.005929,"5":0,"5.1":0.005929,"6":0.005929,"6.1":0,"7":0,"7.1":0,"8":0.005929,"9":0.005929,"9.1":0.029645,"10":0.023716,"10.1":0.077077,"11":0.035574,"11.1":0.225302,"12":1.085007,"0":null},"ios_saf":{"3.2":0.0028340858772896,"4.0-4.1":0.0014170429386448,"4.2-4.3":0.0014170429386448,"5.0-5.1":0.017004515263737,"6.0-6.1":0.0056681717545791,"7.0-7.1":0.028340858772896,"8":0.23948025663097,"8.1-8.4":0.060932846361726,"9.0-9.2":0.045345374036633,"9.3":0.29616197417676,"10.0-10.2":0.20830531198078,"10.3":0.44495148273446,"11.0-11.2":0.65609088059253,"11.3-11.4":1.8053127038334,"12.0-12.1":10.344413452107},"android":{"2.1":0,"2.2":0.0022977879359095,"2.3":0.068933638077286,"3":0.0022977879359095,"4":0.39751731291235,"4.1":0.15395179170594,"4.2-4.3":0.57674477191329,"4.4":0,"4.4.3-4.4.4":1.2362099095193,"67":null},"ie":{"5.5":0,"6":0,"7":0,"8":0.029880277777778,"9":0.029880277777778,"10":0.035856333333333,"11":0.65736611111111},"edge":{"12":0.023716,"13":0.035574,"14":0.083006,"15":0.106722,"16":0.17787,"17":1.42296,"18":null},"op_mob":{"10":null,"11":null,"11.1":null,"11.5":null,"12":null,"12.1":null,"0":null},"samsung":{"4":0.54620293846154,"5":0.36413529230769,"6.2":0.095825076923077,"7.2":null},"ie_mob":{"10":0.01390925,"11":0.15300175},"bb":{"7":0.0170982,"10":0.0683928},"baidu":{"0":null},"and_ff":{"0":0.170982},"and_uc":{"0":0.700212},"and_qq":{"1.2":null},"op_mini":{"0":0.80551939690722},"and_chr":{"0":47.773106}},"total":93.9785847046}