{"id":"JO","name":"Jordan","month":"2018-12","access_date":"2019-01-04","data":{"chrome":{"4":0,"5":0,"6":0,"7":0,"8":0,"9":0,"10":0,"11":0,"12":0,"13":0,"14":0,"15":0,"16":0,"17":0,"18":0,"19":0,"20":0,"21":0,"22":0,"23":0,"24":3.419468,"25":0,"26":0,"27":0,"28":0,"29":0,"30":1.723578,"31":0.006922,"32":0,"33":0.006922,"34":0.013844,"35":3.433312,"36":0.006922,"37":0,"38":0.006922,"39":0,"40":0.006922,"41":0.006922,"42":0,"43":0.013844,"44":0.006922,"45":0.006922,"46":0.006922,"47":0.020766,"48":0.006922,"49":0.394554,"50":0.006922,"51":0.006922,"52":0.006922,"53":0.013844,"54":0.048454,"55":0.03461,"56":0.041532,"57":0.076142,"58":0.719888,"59":0.006922,"60":0.020766,"61":0.096908,"62":0.062298,"63":0.062298,"64":0.048454,"65":0.166128,"66":0.062298,"67":0.145362,"68":0.083064,"69":0.17305,"70":8.174882,"71":8.853238,"72":0.041532,"73":0.013844,"74":0},"firefox":{"2":1.688968,"3":0,"3.5":0,"3.6":0,"4":0,"5":0,"6":0,"7":0,"8":0,"9":0,"10":0,"11":0,"12":0,"13":0,"14":0,"15":1.709734,"16":0,"17":0,"18":0,"19":0,"20":0,"21":0,"22":0,"23":1.723578,"24":0,"25":0,"26":0,"27":0,"28":0,"29":0,"30":0,"31":0,"32":0,"33":0,"34":0,"35":0,"36":0,"37":0,"38":0,"39":0,"40":0.027688,"41":0,"42":0,"43":0,"44":0.006922,"45":0.006922,"46":0,"47":0.006922,"48":0.06922,"49":0,"50":0,"51":0,"52":0.03461,"53":0.13844,"54":0,"55":0,"56":0.006922,"57":0.013844,"58":0.013844,"59":0.006922,"60":0.020766,"61":0.013844,"62":0.020766,"63":0.602214,"64":0.643746,"65":0.013844,"66":0},"opera":{"9":0,"9.5-9.6":0,"10.0-10.1":1.709734,"10.5":0,"10.6":0,"11":0,"11.1":0,"11.5":0,"11.6":0,"12":0,"12.1":0,"15":0,"16":0,"17":0,"18":0,"19":0,"20":0,"21":0,"22":0,"23":0,"24":0,"25":0,"26":0,"27":0,"28":0,"29":0,"30":0,"31":0,"32":0,"33":0,"34":0,"35":0,"36":0,"37":0.006922,"38":0,"39":0,"40":0,"41":0,"42":0,"43":0,"44":0,"45":0.006922,"46":0,"47":0,"48":0,"49":0.013844,"50":0,"51":0,"52":0,"53":0,"54":0,"55":0,"56":0.297646,"57":0.179972},"safari":{"3.1":0,"3.2":0,"4":0,"5":0,"5.1":0,"6":0,"6.1":0,"7":0.006922,"7.1":0,"8":0.006922,"9":0.006922,"9.1":0.03461,"10":0.027688,"10.1":0.124596,"11":0.03461,"11.1":0.159206,"12":0.595292,"0":null},"ios_saf":{"3.2":0.001617771594435,"4.0-4.1":0.0008088857972175,"4.2-4.3":0.0008088857972175,"5.0-5.1":0.00970662956661,"6.0-6.1":0.00323554318887,"7.0-7.1":0.01617771594435,"8":0.13670169972976,"8.1-8.4":0.034782089280352,"9.0-9.2":0.02588434551096,"9.3":0.16905713161846,"10.0-10.2":0.11890621219097,"10.3":0.25399014032629,"11.0-11.2":0.3745141241117,"11.3-11.4":1.0305205056551,"12.0-12.1":5.9048663196877},"android":{"2.1":0,"2.2":0.00069970028275212,"2.3":0.020991008482564,"3":0.00069970028275212,"4":0.12104814891612,"4.1":0.046879918944392,"4.2-4.3":0.17562477097078,"4.4":0,"4.4.3-4.4.4":0.37643875212064,"67":null},"ie":{"5.5":0,"6":0.020766,"7":0,"8":0.055376,"9":1.716656,"10":0.03461,"11":0.366866},"edge":{"12":0.006922,"13":0.006922,"14":0.03461,"15":0.027688,"16":0.06922,"17":0.574526,"18":null},"op_mob":{"10":null,"11":null,"11.1":null,"11.5":null,"12":null,"12.1":null,"0":null},"samsung":{"4":0.45849888,"5":0.04912488,"6.2":0.0818748,"7.2":null},"ie_mob":{"10":0,"11":0.049248},"bb":{"7":0.0006156,"10":0.0024624},"baidu":{"0":null},"and_ff":{"0":0.058482},"and_uc":{"0":0.64638},"and_qq":{"1.2":null},"op_mini":{"0":0.29723325773196},"and_chr":{"0":43.251336}},"total":94.669767817732}