{"id":"KP","name":"Korea, Democratic People's Republic of","month":"2018-12","access_date":"2019-01-04","data":{"chrome":{"4":null,"5":null,"6":null,"7":null,"8":null,"9":null,"10":null,"11":null,"12":null,"13":null,"14":null,"15":null,"16":null,"17":null,"18":null,"19":null,"20":null,"21":null,"22":null,"23":null,"24":null,"25":null,"26":null,"27":null,"28":0.849242,"29":null,"30":null,"31":null,"32":null,"33":null,"34":null,"35":null,"36":null,"37":null,"38":null,"39":0.062649,"40":null,"41":null,"42":null,"43":null,"44":0.243635,"45":null,"46":null,"47":4.141795,"48":0.911891,"49":null,"50":null,"51":0.48727,"52":0.062649,"53":null,"54":null,"55":null,"56":0.062649,"57":0.549919,"58":1.642796,"59":0.361972,"60":2.742634,"61":0.062649,"62":null,"63":0.605607,"64":0.118337,"65":0.062649,"66":0.118337,"67":0.361972,"68":0.605607,"69":1.092877,"70":19.059218,"71":4.322781,"72":null,"73":null,"74":null},"firefox":{"2":null,"3":null,"3.5":null,"3.6":null,"4":null,"5":null,"6":null,"7":null,"8":null,"9":null,"10":null,"11":null,"12":null,"13":null,"14":null,"15":null,"16":null,"17":null,"18":null,"19":null,"20":null,"21":null,"22":null,"23":null,"24":null,"25":null,"26":null,"27":null,"28":null,"29":null,"30":null,"31":null,"32":null,"33":null,"34":null,"35":null,"36":null,"37":null,"38":null,"39":null,"40":null,"41":null,"42":null,"43":null,"44":null,"45":3.473539,"46":null,"47":null,"48":null,"49":null,"50":null,"51":0.062649,"52":2.067417,"53":null,"54":null,"55":null,"56":null,"57":null,"58":null,"59":1.705445,"60":0.062649,"61":1.037189,"62":0.849242,"63":5.178984,"64":2.311052,"65":null,"66":null},"opera":{"9":null,"9.5-9.6":null,"10.0-10.1":0,"10.5":null,"10.6":null,"11":null,"11.1":null,"11.5":null,"11.6":null,"12":null,"12.1":null,"15":null,"16":null,"17":null,"18":null,"19":null,"20":null,"21":null,"22":null,"23":null,"24":null,"25":null,"26":null,"27":null,"28":null,"29":null,"30":null,"31":null,"32":null,"33":null,"34":null,"35":null,"36":1.037189,"37":null,"38":null,"39":null,"40":null,"41":null,"42":null,"43":null,"44":null,"45":null,"46":null,"47":null,"48":null,"49":null,"50":null,"51":null,"52":null,"53":0.062649,"54":0.118337,"55":null,"56":1.94908,"57":null},"safari":{"3.1":null,"3.2":null,"4":0,"5":null,"5.1":0.062649,"6":null,"6.1":null,"7":null,"7.1":null,"8":null,"9":null,"9.1":0.118337,"10":null,"10.1":null,"11":null,"11.1":0.118337,"12":0.062649,"0":null},"ios_saf":{"3.2":0.00076895125613052,"4.0-4.1":0.00038447562806526,"4.2-4.3":0.00038447562806526,"5.0-5.1":0.0046137075367831,"6.0-6.1":0.001537902512261,"7.0-7.1":0.0076895125613052,"8":0.064976381143029,"8.1-8.4":0.016532452006806,"9.0-9.2":0.012303220098088,"9.3":0.080355406265639,"10.0-10.2":0.056517917325593,"10.3":0.12072534721249,"11.0-11.2":0.17801221579421,"11.3-11.4":0.48982195015514,"12.0-12.1":2.8066720848764},"android":{"2.1":0,"2.2":6.3014137606032e-5,"2.3":0.001890424128181,"3":6.3014137606032e-5,"4":0.010901445805844,"4.1":0.0042219472196041,"4.2-4.3":0.015816548539114,"4.4":0,"4.4.3-4.4.4":0.033901606032045,"67":null},"ie":{"5.5":null,"6":null,"7":null,"8":0.92927875211864,"9":0.063843578389831,"10":null,"11":2.3551186694915},"edge":{"12":0.243635,"13":null,"14":null,"15":0.605607,"16":null,"17":1.155526,"18":null},"op_mob":{"10":null,"11":null,"11.1":null,"11.5":null,"12":null,"12.1":null,"0":null},"samsung":{"4":null,"5":null,"6.2":null,"7.2":null},"ie_mob":{"10":0,"11":0.053532},"bb":{"7":0,"10":0},"baidu":{"0":null},"and_ff":{"0":null},"and_uc":{"0":0.066858},"and_qq":{"1.2":null},"op_mini":{"0":0.3769038814433},"and_chr":{"0":27.645796}},"total":96.210780881443}