{"id":"LA","name":"Lao People's Democratic Republic","month":"2018-12","access_date":"2019-01-04","data":{"chrome":{"4":0,"5":0,"6":0,"7":0,"8":0,"9":0,"10":0,"11":0.012012,"12":0,"13":0,"14":0,"15":0,"16":0,"17":0,"18":0.002002,"19":0,"20":0,"21":0,"22":0,"23":0,"24":0,"25":0,"26":0.002002,"27":0,"28":0.004004,"29":0.018018,"30":0.014014,"31":0.008008,"32":0.004004,"33":0.008008,"34":0.004004,"35":0,"36":0.018018,"37":0.028028,"38":0.014014,"39":0.004004,"40":0.018018,"41":0.004004,"42":0.002002,"43":0.056056,"44":0.006006,"45":0.006006,"46":0.008008,"47":0.014014,"48":0.006006,"49":0.026026,"50":0.008008,"51":0.012012,"52":0.006006,"53":0.006006,"54":0.008008,"55":0.012012,"56":0.012012,"57":0.026026,"58":0.136136,"59":0.008008,"60":0.01001,"61":0.004004,"62":0.004004,"63":0.016016,"64":0.006006,"65":0.014014,"66":0.004004,"67":0.018018,"68":0.018018,"69":0.024024,"70":0.66066,"71":0.754754,"72":0.004004,"73":0.002002,"74":0},"firefox":{"2":0,"3":0.002002,"3.5":0,"3.6":0.002002,"4":0,"5":0,"6":0,"7":0,"8":0,"9":0,"10":0.002002,"11":0,"12":0.002002,"13":0,"14":0.002002,"15":0,"16":0,"17":0,"18":0.002002,"19":0.002002,"20":0.002002,"21":0,"22":0,"23":0,"24":0.002002,"25":0,"26":0,"27":0,"28":0,"29":0.006006,"30":0.002002,"31":0.004004,"32":0,"33":0,"34":0.012012,"35":0.002002,"36":0.002002,"37":0,"38":0.002002,"39":0.002002,"40":0.004004,"41":0.002002,"42":0.002002,"43":0.004004,"44":0.004004,"45":0.004004,"46":0.002002,"47":0.008008,"48":0.008008,"49":0.004004,"50":0.004004,"51":0.01001,"52":0.012012,"53":0.034034,"54":0.008008,"55":0.01001,"56":0.008008,"57":0.006006,"58":0.004004,"59":0.002002,"60":0.004004,"61":0.002002,"62":0.01001,"63":0.1001,"64":0.102102,"65":0.016016,"66":0},"opera":{"9":0,"9.5-9.6":0,"10.0-10.1":0,"10.5":0,"10.6":0,"11":0.002002,"11.1":0,"11.5":0,"11.6":0.002002,"12":0.002002,"12.1":0.006006,"15":0.002002,"16":0,"17":0,"18":0.002002,"19":0.002002,"20":0,"21":0,"22":0,"23":0,"24":0,"25":0,"26":0,"27":0,"28":0.002002,"29":0,"30":0,"31":0,"32":0.002002,"33":0,"34":0.002002,"35":0,"36":0.002002,"37":0.088088,"38":0.006006,"39":0,"40":0,"41":0.002002,"42":0.002002,"43":0.002002,"44":0,"45":0.002002,"46":0.002002,"47":0,"48":0,"49":0.004004,"50":0,"51":0,"52":0,"53":0,"54":0,"55":0,"56":0.028028,"57":0.014014},"safari":{"3.1":0,"3.2":0,"4":0,"5":0.002002,"5.1":0.002002,"6":0.002002,"6.1":0,"7":0,"7.1":0,"8":0.002002,"9":0.004004,"9.1":0.006006,"10":0.004004,"10.1":0.008008,"11":0.01001,"11.1":0.008008,"12":0.05005,"0":null},"ios_saf":{"3.2":0.0031679983985587,"4.0-4.1":0.0015839991992794,"4.2-4.3":0.0015839991992794,"5.0-5.1":0.019007990391352,"6.0-6.1":0.0063359967971174,"7.0-7.1":0.031679983985587,"8":0.26769586467821,"8.1-8.4":0.068111965569012,"9.0-9.2":0.050687974376939,"9.3":0.33105583264938,"10.0-10.2":0.23284788229406,"10.3":0.49737574857372,"11.0-11.2":0.73339162926634,"11.3-11.4":2.0180149798819,"12.0-12.1":11.563194154739},"android":{"2.1":0,"2.2":0.0020414005655042,"2.3":0.061242016965127,"3":0.0020414005655042,"4":0.35316229783223,"4.1":0.13677383788878,"4.2-4.3":0.51239154194156,"4.4":0,"4.4.3-4.4.4":1.0982735042413,"67":null},"ie":{"5.5":0,"6":0,"7":0,"8":0.022885607843137,"9":0.022885607843137,"10":0.0083220392156863,"11":0.052012745098039},"edge":{"12":0.012012,"13":0.006006,"14":0.006006,"15":0.004004,"16":0.004004,"17":0.078078,"18":null},"op_mob":{"10":null,"11":null,"11.1":null,"11.5":null,"12":null,"12.1":null,"0":null},"samsung":{"4":10.076153749367,"5":0.29862405949367,"6.2":0.80917487088608,"7.2":null},"ie_mob":{"10":0.109306,"11":0.218612},"bb":{"7":0,"10":0},"baidu":{"0":null},"and_ff":{"0":0.095976},"and_uc":{"0":1.143714},"and_qq":{"1.2":null},"op_mini":{"0":0.91621075257732},"and_chr":{"0":57.40813}},"total":92.042535432324}