{"id":"LS","name":"Lesotho","month":"2018-12","access_date":"2019-01-04","data":{"chrome":{"4":0,"5":0,"6":0,"7":0,"8":0,"9":0,"10":0,"11":0.003069,"12":0,"13":0,"14":0,"15":0,"16":0.003069,"17":0,"18":0,"19":0,"20":0,"21":0,"22":0,"23":0,"24":0,"25":0,"26":0,"27":0,"28":0.003069,"29":0,"30":0,"31":0.003069,"32":0,"33":0,"34":0.006138,"35":0,"36":0.009207,"37":0,"38":0,"39":0.003069,"40":0.012276,"41":0.006138,"42":0,"43":0.003069,"44":0.003069,"45":0.003069,"46":0.055242,"47":0,"48":0.003069,"49":0.058311,"50":0.036828,"51":0.003069,"52":0.003069,"53":0.009207,"54":0.003069,"55":0.046035,"56":0.018414,"57":0.024552,"58":0.331452,"59":0.003069,"60":0.024552,"61":0.003069,"62":0.024552,"63":0.015345,"64":0.009207,"65":0.070587,"66":0.052173,"67":0.110484,"68":0.039897,"69":0.03069,"70":1.540638,"71":1.242945,"72":0.003069,"73":0.009207,"74":0},"firefox":{"2":0,"3":0.006138,"3.5":0,"3.6":0.003069,"4":0,"5":0.009207,"6":0,"7":0.003069,"8":0.006138,"9":0,"10":0,"11":0,"12":0,"13":0,"14":0.03069,"15":0,"16":0,"17":0,"18":0,"19":0.003069,"20":0,"21":0.003069,"22":0,"23":0,"24":0,"25":0,"26":0,"27":0,"28":0,"29":0,"30":0,"31":0,"32":0,"33":0,"34":0,"35":0,"36":0,"37":0,"38":0,"39":0,"40":0,"41":0,"42":0,"43":0.003069,"44":0,"45":0.003069,"46":0.003069,"47":0.006138,"48":0.003069,"49":0.003069,"50":0,"51":0,"52":0.009207,"53":0.064449,"54":0,"55":0.003069,"56":0.015345,"57":0.003069,"58":0,"59":0.006138,"60":0.095139,"61":0.006138,"62":0.009207,"63":0.684387,"64":0.224037,"65":0.024552,"66":0},"opera":{"9":0,"9.5-9.6":0,"10.0-10.1":0,"10.5":0,"10.6":0,"11":0.003069,"11.1":0,"11.5":0,"11.6":0,"12":0,"12.1":0.125829,"15":0.006138,"16":0,"17":0,"18":0,"19":0.003069,"20":0.006138,"21":0.009207,"22":0.009207,"23":0,"24":0.006138,"25":0,"26":0.024552,"27":0,"28":0.03069,"29":0.009207,"30":0.009207,"31":0.039897,"32":0.018414,"33":0.015345,"34":0,"35":0.024552,"36":0.003069,"37":0.003069,"38":0.003069,"39":0,"40":0,"41":0,"42":0,"43":0,"44":0.003069,"45":0.006138,"46":0,"47":0.003069,"48":0.003069,"49":0.006138,"50":0,"51":0,"52":0,"53":0,"54":0.006138,"55":0,"56":0.322245,"57":0.064449},"safari":{"3.1":0,"3.2":0,"4":0,"5":0,"5.1":0,"6":0,"6.1":0,"7":0,"7.1":0.003069,"8":0,"9":0,"9.1":0.012276,"10":0.027621,"10.1":0.033759,"11":0,"11.1":0.03069,"12":0.036828,"0":null},"ios_saf":{"3.2":0.0005971099989991,"4.0-4.1":0.00029855499949955,"4.2-4.3":0.00029855499949955,"5.0-5.1":0.0035826599939946,"6.0-6.1":0.0011942199979982,"7.0-7.1":0.005971099989991,"8":0.050455794915424,"8.1-8.4":0.012837864978481,"9.0-9.2":0.0095537599839856,"9.3":0.062397994895406,"10.0-10.2":0.043887584926434,"10.3":0.093746269842859,"11.0-11.2":0.13823096476829,"11.3-11.4":0.38035906936243,"12.0-12.1":2.1794514963467},"android":{"2.1":0,"2.2":0.0011432290292177,"2.3":0.034296870876532,"3":0.0011432290292177,"4":0.19777862205467,"4.1":0.076596344957587,"4.2-4.3":0.28695048633365,"4.4":0,"4.4.3-4.4.4":0.61505721771913,"67":null},"ie":{"5.5":0,"6":0,"7":0.0030947899159664,"8":0.018568739495798,"9":0.015473949579832,"10":0.018568739495798,"11":0.31257378151261},"edge":{"12":0.055242,"13":0.082863,"14":0.039897,"15":0.018414,"16":0.073656,"17":0.454212,"18":null},"op_mob":{"10":null,"11":null,"11.1":null,"11.5":null,"12":null,"12.1":null,"0":null},"samsung":{"4":2.1597766111111,"5":0.11153775925926,"6.2":0.34475307407407,"7.2":null},"ie_mob":{"10":0.13085334751773,"11":1.5464486524823},"bb":{"7":0.083172,"10":0.332688},"baidu":{"0":null},"and_ff":{"0":0.401998},"and_uc":{"0":4.110083},"and_qq":{"1.2":null},"op_mini":{"0":24.895556553265},"and_chr":{"0":39.871422}},"total":85.245886997709}