{"id":"ML","name":"Mali","month":"2018-12","access_date":"2019-01-04","data":{"chrome":{"4":0,"5":0,"6":0,"7":0,"8":0,"9":0,"10":0,"11":0.002414,"12":0,"13":0,"14":0,"15":0,"16":0,"17":0.002414,"18":0,"19":0,"20":0,"21":0,"22":0,"23":0,"24":0,"25":0.004828,"26":0,"27":0,"28":0,"29":0,"30":0,"31":0.004828,"32":0,"33":0.009656,"34":0.004828,"35":0,"36":0,"37":0.002414,"38":0,"39":0.002414,"40":0.002414,"41":0.002414,"42":0,"43":0.007242,"44":0.002414,"45":0.004828,"46":0.002414,"47":0,"48":0.004828,"49":0.065178,"50":0,"51":0.002414,"52":0.002414,"53":0.002414,"54":0.002414,"55":0.007242,"56":0.01207,"57":0.016898,"58":0.219674,"59":0,"60":0.004828,"61":0.007242,"62":0.002414,"63":0.057936,"64":0.002414,"65":0.01207,"66":0.002414,"67":0.031382,"68":0.01207,"69":0.045866,"70":0.757996,"71":0.847314,"72":0.002414,"73":0,"74":0},"firefox":{"2":0,"3":0.152082,"3.5":0,"3.6":0,"4":0,"5":0,"6":0,"7":0,"8":0,"9":0,"10":0,"11":0,"12":0,"13":0,"14":0,"15":0,"16":0,"17":0,"18":0,"19":0,"20":0,"21":0,"22":0,"23":0,"24":0,"25":0,"26":0,"27":0,"28":0,"29":0,"30":0,"31":0,"32":0.007242,"33":0,"34":0,"35":0,"36":0,"37":0,"38":0.019312,"39":0,"40":0.02414,"41":0.002414,"42":0.004828,"43":0.009656,"44":0,"45":0.002414,"46":0.002414,"47":0.01207,"48":0.009656,"49":0.014484,"50":0.004828,"51":0,"52":0.01207,"53":0.043452,"54":0.002414,"55":0,"56":0.002414,"57":0.02414,"58":0.002414,"59":0.004828,"60":0.01207,"61":0.009656,"62":0.019312,"63":0.53108,"64":0.499698,"65":0.01207,"66":0},"opera":{"9":0,"9.5-9.6":0,"10.0-10.1":0,"10.5":0,"10.6":0,"11":0,"11.1":0,"11.5":0,"11.6":0,"12":0.002414,"12.1":0.007242,"15":0,"16":0.002414,"17":0,"18":0,"19":0,"20":0.007242,"21":0,"22":0,"23":0.016898,"24":0,"25":0,"26":0,"27":0,"28":0,"29":0,"30":0.004828,"31":0,"32":0,"33":0,"34":0,"35":0.004828,"36":0,"37":0,"38":0,"39":0,"40":0,"41":0,"42":0,"43":0,"44":0,"45":0,"46":0,"47":0,"48":0,"49":0.004828,"50":0,"51":0,"52":0,"53":0,"54":0,"55":0,"56":0.125528,"57":0.062764},"safari":{"3.1":0,"3.2":0,"4":0,"5":0,"5.1":0,"6":0.021726,"6.1":0,"7":0,"7.1":0,"8":0.007242,"9":0,"9.1":0.004828,"10":0.009656,"10.1":0.07242,"11":0.01207,"11.1":0.03621,"12":0.079662,"0":null},"ios_saf":{"3.2":0.00091419757782004,"4.0-4.1":0.00045709878891002,"4.2-4.3":0.00045709878891002,"5.0-5.1":0.0054851854669202,"6.0-6.1":0.0018283951556401,"7.0-7.1":0.0091419757782004,"8":0.077249695325793,"8.1-8.4":0.019655247923131,"9.0-9.2":0.014627161245121,"9.3":0.095533646882194,"10.0-10.2":0.067193521969773,"10.3":0.14352901971775,"11.0-11.2":0.21163673926534,"11.3-11.4":0.58234385707136,"12.0-12.1":3.3368211590431},"android":{"2.1":0,"2.2":0.0016770084825636,"2.3":0.050310254476909,"3":0.0016770084825636,"4":0.29012246748351,"4.1":0.11235956833176,"4.2-4.3":0.42092912912347,"4.4":0,"4.4.3-4.4.4":0.90223056361923,"67":null},"ie":{"5.5":0,"6":0,"7":0,"8":0.019312,"9":0.014484,"10":0.04828,"11":0.234158},"edge":{"12":0.016898,"13":0.01207,"14":0.019312,"15":0.009656,"16":0.016898,"17":0.140012,"18":null},"op_mob":{"10":null,"11":null,"11.1":null,"11.5":null,"12":null,"12.1":null,"0":null},"samsung":{"4":0.85024708108108,"5":0.16614023423423,"6.2":0.09772954954955,"7.2":null},"ie_mob":{"10":0.053463238095238,"11":0.22721876190476},"bb":{"7":0.0045516,"10":0.0182064},"baidu":{"0":null},"and_ff":{"0":0.098618},"and_uc":{"0":13.836864},"and_qq":{"1.2":null},"op_mini":{"0":9.4370622061856},"and_chr":{"0":54.935288}},"total":90.70403507105}