{"id":"MQ","name":"Martinique","month":"2018-12","access_date":"2019-01-04","data":{"chrome":{"4":0,"5":0,"6":0,"7":0,"8":0,"9":0,"10":0,"11":0,"12":0,"13":0,"14":0,"15":0,"16":0,"17":0,"18":0,"19":0,"20":0,"21":0,"22":0,"23":0,"24":0,"25":0,"26":0,"27":0,"28":0,"29":0,"30":0,"31":0,"32":0,"33":0,"34":0.037254,"35":0,"36":0,"37":0,"38":0.074508,"39":0.024836,"40":0.006209,"41":0.006209,"42":0,"43":0,"44":0.006209,"45":0.006209,"46":0.006209,"47":0,"48":0.006209,"49":0.329077,"50":0,"51":0.006209,"52":0.006209,"53":0.024836,"54":0.018627,"55":0.049672,"56":0.031045,"57":0.043463,"58":0.589855,"59":0.006209,"60":0.012418,"61":0.031045,"62":0.006209,"63":0.12418,"64":0.018627,"65":0.068299,"66":0.043463,"67":0.074508,"68":0.068299,"69":0.111762,"70":9.232783,"71":9.121021,"72":0.012418,"73":0.006209,"74":0},"firefox":{"2":0,"3":0,"3.5":0,"3.6":0,"4":0,"5":0,"6":0,"7":0,"8":0,"9":0,"10":0,"11":0,"12":0,"13":0,"14":0,"15":0,"16":0,"17":0,"18":0,"19":0,"20":0,"21":0.018627,"22":0,"23":0,"24":0,"25":0,"26":0,"27":0,"28":0,"29":0,"30":0,"31":0,"32":0,"33":0.006209,"34":0,"35":0,"36":0,"37":0,"38":0,"39":0,"40":0,"41":0,"42":0,"43":0,"44":0.012418,"45":0.006209,"46":0,"47":0.012418,"48":0.180061,"49":0.006209,"50":0.080717,"51":0,"52":0.06209,"53":0.111762,"54":0.006209,"55":0,"56":0.012418,"57":0.012418,"58":0,"59":0.037254,"60":0.099344,"61":0.018627,"62":0.018627,"63":1.61434,"64":1.670221,"65":0.012418,"66":0.006209},"opera":{"9":0,"9.5-9.6":0,"10.0-10.1":0,"10.5":0,"10.6":0,"11":0,"11.1":0,"11.5":0,"11.6":0,"12":0,"12.1":0,"15":0,"16":0,"17":0,"18":0,"19":0,"20":0,"21":0,"22":0,"23":0,"24":0,"25":0,"26":0,"27":0,"28":0,"29":0,"30":0,"31":0.031045,"32":0,"33":0,"34":0,"35":0,"36":0.012418,"37":0,"38":0,"39":0,"40":0.06209,"41":0.006209,"42":0,"43":0,"44":0,"45":0,"46":0,"47":0,"48":0,"49":0.068299,"50":0,"51":0,"52":0,"53":0,"54":0,"55":0,"56":0.273196,"57":0.136598},"safari":{"3.1":0,"3.2":0,"4":0,"5":0.006209,"5.1":0.006209,"6":0,"6.1":0.18627,"7":0.031045,"7.1":0,"8":0,"9":0.06209,"9.1":0.117971,"10":0.012418,"10.1":0.161434,"11":0.142807,"11.1":0.43463,"12":2.477391,"0":null},"ios_saf":{"3.2":0.0030611274146732,"4.0-4.1":0.0015305637073366,"4.2-4.3":0.0015305637073366,"5.0-5.1":0.018366764488039,"6.0-6.1":0.0061222548293464,"7.0-7.1":0.030611274146732,"8":0.25866526653989,"8.1-8.4":0.065814239415474,"9.0-9.2":0.048978038634771,"9.3":0.31988781483335,"10.0-10.2":0.22499286497848,"10.3":0.48059700410369,"11.0-11.2":0.70865099649685,"11.3-11.4":1.9499381631468,"12.0-12.1":11.173115063557},"android":{"2.1":0,"2.2":0.00068383883129123,"2.3":0.020515164938737,"3":0.00068383883129123,"4":0.11830411781338,"4.1":0.045817201696513,"4.2-4.3":0.1716435466541,"4.4":0,"4.4.3-4.4.4":0.36790529123468,"67":null},"ie":{"5.5":0,"6":0,"7":0,"8":0.006209,"9":0.024836,"10":0.006209,"11":1.167292},"edge":{"12":0.006209,"13":0.012418,"14":0.043463,"15":0.136598,"16":0.211106,"17":2.477391,"18":null},"op_mob":{"10":null,"11":null,"11.1":null,"11.5":null,"12":null,"12.1":null,"0":null},"samsung":{"4":0.8658581724846,"5":0.088352874743326,"6.2":0.13252931211499,"7.2":null},"ie_mob":{"10":0,"11":0.022746},"bb":{"7":0.0007582,"10":0.0030328},"baidu":{"0":null},"and_ff":{"0":0.223669},"and_uc":{"0":0.072029},"and_qq":{"1.2":null},"op_mini":{"0":0.064603329896907},"and_chr":{"0":42.39342}},"total":92.41957368924}