{"id":"MU","name":"Mauritius","month":"2018-12","access_date":"2019-01-04","data":{"chrome":{"4":0,"5":0,"6":0,"7":0,"8":0,"9":0,"10":0,"11":0.006141,"12":0.006141,"13":0,"14":0,"15":0,"16":0,"17":0,"18":0,"19":0,"20":0,"21":0,"22":0.042987,"23":0,"24":0,"25":0,"26":0.006141,"27":0,"28":0,"29":0,"30":0,"31":0.012282,"32":0,"33":0.006141,"34":0.049128,"35":0,"36":0,"37":0.006141,"38":0.067551,"39":0.006141,"40":0.018423,"41":0.012282,"42":0,"43":0.018423,"44":0.012282,"45":0.012282,"46":0.018423,"47":0.006141,"48":0.012282,"49":0.540408,"50":0.012282,"51":0.018423,"52":0.036846,"53":0.153525,"54":0.018423,"55":0.036846,"56":0.079833,"57":0.079833,"58":1.258905,"59":0.036846,"60":0.030705,"61":0.012282,"62":0.042987,"63":0.104397,"64":0.042987,"65":0.233358,"66":0.085974,"67":0.159666,"68":0.116679,"69":0.135102,"70":10.415136,"71":10.273893,"72":0.036846,"73":0.030705,"74":0},"firefox":{"2":0,"3":0,"3.5":0,"3.6":0.006141,"4":0,"5":0,"6":0,"7":0,"8":0,"9":0,"10":0,"11":0,"12":0,"13":0,"14":0,"15":0,"16":0.006141,"17":0,"18":0,"19":0,"20":0,"21":0,"22":0,"23":0,"24":0,"25":0,"26":0,"27":0,"28":0,"29":0,"30":0,"31":0.006141,"32":0,"33":0,"34":0,"35":0,"36":0,"37":0,"38":0,"39":0,"40":0,"41":0,"42":0.006141,"43":0.006141,"44":0.006141,"45":0.030705,"46":0.006141,"47":0.012282,"48":0.067551,"49":0.006141,"50":0.006141,"51":0.006141,"52":0.104397,"53":0.227217,"54":0.012282,"55":0.006141,"56":0.042987,"57":0.012282,"58":0.006141,"59":0.006141,"60":0.141243,"61":0.024564,"62":0.055269,"63":1.400148,"64":1.326456,"65":0.055269,"66":0},"opera":{"9":0,"9.5-9.6":0,"10.0-10.1":0,"10.5":0,"10.6":0,"11":0,"11.1":0,"11.5":0,"11.6":0,"12":0,"12.1":0.012282,"15":0,"16":0,"17":0,"18":0,"19":0,"20":0.006141,"21":0,"22":0,"23":0,"24":0,"25":0,"26":0,"27":0,"28":0,"29":0,"30":0,"31":0,"32":0,"33":0,"34":0,"35":0,"36":0.012282,"37":0.006141,"38":0.006141,"39":0,"40":0,"41":0,"42":0,"43":0,"44":0,"45":0.012282,"46":0,"47":0,"48":0,"49":0.018423,"50":0,"51":0,"52":0,"53":0,"54":0,"55":0,"56":0.472857,"57":0.214935},"safari":{"3.1":0,"3.2":0,"4":0,"5":0.006141,"5.1":0.024564,"6":0,"6.1":0,"7":0,"7.1":0.006141,"8":0.006141,"9":0.006141,"9.1":0.159666,"10":0.042987,"10.1":0.110538,"11":0.079833,"11.1":0.460575,"12":1.2282,"0":null},"ios_saf":{"3.2":0.0016349224301872,"4.0-4.1":0.00081746121509358,"4.2-4.3":0.00081746121509358,"5.0-5.1":0.009809534581123,"6.0-6.1":0.0032698448603743,"7.0-7.1":0.016349224301872,"8":0.13815094535082,"8.1-8.4":0.035150832249024,"9.0-9.2":0.026158758882995,"9.3":0.17084939395456,"10.0-10.2":0.12016679861876,"10.3":0.25668282153939,"11.0-11.2":0.37848454258833,"11.3-11.4":1.0414455880292,"12.0-12.1":5.9674668701832},"android":{"2.1":0,"2.2":0.0012098539114043,"2.3":0.03629561734213,"3":0.0012098539114043,"4":0.20930472667295,"4.1":0.08106021206409,"4.2-4.3":0.30367333176249,"4.4":0,"4.4.3-4.4.4":0.65090140433553,"67":null},"ie":{"5.5":0,"6":0,"7":0,"8":0.030705,"9":0.030705,"10":0.018423,"11":0.755343},"edge":{"12":0.018423,"13":0.024564,"14":0.06141,"15":0.067551,"16":0.104397,"17":0.865881,"18":null},"op_mob":{"10":null,"11":null,"11.1":null,"11.5":null,"12":null,"12.1":null,"0":null},"samsung":{"4":0.71688346153846,"5":0.053766259615385,"6.2":0.20610399519231,"7.2":null},"ie_mob":{"10":0.014792833333333,"11":0.16272116666667},"bb":{"7":0.0007718,"10":0.0030872},"baidu":{"0":null},"and_ff":{"0":0.088757},"and_uc":{"0":1.04193},"and_qq":{"1.2":null},"op_mini":{"0":1.6586671580756},"and_chr":{"0":45.817484}},"total":91.990391874422}