{"id":"MX","name":"Mexico","month":"2018-12","access_date":"2019-01-04","data":{"chrome":{"4":0,"5":0,"6":0,"7":0,"8":0,"9":0,"10":0,"11":0.006389,"12":0,"13":0,"14":0,"15":0,"16":0,"17":0,"18":0,"19":0,"20":0,"21":0,"22":0.012778,"23":0,"24":0,"25":0,"26":0.006389,"27":0,"28":0,"29":0.012778,"30":0,"31":0.006389,"32":0,"33":0.006389,"34":0.044723,"35":0,"36":0.006389,"37":0.006389,"38":0.025556,"39":0,"40":0.006389,"41":0.019167,"42":0.006389,"43":0.006389,"44":0.012778,"45":0.019167,"46":0.019167,"47":0.006389,"48":0.019167,"49":0.543065,"50":0.006389,"51":0.025556,"52":0.025556,"53":0.025556,"54":0.025556,"55":0.057501,"56":0.115002,"57":0.134169,"58":1.9167,"59":0.019167,"60":0.038334,"61":0.089446,"62":0.044723,"63":0.083057,"64":0.051112,"65":0.083057,"66":0.06389,"67":0.198059,"68":0.12778,"69":0.178892,"70":11.62798,"71":9.922117,"72":0.012778,"73":0.006389,"74":0},"firefox":{"2":0,"3":0,"3.5":0,"3.6":0,"4":0.210837,"5":0,"6":0,"7":0,"8":0,"9":0,"10":0,"11":0,"12":0,"13":0,"14":0,"15":0,"16":0,"17":0,"18":0,"19":0,"20":0,"21":0,"22":0,"23":0,"24":0,"25":0,"26":0,"27":0,"28":0,"29":0,"30":0,"31":0,"32":0,"33":0,"34":0,"35":0,"36":0,"37":0,"38":0,"39":0,"40":0,"41":0,"42":0,"43":0.006389,"44":0,"45":0.012778,"46":0,"47":0.019167,"48":0.044723,"49":0.006389,"50":0.006389,"51":0.006389,"52":0.089446,"53":0.370562,"54":0.006389,"55":0.006389,"56":0.012778,"57":0.012778,"58":0.006389,"59":0.012778,"60":0.031945,"61":0.019167,"62":0.025556,"63":0.900849,"64":0.760291,"65":0.012778,"66":0},"opera":{"9":0,"9.5-9.6":0,"10.0-10.1":0,"10.5":0,"10.6":0,"11":0,"11.1":0,"11.5":0,"11.6":0,"12":0,"12.1":0.006389,"15":0,"16":0,"17":0,"18":0,"19":0,"20":0,"21":0,"22":0,"23":0,"24":0,"25":0,"26":0,"27":0,"28":0,"29":0,"30":0,"31":0,"32":0,"33":0,"34":0,"35":0,"36":0.006389,"37":0,"38":0,"39":0,"40":0,"41":0,"42":0,"43":0,"44":0,"45":0.012778,"46":0,"47":0,"48":0,"49":0.019167,"50":0,"51":0,"52":0,"53":0,"54":0,"55":0,"56":0.376951,"57":0.146947},"safari":{"3.1":0,"3.2":0,"4":0,"5":0.006389,"5.1":0.006389,"6":0,"6.1":0.031945,"7":0,"7.1":0,"8":0.217226,"9":0.089446,"9.1":0.06389,"10":0.038334,"10.1":0.178892,"11":0.115002,"11.1":0.338617,"12":1.335301,"0":null},"ios_saf":{"3.2":0.0024307799019117,"4.0-4.1":0.0012153899509559,"4.2-4.3":0.0012153899509559,"5.0-5.1":0.01458467941147,"6.0-6.1":0.0048615598038234,"7.0-7.1":0.024307799019117,"8":0.20540090171154,"8.1-8.4":0.052261767891102,"9.0-9.2":0.038892478430588,"9.3":0.25401649974977,"10.0-10.2":0.17866232279051,"10.3":0.38163244460014,"11.0-11.2":0.56272554729256,"11.3-11.4":1.5484067975178,"12.0-12.1":8.8723466419778},"android":{"2.1":0,"2.2":0.00081290763430726,"2.3":0.024387229029218,"3":0.00081290763430726,"4":0.14063302073516,"4.1":0.054464811498586,"4.2-4.3":0.20403981621112,"4.4":0,"4.4.3-4.4.4":0.4373443072573,"67":null},"ie":{"5.5":0,"6":0,"7":0,"8":0.0517509,"9":0.038813175,"10":0.038813175,"11":0.90564075},"edge":{"12":0.012778,"13":0.019167,"14":0.06389,"15":0.06389,"16":0.089446,"17":0.849737,"18":null},"op_mob":{"10":null,"11":null,"11.1":null,"11.5":null,"12":null,"12.1":null,"0":null},"samsung":{"4":0.33295749677419,"5":0.027746458064516,"6.2":0.055492916129032,"7.2":null},"ie_mob":{"10":0.011388538461538,"11":0.13666246153846},"bb":{"7":0.0021666,"10":0.0086664},"baidu":{"0":null},"and_ff":{"0":0.090275},"and_uc":{"0":0.122774},"and_qq":{"1.2":null},"op_mini":{"0":0.36579678178694},"and_chr":{"0":49.339556}},"total":96.875074652755}