{"id":"NE","name":"Niger","month":"2018-12","access_date":"2019-01-04","data":{"chrome":{"4":0,"5":0,"6":0,"7":0,"8":0,"9":0,"10":0,"11":0.001867,"12":0,"13":0,"14":0,"15":0,"16":0,"17":0,"18":0,"19":0,"20":0,"21":0,"22":0,"23":0,"24":0,"25":0.001867,"26":0,"27":0,"28":0,"29":0.001867,"30":0,"31":0,"32":0,"33":0,"34":0,"35":0,"36":0,"37":0.001867,"38":0,"39":0,"40":0.001867,"41":0,"42":0,"43":0.003734,"44":0,"45":0.013069,"46":0,"47":0,"48":0,"49":0.057877,"50":0.003734,"51":0,"52":0,"53":0,"54":0,"55":0.007468,"56":0.003734,"57":0.039207,"58":0.028005,"59":0,"60":0.001867,"61":0,"62":0.001867,"63":0.302454,"64":0.001867,"65":0.013069,"66":0.014936,"67":0.005601,"68":0.009335,"69":0.014936,"70":0.453681,"71":0.408873,"72":0.001867,"73":0,"74":0},"firefox":{"2":0,"3":0.009335,"3.5":0,"3.6":0.005601,"4":0,"5":0,"6":0,"7":0,"8":0,"9":0,"10":0,"11":0.001867,"12":0,"13":0,"14":0,"15":0,"16":0.001867,"17":0,"18":0,"19":0,"20":0,"21":0,"22":0,"23":0,"24":0,"25":0.003734,"26":0,"27":0,"28":0.001867,"29":0,"30":0.001867,"31":0.001867,"32":0.080281,"33":0.001867,"34":0.001867,"35":0.001867,"36":0,"37":0,"38":0,"39":0.001867,"40":0,"41":0.001867,"42":0,"43":0.013069,"44":0.003734,"45":0.003734,"46":0,"47":0.009335,"48":0.014936,"49":0.001867,"50":0.001867,"51":0,"52":0.022404,"53":0.005601,"54":0,"55":0,"56":0.011202,"57":0.003734,"58":0,"59":0.003734,"60":0.016803,"61":0.01867,"62":0.013069,"63":0.250178,"64":0.231508,"65":0.005601,"66":0},"opera":{"9":0,"9.5-9.6":0,"10.0-10.1":0,"10.5":0,"10.6":0,"11":0,"11.1":0,"11.5":0,"11.6":0,"12":0,"12.1":0.033606,"15":0.001867,"16":0.003734,"17":0.001867,"18":0,"19":0.001867,"20":0.01867,"21":0,"22":0.001867,"23":0.020537,"24":0.001867,"25":0,"26":0,"27":0,"28":0.005601,"29":0,"30":0.003734,"31":0,"32":0.003734,"33":0.001867,"34":0,"35":0.001867,"36":0.005601,"37":0.001867,"38":0,"39":0,"40":0,"41":0,"42":0.001867,"43":0,"44":0,"45":0.001867,"46":0,"47":0,"48":0,"49":0.003734,"50":0,"51":0,"52":0,"53":0,"54":0,"55":0.003734,"56":0.069079,"57":0.035473},"safari":{"3.1":0,"3.2":0,"4":0.001867,"5":0,"5.1":0,"6":0,"6.1":0,"7":0,"7.1":0,"8":0,"9":0.003734,"9.1":0.001867,"10":0,"10.1":0.001867,"11":0.001867,"11.1":0.013069,"12":0.022404,"0":null},"ios_saf":{"3.2":0.00044493243919528,"4.0-4.1":0.00022246621959764,"4.2-4.3":0.00022246621959764,"5.0-5.1":0.0026695946351717,"6.0-6.1":0.00088986487839055,"7.0-7.1":0.0044493243919528,"8":0.037596791112001,"8.1-8.4":0.0095660474426984,"9.0-9.2":0.0071189190271244,"9.3":0.046495439895906,"10.0-10.2":0.032702534280853,"10.3":0.069854392953658,"11.0-11.2":0.10300185967371,"11.3-11.4":0.28342196376739,"12.0-12.1":1.6240034030628},"android":{"2.1":0,"2.2":0.0037869745523091,"2.3":0.11360923656927,"3":0.0037869745523091,"4":0.65514659754948,"4.1":0.25372729500471,"4.2-4.3":0.95053061262959,"4.4":0,"4.4.3-4.4.4":2.0373923091423,"67":null},"ie":{"5.5":0,"6":0,"7":0,"8":0.04981156,"9":0.00433144,"10":0.01732576,"11":0.14510324},"edge":{"12":0.009335,"13":0.005601,"14":0.007468,"15":0.007468,"16":0.007468,"17":0.082148,"18":null},"op_mob":{"10":null,"11":null,"11.1":null,"11.5":null,"12":null,"12.1":null,"0":null},"samsung":{"4":0.41404363636364,"5":0.055205818181818,"6.2":0.046004848484848,"7.2":null},"ie_mob":{"10":0.019938967741935,"11":0.28911503225806},"bb":{"7":0.0227724,"10":0.0910896},"baidu":{"0":null},"and_ff":{"0":0.561177},"and_uc":{"0":6.059085},"and_qq":{"1.2":null},"op_mini":{"0":12.412075938144},"and_chr":{"0":65.597143}},"total":94.562116241175}