{"id":"NP","name":"Nepal","month":"2018-12","access_date":"2019-01-04","data":{"chrome":{"4":0,"5":0,"6":0,"7":0,"8":0,"9":0,"10":0,"11":0.003365,"12":0,"13":0,"14":0,"15":0,"16":0,"17":0,"18":0,"19":0.003365,"20":0,"21":0,"22":0.003365,"23":0,"24":0,"25":0,"26":0.003365,"27":0.003365,"28":0.003365,"29":0.010095,"30":0.00673,"31":0.010095,"32":0.02019,"33":0.010095,"34":0.003365,"35":0,"36":0.003365,"37":0.003365,"38":0.003365,"39":0,"40":0.00673,"41":0.003365,"42":0,"43":0.010095,"44":0,"45":0.003365,"46":0.003365,"47":0.003365,"48":0.003365,"49":0.070665,"50":0,"51":0.00673,"52":0.00673,"53":0.003365,"54":0.003365,"55":0.010095,"56":0.01346,"57":0.01346,"58":0.191805,"59":0.003365,"60":0.023555,"61":0.030285,"62":0.010095,"63":0.01346,"64":0.01346,"65":0.050475,"66":0.016825,"67":0.04711,"68":0.03365,"69":0.063935,"70":3.206845,"71":3.7688,"72":0.04038,"73":0.02019,"74":0},"firefox":{"2":0,"3":0.003365,"3.5":0,"3.6":0,"4":0,"5":0,"6":0,"7":0,"8":0,"9":0,"10":0,"11":0,"12":0,"13":0,"14":0,"15":0,"16":0,"17":0,"18":0,"19":0,"20":0,"21":0,"22":0,"23":0,"24":0,"25":0,"26":0,"27":0,"28":0,"29":0,"30":0,"31":0,"32":0.003365,"33":0,"34":0.003365,"35":0,"36":0,"37":0.003365,"38":0,"39":0.003365,"40":0.003365,"41":0,"42":0,"43":0.00673,"44":0.003365,"45":0.003365,"46":0,"47":0.016825,"48":0.010095,"49":0.003365,"50":0,"51":0.003365,"52":0.043745,"53":0.03365,"54":0.003365,"55":0.003365,"56":0.010095,"57":0.00673,"58":0.010095,"59":0.00673,"60":0.02692,"61":0.02019,"62":0.03365,"63":0.41053,"64":0.50475,"65":0.063935,"66":0},"opera":{"9":0,"9.5-9.6":0,"10.0-10.1":0,"10.5":0,"10.6":0,"11":0,"11.1":0,"11.5":0,"11.6":0,"12":0,"12.1":0.016825,"15":0,"16":0,"17":0,"18":0,"19":0,"20":0,"21":0,"22":0,"23":0,"24":0,"25":0,"26":0,"27":0,"28":0,"29":0,"30":0,"31":0,"32":0,"33":0,"34":0,"35":0,"36":0,"37":0.030285,"38":0.003365,"39":0,"40":0,"41":0,"42":0,"43":0,"44":0,"45":0.003365,"46":0,"47":0,"48":0.003365,"49":0.02692,"50":0,"51":0,"52":0,"53":0,"54":0.003365,"55":0,"56":0.178345,"57":0.104315},"safari":{"3.1":0,"3.2":0,"4":0,"5":0,"5.1":0,"6":0,"6.1":0,"7":0,"7.1":0,"8":0,"9":0,"9.1":0.003365,"10":0.003365,"10.1":0.010095,"11":0.00673,"11.1":0.016825,"12":0.08076,"0":null},"ios_saf":{"3.2":0.0010191152036833,"4.0-4.1":0.00050955760184166,"4.2-4.3":0.00050955760184166,"5.0-5.1":0.0061146912220999,"6.0-6.1":0.0020382304073666,"7.0-7.1":0.010191152036833,"8":0.08611523471124,"8.1-8.4":0.021910976879191,"9.0-9.2":0.016305843258933,"9.3":0.10649753878491,"10.0-10.2":0.074904967470724,"10.3":0.16000108697828,"11.0-11.2":0.23592516965269,"11.3-11.4":0.64917638474627,"12.0-12.1":3.7197704934441},"android":{"2.1":0,"2.2":0.0013722620169651,"2.3":0.041167860508954,"3":0.0013722620169651,"4":0.23740132893497,"4.1":0.091941555136664,"4.2-4.3":0.34443776625825,"4.4":0,"4.4.3-4.4.4":0.73827696512724,"67":null},"ie":{"5.5":0,"6":0,"7":0,"8":0.01346,"9":0.003365,"10":0.003365,"11":0.06057},"edge":{"12":0.01346,"13":0.00673,"14":0.01346,"15":0.010095,"16":0.01346,"17":0.164885,"18":null},"op_mob":{"10":null,"11":null,"11.1":null,"11.5":null,"12":null,"12.1":null,"0":null},"samsung":{"4":0.67959803278689,"5":0.028715409836066,"6.2":0.086146229508197,"7.2":null},"ie_mob":{"10":0.011058333333333,"11":0.055291666666667},"bb":{"7":0.002654,"10":0.010616},"baidu":{"0":null},"and_ff":{"0":0.072985},"and_uc":{"0":3.7156},"and_qq":{"1.2":null},"op_mini":{"0":4.5164627405498},"and_chr":{"0":69.46244}},"total":95.014327412681}