{"id":"PF","name":"French Polynesia","month":"2018-12","access_date":"2019-01-04","data":{"chrome":{"4":0,"5":0,"6":0,"7":0,"8":0,"9":0,"10":0,"11":0,"12":0,"13":0,"14":0,"15":0,"16":0,"17":0,"18":0,"19":0,"20":0,"21":0.00685,"22":0,"23":0,"24":0,"25":0,"26":0.00685,"27":0,"28":0,"29":0,"30":0,"31":0,"32":0,"33":0,"34":0.0274,"35":0,"36":0,"37":0,"38":0.04795,"39":0.00685,"40":0,"41":0.00685,"42":0,"43":0,"44":0.00685,"45":0.00685,"46":0,"47":0,"48":0.00685,"49":0.47265,"50":0,"51":0.00685,"52":0.00685,"53":0.0685,"54":0.00685,"55":0.0411,"56":0.04795,"57":0.03425,"58":0.5891,"59":0.00685,"60":0.04795,"61":0.0137,"62":0,"63":0.11645,"64":0.02055,"65":0.3973,"66":0.03425,"67":0.11645,"68":0.06165,"69":0.28085,"70":9.29545,"71":8.50085,"72":0.0137,"73":0.0411,"74":0},"firefox":{"2":0,"3":0,"3.5":0,"3.6":0,"4":0,"5":0,"6":0,"7":0,"8":0,"9":0.00685,"10":0,"11":0,"12":0.0548,"13":0,"14":0,"15":0,"16":0.0548,"17":0,"18":0,"19":0,"20":0,"21":0,"22":0,"23":0,"24":0,"25":0,"26":0,"27":0,"28":0.00685,"29":0,"30":0,"31":0.00685,"32":0.00685,"33":0,"34":0.07535,"35":0,"36":0,"37":0,"38":0.13015,"39":0.00685,"40":0.00685,"41":0.0137,"42":0.00685,"43":0.00685,"44":0.00685,"45":0.0137,"46":0,"47":0.02055,"48":0.1096,"49":0.06165,"50":0.02055,"51":0.00685,"52":0.0959,"53":0.10275,"54":0.00685,"55":0,"56":0.3425,"57":0.0274,"58":0.04795,"59":0.0274,"60":0.18495,"61":0.03425,"62":0.13015,"63":3.91135,"64":3.6579,"65":0.00685,"66":0},"opera":{"9":0,"9.5-9.6":0,"10.0-10.1":0,"10.5":0,"10.6":0,"11":0,"11.1":0,"11.5":0,"11.6":0,"12":0,"12.1":0,"15":0,"16":0,"17":0,"18":0,"19":0,"20":0,"21":0,"22":0,"23":0,"24":0,"25":0,"26":0,"27":0,"28":0,"29":0,"30":0,"31":0,"32":0,"33":0,"34":0,"35":0,"36":0,"37":0,"38":0,"39":0,"40":0,"41":0,"42":0,"43":0,"44":0,"45":0.00685,"46":0,"47":0,"48":0,"49":0.00685,"50":0,"51":0,"52":0,"53":0,"54":0,"55":0.00685,"56":0.4658,"57":0.17125},"safari":{"3.1":0,"3.2":0,"4":0.0137,"5":0.1096,"5.1":0.0137,"6":0,"6.1":0.00685,"7":0,"7.1":0,"8":0.15755,"9":0.06165,"9.1":0.13015,"10":0.0548,"10.1":0.36305,"11":0.43155,"11.1":0.62335,"12":1.9591,"0":null},"ios_saf":{"3.2":0.0039941447302572,"4.0-4.1":0.0019970723651286,"4.2-4.3":0.0019970723651286,"5.0-5.1":0.023964868381543,"6.0-6.1":0.0079882894605145,"7.0-7.1":0.039941447302572,"8":0.33750522970674,"8.1-8.4":0.08587411170053,"9.0-9.2":0.063906315684116,"9.3":0.41738812431188,"10.0-10.2":0.29356963767391,"10.3":0.62708072265039,"11.0-11.2":0.92464450505455,"11.3-11.4":2.5442701931739,"12.0-12.1":14.578628265439},"android":{"2.1":0,"2.2":0.00097822808671065,"2.3":0.02934684260132,"3":0.00097822808671065,"4":0.16923345900094,"4.1":0.065541281809614,"4.2-4.3":0.24553524976437,"4.4":0,"4.4.3-4.4.4":0.52628671065033,"67":null},"ie":{"5.5":0,"6":0,"7":0,"8":0.0137,"9":0.0137,"10":0.0274,"11":1.1097},"edge":{"12":0.02055,"13":0.04795,"14":0.03425,"15":0.0548,"16":0.0685,"17":1.10285,"18":null},"op_mob":{"10":null,"11":null,"11.1":null,"11.5":null,"12":null,"12.1":null,"0":null},"samsung":{"4":0.46426083815029,"5":0.30621459537572,"6.2":0.098778901734104,"7.2":null},"ie_mob":{"10":0,"11":0.17955},"bb":{"7":0,"10":0},"baidu":{"0":null},"and_ff":{"0":0.1197},"and_uc":{"0":0.47565},"and_qq":{"1.2":null},"op_mini":{"0":0.056662113402062},"and_chr":{"0":34.66645}},"total":93.978016448662}