{"id":"PR","name":"Puerto Rico","month":"2018-12","access_date":"2019-01-04","data":{"chrome":{"4":0,"5":0,"6":0,"7":0,"8":0,"9":0,"10":0,"11":0,"12":0,"13":0,"14":0,"15":0,"16":0,"17":0,"18":0,"19":0,"20":0,"21":0,"22":0,"23":0,"24":0,"25":0.0444,"26":0,"27":0,"28":0,"29":0,"30":0,"31":0,"32":0,"33":0.00888,"34":0.00888,"35":0,"36":0,"37":0,"38":0.00888,"39":0,"40":0.00444,"41":0.00444,"42":0,"43":0,"44":0.00444,"45":0.00444,"46":0.00444,"47":0.00444,"48":0.00444,"49":0.15984,"50":0,"51":0.00444,"52":0.00444,"53":0.05772,"54":0.00444,"55":0.01332,"56":0.02664,"57":0.03108,"58":0.38628,"59":0.00444,"60":0.01776,"61":0.00444,"62":0.01776,"63":0.04884,"64":0.03552,"65":0.03552,"66":0.02664,"67":0.09768,"68":0.03996,"69":0.11988,"70":4.7508,"71":4.17804,"72":0.01332,"73":0.00444,"74":0},"firefox":{"2":0,"3":0,"3.5":0,"3.6":0,"4":0.00444,"5":0,"6":0,"7":0,"8":0,"9":0,"10":0,"11":0,"12":0,"13":0,"14":0,"15":0,"16":0,"17":0,"18":0,"19":0,"20":0,"21":0,"22":0,"23":0,"24":0,"25":0,"26":0,"27":0,"28":0,"29":0,"30":0,"31":0,"32":0,"33":0,"34":0,"35":0,"36":0,"37":0,"38":0,"39":0,"40":0,"41":0,"42":0,"43":0.00888,"44":0,"45":0.00888,"46":0,"47":0.00444,"48":0.03552,"49":0.00444,"50":0.00444,"51":0.00444,"52":0.06216,"53":0.07548,"54":0.00444,"55":0.00444,"56":0.00888,"57":0.00888,"58":0.00444,"59":0.00888,"60":0.04884,"61":0.0222,"62":0.0222,"63":0.62604,"64":0.59496,"65":0.00444,"66":0},"opera":{"9":0,"9.5-9.6":0,"10.0-10.1":0,"10.5":0,"10.6":0,"11":0,"11.1":0,"11.5":0,"11.6":0,"12":0,"12.1":0,"15":0,"16":0,"17":0,"18":0,"19":0,"20":0,"21":0,"22":0,"23":0,"24":0,"25":0,"26":0,"27":0,"28":0,"29":0,"30":0,"31":0,"32":0,"33":0,"34":0,"35":0,"36":0.00444,"37":0,"38":0,"39":0,"40":0,"41":0,"42":0,"43":0,"44":0,"45":0,"46":0,"47":0,"48":0,"49":0.00888,"50":0,"51":0,"52":0,"53":0,"54":0,"55":0,"56":0.11544,"57":0.0666},"safari":{"3.1":0,"3.2":0,"4":0,"5":0,"5.1":0.00444,"6":0,"6.1":0.03108,"7":0.00444,"7.1":0,"8":0.01332,"9":0.00888,"9.1":0.06216,"10":0.03108,"10.1":0.14208,"11":0.07992,"11.1":0.29304,"12":1.43856,"0":null},"ios_saf":{"3.2":0.0051130577519768,"4.0-4.1":0.0025565288759884,"4.2-4.3":0.0025565288759884,"5.0-5.1":0.030678346511861,"6.0-6.1":0.010226115503954,"7.0-7.1":0.051130577519768,"8":0.43205338004204,"8.1-8.4":0.1099307416675,"9.0-9.2":0.081808924031628,"9.3":0.53431453508157,"10.0-10.2":0.37580974477029,"10.3":0.80275006706035,"11.0-11.2":1.1836728695826,"11.3-11.4":3.2570177880092,"12.0-12.1":18.662660794715},"android":{"2.1":0,"2.2":0.0006951178133836,"2.3":0.020853534401508,"3":0.0006951178133836,"4":0.12025538171536,"4.1":0.046572893496701,"4.2-4.3":0.17447457115928,"4.4":0,"4.4.3-4.4.4":0.37397338360038,"67":null},"ie":{"5.5":0,"6":0,"7":0,"8":0.01332,"9":0.0222,"10":0.01332,"11":0.90132},"edge":{"12":0.0222,"13":0.01332,"14":0.03552,"15":0.03108,"16":0.10212,"17":1.29648,"18":null},"op_mob":{"10":null,"11":null,"11.1":null,"11.5":null,"12":null,"12.1":null,"0":null},"samsung":{"4":0.2951610178117,"5":0.1142558778626,"6.2":0.15234117048346,"7.2":null},"ie_mob":{"10":0,"11":0.02224},"bb":{"7":0,"10":0},"baidu":{"0":null},"and_ff":{"0":0.21684},"and_uc":{"0":0.06672},"and_qq":{"1.2":null},"op_mini":{"0":0.068430034364261},"and_chr":{"0":50.76444}},"total":94.492588100522}