{"id":"RW","name":"Rwanda","month":"2018-12","access_date":"2019-01-04","data":{"chrome":{"4":0,"5":0,"6":0,"7":0,"8":0,"9":0,"10":0,"11":0.009226,"12":0,"13":0,"14":0,"15":0,"16":0,"17":0,"18":0,"19":0,"20":0,"21":0,"22":0.013839,"23":0,"24":0,"25":0.004613,"26":0.004613,"27":0,"28":0.027678,"29":0.004613,"30":0,"31":0,"32":0,"33":0.009226,"34":0.013839,"35":0,"36":0.004613,"37":0,"38":0.004613,"39":0.023065,"40":0.018452,"41":0.004613,"42":0,"43":0.059969,"44":0.004613,"45":0.004613,"46":0.009226,"47":0.004613,"48":0.009226,"49":0.106099,"50":0.004613,"51":0.009226,"52":0.013839,"53":0.009226,"54":0.004613,"55":0.023065,"56":0.073808,"57":0.055356,"58":0.618142,"59":0.009226,"60":0.050743,"61":0.004613,"62":0.036904,"63":0.04613,"64":0.027678,"65":0.179907,"66":0.032291,"67":0.078421,"68":0.059969,"69":0.115325,"70":5.226529,"71":4.691421,"72":0.036904,"73":0.009226,"74":0},"firefox":{"2":0,"3":0.009226,"3.5":0,"3.6":0.004613,"4":0.013839,"5":0.004613,"6":0.004613,"7":0.004613,"8":0.004613,"9":0.004613,"10":0,"11":0.004613,"12":0.004613,"13":0.004613,"14":0,"15":0,"16":0,"17":0,"18":0,"19":0,"20":0.009226,"21":0.004613,"22":0,"23":0,"24":0,"25":0.004613,"26":0,"27":0.004613,"28":0,"29":0,"30":0.004613,"31":0.018452,"32":0,"33":0,"34":0.004613,"35":0.004613,"36":0.004613,"37":0.009226,"38":0.004613,"39":0,"40":0.009226,"41":0.004613,"42":0.004613,"43":0.04613,"44":0.013839,"45":0.018452,"46":0,"47":0.069195,"48":0.032291,"49":0.013839,"50":0.009226,"51":0.004613,"52":0.027678,"53":0.115325,"54":0.009226,"55":0.004613,"56":0.032291,"57":0.023065,"58":0.013839,"59":0.013839,"60":0.050743,"61":0.04613,"62":0.059969,"63":1.310092,"64":1.171702,"65":0.09226,"66":0},"opera":{"9":0,"9.5-9.6":0,"10.0-10.1":0,"10.5":0,"10.6":0,"11":0.004613,"11.1":0,"11.5":0,"11.6":0.004613,"12":0.004613,"12.1":0.147616,"15":0.009226,"16":0.013839,"17":0,"18":0.004613,"19":0.032291,"20":0.129164,"21":0.004613,"22":0.009226,"23":0.083034,"24":0.004613,"25":0,"26":0.004613,"27":0,"28":0.009226,"29":0,"30":0.004613,"31":0,"32":0.013839,"33":0.013839,"34":0,"35":0.009226,"36":0,"37":0.073808,"38":0.004613,"39":0,"40":0,"41":0,"42":0.004613,"43":0.009226,"44":0,"45":0.013839,"46":0,"47":0.004613,"48":0.004613,"49":0.036904,"50":0,"51":0,"52":0,"53":0.004613,"54":0.004613,"55":0,"56":0.733467,"57":0.290619},"safari":{"3.1":0,"3.2":0,"4":0,"5":0,"5.1":0.027678,"6":0,"6.1":0,"7":0.004613,"7.1":0,"8":0.009226,"9":0.004613,"9.1":0.018452,"10":0.032291,"10.1":0.198359,"11":0.041517,"11.1":0.101486,"12":0.345975,"0":null},"ios_saf":{"3.2":0.00077230507456711,"4.0-4.1":0.00038615253728356,"4.2-4.3":0.00038615253728356,"5.0-5.1":0.0046338304474027,"6.0-6.1":0.0015446101491342,"7.0-7.1":0.0077230507456711,"8":0.065259778800921,"8.1-8.4":0.016604559103193,"9.0-9.2":0.012356881193074,"9.3":0.080705880292263,"10.0-10.2":0.056764422980683,"10.3":0.12125189670704,"11.0-11.2":0.17878862476229,"11.3-11.4":0.49195833249925,"12.0-12.1":2.81891352217},"android":{"2.1":0,"2.2":0.0019068991517436,"2.3":0.057206974552309,"3":0.0019068991517436,"4":0.32989355325165,"4.1":0.12776224316682,"4.2-4.3":0.47863168708765,"4.4":0,"4.4.3-4.4.4":1.0259117436381,"67":null},"ie":{"5.5":0,"6":0,"7":0,"8":0.055356,"9":0.013839,"10":0.050743,"11":0.304458},"edge":{"12":0.124551,"13":0.073808,"14":0.119938,"15":0.041517,"16":0.124551,"17":0.488978,"18":null},"op_mob":{"10":null,"11":null,"11.1":null,"11.5":null,"12":null,"12.1":null,"0":null},"samsung":{"4":0.35936960526316,"5":0.082931447368421,"6.2":0.064502236842105,"7.2":null},"ie_mob":{"10":0.029243714285714,"11":0.17546228571429},"bb":{"7":0.021548,"10":0.086192},"baidu":{"0":null},"and_ff":{"0":0.204706},"and_uc":{"0":3.512324},"and_qq":{"1.2":null},"op_mini":{"0":25.724720666667},"and_chr":{"0":27.319725}},"total":82.43065095614}