{"id":"SA","name":"Saudi Arabia","month":"2018-12","access_date":"2019-01-04","data":{"chrome":{"4":0,"5":0,"6":0,"7":0,"8":0,"9":0,"10":0,"11":0,"12":0,"13":0,"14":0,"15":0,"16":0,"17":0,"18":0,"19":0.018536,"20":0,"21":0,"22":0,"23":0,"24":0.055608,"25":0,"26":0,"27":0,"28":0,"29":0.060242,"30":0.018536,"31":0.004634,"32":0,"33":0.027804,"34":0.018536,"35":0.037072,"36":0,"37":0,"38":0.004634,"39":0.004634,"40":0.009268,"41":0.009268,"42":0.004634,"43":0.037072,"44":0.004634,"45":0.009268,"46":0.004634,"47":0.009268,"48":0.009268,"49":0.189994,"50":0,"51":0.009268,"52":0.02317,"53":0.009268,"54":0.037072,"55":0.050974,"56":0.134386,"57":0.060242,"58":0.74144,"59":0.004634,"60":0.013902,"61":0.018536,"62":0.037072,"63":0.060242,"64":0.041706,"65":0.06951,"66":0.041706,"67":0.06951,"68":0.074144,"69":0.134386,"70":6.102978,"71":5.945422,"72":0.027804,"73":0.013902,"74":0},"firefox":{"2":0.018536,"3":0,"3.5":0,"3.6":0,"4":0,"5":0,"6":0,"7":0,"8":0,"9":0,"10":0,"11":0,"12":0,"13":0,"14":0,"15":0.018536,"16":0,"17":0,"18":0.018536,"19":0,"20":0,"21":0.018536,"22":0,"23":0.018536,"24":0,"25":0.037072,"26":0,"27":0,"28":0,"29":0,"30":0.018536,"31":0,"32":0,"33":0,"34":0,"35":0,"36":0,"37":0,"38":0,"39":0,"40":0.004634,"41":0,"42":0,"43":0.004634,"44":0,"45":0.004634,"46":0,"47":0.013902,"48":0.027804,"49":0.004634,"50":0,"51":0.018536,"52":0.037072,"53":0.13902,"54":0.004634,"55":0,"56":0.013902,"57":0.009268,"58":0.004634,"59":0.004634,"60":0.02317,"61":0.009268,"62":0.018536,"63":0.472668,"64":0.495838,"65":0.009268,"66":0},"opera":{"9":0,"9.5-9.6":0,"10.0-10.1":0.018536,"10.5":0,"10.6":0,"11":0,"11.1":0,"11.5":0,"11.6":0,"12":0,"12.1":0,"15":0,"16":0,"17":0,"18":0,"19":0,"20":0,"21":0,"22":0,"23":0,"24":0,"25":0,"26":0,"27":0,"28":0,"29":0,"30":0,"31":0,"32":0,"33":0,"34":0,"35":0,"36":0,"37":0.004634,"38":0,"39":0,"40":0,"41":0,"42":0,"43":0.018536,"44":0,"45":0.004634,"46":0,"47":0,"48":0.004634,"49":0.013902,"50":0.004634,"51":0.009268,"52":0.004634,"53":0.009268,"54":0.004634,"55":0.009268,"56":0.04634,"57":0.013902},"safari":{"3.1":0,"3.2":0,"4":0,"5":0.018536,"5.1":0.004634,"6":0,"6.1":0,"7":0,"7.1":0,"8":0.004634,"9":0.004634,"9.1":0.02317,"10":0.02317,"10.1":0.074144,"11":0.055608,"11.1":0.152922,"12":0.67193,"0":null},"ios_saf":{"3.2":0.0051455405865279,"4.0-4.1":0.0025727702932639,"4.2-4.3":0.0025727702932639,"5.0-5.1":0.030873243519167,"6.0-6.1":0.010291081173056,"7.0-7.1":0.051455405865279,"8":0.43479817956161,"8.1-8.4":0.11062912261035,"9.0-9.2":0.082328649384446,"9.3":0.53770899129216,"10.0-10.2":0.3781972331098,"10.3":0.80784987208488,"11.0-11.2":1.1911926457812,"11.3-11.4":3.2777093536183,"12.0-12.1":18.781223140827},"android":{"2.1":0,"2.2":0.00095147596606975,"2.3":0.028544278982092,"3":0.00095147596606975,"4":0.16460534213007,"4.1":0.063748889726673,"4.2-4.3":0.23882046748351,"4.4":0,"4.4.3-4.4.4":0.51189406974552,"67":null},"ie":{"5.5":0,"6":0,"7":0,"8":0.069864642857143,"9":0.051234071428571,"10":0.069864642857143,"11":0.72193464285714},"edge":{"12":0.013902,"13":0.013902,"14":0.027804,"15":0.027804,"16":0.055608,"17":0.491204,"18":null},"op_mob":{"10":null,"11":null,"11.1":null,"11.5":null,"12":null,"12.1":null,"0":null},"samsung":{"4":0.67959664864865,"5":0.086146054054054,"6.2":0.15314854054054,"7.2":null},"ie_mob":{"10":0,"11":0.016098},"bb":{"7":0.0021464,"10":0.0085856},"baidu":{"0":null},"and_ff":{"0":0.08049},"and_uc":{"0":3.842056},"and_qq":{"1.2":null},"op_mini":{"0":0.091443278350515},"and_chr":{"0":43.626924}},"total":93.771822521594}