{"id":"SH","name":"Saint Helena","month":"2018-12","access_date":"2019-01-04","data":{"chrome":{"4":0,"5":0,"6":0,"7":0,"8":0,"9":0,"10":0,"11":0,"12":0,"13":0,"14":0,"15":0,"16":0,"17":0,"18":0,"19":0,"20":0,"21":0,"22":0,"23":0,"24":0,"25":0,"26":0,"27":0,"28":0,"29":0,"30":0,"31":0,"32":0,"33":0,"34":0,"35":0,"36":0,"37":0,"38":0,"39":0,"40":0,"41":0,"42":0,"43":0.293664,"44":0,"45":0,"46":0,"47":0,"48":0,"49":0.211071,"50":0,"51":0,"52":0,"53":0,"54":0.045885,"55":0,"56":0.045885,"57":0,"58":0,"59":0.165186,"60":0,"61":0,"62":0,"63":0,"64":2.707215,"65":0.082593,"66":0,"67":0,"68":0.211071,"69":1.697745,"70":39.791472,"71":16.555308,"72":0,"73":0,"74":0},"firefox":{"2":0,"3":0,"3.5":0.045885,"3.6":0,"4":0,"5":0,"6":0,"7":0,"8":0,"9":0,"10":0,"11":0,"12":0,"13":0,"14":0,"15":0,"16":0,"17":0,"18":0,"19":0,"20":0,"21":0,"22":0,"23":0,"24":0,"25":0,"26":0,"27":0,"28":0,"29":0,"30":0,"31":0,"32":0,"33":0,"34":0,"35":0,"36":0,"37":0,"38":0.082593,"39":0,"40":0,"41":0,"42":0,"43":0,"44":0,"45":0,"46":0,"47":0,"48":0,"49":0,"50":0,"51":0,"52":0.045885,"53":0,"54":0,"55":0,"56":0,"57":0,"58":0,"59":0,"60":0,"61":0,"62":0,"63":0.844284,"64":0.256956,"65":0,"66":0},"opera":{"9":0,"9.5-9.6":0,"10.0-10.1":0,"10.5":0,"10.6":0,"11":0,"11.1":0,"11.5":0,"11.6":0,"12":0,"12.1":0,"15":0,"16":0,"17":0,"18":0,"19":0,"20":0,"21":0,"22":0,"23":0,"24":0,"25":0,"26":0,"27":0,"28":0,"29":0,"30":0,"31":0,"32":0,"33":0,"34":0,"35":0,"36":0,"37":0,"38":0,"39":0,"40":0,"41":0,"42":0,"43":0,"44":0,"45":0,"46":0,"47":0,"48":0,"49":0,"50":0,"51":0,"52":0,"53":0,"54":0,"55":0,"56":0.045885,"57":0.045885},"safari":{"3.1":0,"3.2":0,"4":0,"5":0,"5.1":0,"6":0,"6.1":0,"7":0,"7.1":0,"8":0,"9":0,"9.1":0,"10":0,"10.1":1.10124,"11":0,"11.1":0.082593,"12":0,"0":null},"ios_saf":{"3.2":0.0012904245821239,"4.0-4.1":0.00064521229106196,"4.2-4.3":0.00064521229106196,"5.0-5.1":0.0077425474927435,"6.0-6.1":0.0025808491642478,"7.0-7.1":0.012904245821239,"8":0.10904087718947,"8.1-8.4":0.027744128515664,"9.0-9.2":0.020646793313983,"9.3":0.13484936883195,"10.0-10.2":0.094846206786108,"10.3":0.20259665939345,"11.0-11.2":0.29873329076169,"11.3-11.4":0.82200045881293,"12.0-12.1":4.7100497247523},"android":{"2.1":0,"2.2":0.00059680772855796,"2.3":0.017904231856739,"3":0.00059680772855796,"4":0.10324773704053,"4.1":0.039986117813384,"4.2-4.3":0.14979873986805,"4.4":0,"4.4.3-4.4.4":0.32108255796418,"67":null},"ie":{"5.5":0,"6":0,"7":0,"8":0.165186,"9":0.468027,"10":7.15806,"11":6.478962},"edge":{"12":0.165186,"13":2.20248,"14":0.128478,"15":0.045885,"16":0,"17":0.844284,"18":null},"op_mob":{"10":null,"11":null,"11.1":null,"11.5":null,"12":null,"12.1":null,"0":null},"samsung":{"4":0.56787,"5":0,"6.2":0,"7.2":null},"ie_mob":{"10":0,"11":0},"bb":{"7":0,"10":0},"baidu":{"0":null},"and_ff":{"0":0},"and_uc":{"0":0},"and_qq":{"1.2":null},"op_mini":{"0":0},"and_chr":{"0":9.682036}},"total":99.344284}