{"id":"SM","name":"San Marino","month":"2018-12","access_date":"2019-01-04","data":{"chrome":{"4":0,"5":0,"6":0,"7":0,"8":0,"9":0,"10":0,"11":0,"12":0,"13":0,"14":0,"15":0,"16":0,"17":0,"18":0,"19":0,"20":0,"21":0,"22":0,"23":0,"24":0,"25":0,"26":0,"27":0,"28":0,"29":0,"30":0,"31":0,"32":0,"33":0,"34":0.039705,"35":0,"36":0,"37":0,"38":0.023823,"39":0.023823,"40":0.007941,"41":0.039705,"42":0,"43":0,"44":0.039705,"45":0,"46":0,"47":0,"48":0,"49":2.175834,"50":0,"51":0,"52":0,"53":0.063528,"54":0.007941,"55":0.007941,"56":0.015882,"57":0.015882,"58":0.119115,"59":0.047646,"60":0.007941,"61":0,"62":0,"63":0.007941,"64":0.047646,"65":0.07941,"66":0.047646,"67":0.039705,"68":0.103233,"69":0.746454,"70":17.486082,"71":15.72318,"72":0.007941,"73":0,"74":0},"firefox":{"2":0,"3":0,"3.5":0,"3.6":0,"4":0,"5":0,"6":0,"7":0,"8":0,"9":0,"10":0,"11":0,"12":0,"13":0,"14":0,"15":0,"16":0,"17":0,"18":0,"19":0,"20":0,"21":0,"22":0,"23":0,"24":0,"25":0,"26":0,"27":0,"28":0,"29":0,"30":0,"31":0,"32":0,"33":0,"34":0.039705,"35":0,"36":0,"37":0,"38":0,"39":0,"40":0,"41":0,"42":0,"43":0,"44":0,"45":0,"46":0,"47":0,"48":0.007941,"49":0,"50":0,"51":0,"52":0.055587,"53":0.031764,"54":0,"55":0,"56":0.047646,"57":0.007941,"58":0.007941,"59":0,"60":0.039705,"61":0.031764,"62":0.023823,"63":2.525238,"64":1.492908,"65":0.039705,"66":0},"opera":{"9":0,"9.5-9.6":0,"10.0-10.1":0,"10.5":0,"10.6":0,"11":0,"11.1":0,"11.5":0,"11.6":0,"12":0,"12.1":0,"15":0,"16":0,"17":0,"18":0,"19":0,"20":0,"21":0,"22":0,"23":0,"24":0,"25":0,"26":0,"27":0,"28":0,"29":0,"30":0,"31":0,"32":0,"33":0,"34":0,"35":0,"36":0,"37":0,"38":0,"39":0,"40":0,"41":0,"42":0,"43":0,"44":0,"45":0,"46":0,"47":0,"48":0,"49":0,"50":0,"51":0,"52":0,"53":0,"54":0,"55":0,"56":0.103233,"57":0.023823},"safari":{"3.1":0,"3.2":0,"4":0,"5":0,"5.1":0.007941,"6":0,"6.1":0.023823,"7":0,"7.1":0,"8":0,"9":0,"9.1":0.301758,"10":0.007941,"10.1":0.254112,"11":0.206466,"11.1":3.486099,"12":3.168459,"0":null},"ios_saf":{"3.2":0.0027180968871985,"4.0-4.1":0.0013590484435992,"4.2-4.3":0.0013590484435992,"5.0-5.1":0.016308581323191,"6.0-6.1":0.005436193774397,"7.0-7.1":0.027180968871985,"8":0.22967918696827,"8.1-8.4":0.058439083074767,"9.0-9.2":0.043489550195176,"9.3":0.28404112471224,"10.0-10.2":0.19978012120909,"10.3":0.42674121129016,"11.0-11.2":0.62923942938645,"11.3-11.4":1.7314277171454,"12.0-12.1":9.9210536382744},"android":{"2.1":0,"2.2":0.00029162111215834,"2.3":0.0087486333647502,"3":0.00029162111215834,"4":0.050450452403393,"4.1":0.019538614514609,"4.2-4.3":0.073196899151744,"4.4":0,"4.4.3-4.4.4":0.15689215834119,"67":null},"ie":{"5.5":0,"6":0,"7":0,"8":0.293817,"9":0.071469,"10":0.103233,"11":1.762902},"edge":{"12":0,"13":0,"14":0.031764,"15":0.031764,"16":0.103233,"17":6.630735,"18":null},"op_mob":{"10":null,"11":null,"11.1":null,"11.5":null,"12":null,"12.1":null,"0":null},"samsung":{"4":0.26080666666667,"5":0.038638024691358,"6.2":0.0096595061728395,"7.2":null},"ie_mob":{"10":0,"11":0.059711},"bb":{"7":0,"10":0},"baidu":{"0":null},"and_ff":{"0":0.100891},"and_uc":{"0":0.004118},"and_qq":{"1.2":null},"op_mini":{"0":0},"and_chr":{"0":24.926156}},"total":97.177533197531}