{"id":"SN","name":"Senegal","month":"2018-12","access_date":"2019-01-04","data":{"chrome":{"4":0,"5":0,"6":0.004203,"7":0,"8":0,"9":0,"10":0,"11":0.012609,"12":0.004203,"13":0,"14":0,"15":0,"16":0.004203,"17":0.004203,"18":0,"19":0.004203,"20":0,"21":0,"22":0.004203,"23":0,"24":0,"25":0,"26":0.004203,"27":0,"28":0.004203,"29":0.004203,"30":0.008406,"31":0.012609,"32":0.004203,"33":0.033624,"34":0.008406,"35":0,"36":0,"37":0,"38":0.004203,"39":0,"40":0.008406,"41":0.004203,"42":0,"43":0.021015,"44":0.004203,"45":0.008406,"46":0.008406,"47":0.012609,"48":0.004203,"49":0.231165,"50":0.008406,"51":0.004203,"52":0.008406,"53":0.004203,"54":0.004203,"55":0.016812,"56":0.033624,"57":0.025218,"58":0.264789,"59":0.012609,"60":0.025218,"61":0.008406,"62":0.012609,"63":0.054639,"64":0.016812,"65":0.180729,"66":0.029421,"67":0.117684,"68":0.063045,"69":0.096669,"70":4.085316,"71":4.018068,"72":0.012609,"73":0.004203,"74":0},"firefox":{"2":0,"3":0.004203,"3.5":0,"3.6":0,"4":0,"5":0,"6":0,"7":0,"8":0,"9":0,"10":0,"11":0.004203,"12":0,"13":0,"14":0,"15":0,"16":0,"17":0,"18":0,"19":0,"20":0,"21":0,"22":0,"23":0,"24":0,"25":0,"26":0,"27":0,"28":0,"29":0,"30":0,"31":0,"32":0.008406,"33":0,"34":0,"35":0,"36":0.008406,"37":0,"38":0,"39":0,"40":0,"41":0,"42":0,"43":0.008406,"44":0.004203,"45":0.004203,"46":0,"47":0.016812,"48":0.04203,"49":0.004203,"50":0.004203,"51":0.016812,"52":0.071451,"53":0.046233,"54":0.004203,"55":0.021015,"56":0.021015,"57":0.025218,"58":0.012609,"59":0.021015,"60":0.037827,"61":0.050436,"62":0.033624,"63":1.00872,"64":0.958284,"65":0.025218,"66":0},"opera":{"9":0,"9.5-9.6":0,"10.0-10.1":0,"10.5":0,"10.6":0,"11":0,"11.1":0,"11.5":0,"11.6":0,"12":0,"12.1":0.004203,"15":0,"16":0,"17":0,"18":0,"19":0,"20":0,"21":0,"22":0.004203,"23":0.004203,"24":0,"25":0,"26":0,"27":0,"28":0,"29":0,"30":0,"31":0,"32":0,"33":0,"34":0,"35":0,"36":0.004203,"37":0,"38":0,"39":0,"40":0,"41":0,"42":0.004203,"43":0,"44":0,"45":0,"46":0,"47":0,"48":0.004203,"49":0.004203,"50":0,"51":0,"52":0,"53":0.004203,"54":0.004203,"55":0.004203,"56":0.374067,"57":0.130293},"safari":{"3.1":0,"3.2":0,"4":0,"5":0,"5.1":0.004203,"6":0.008406,"6.1":0.037827,"7":0.004203,"7.1":0,"8":0.012609,"9":0.004203,"9.1":0.037827,"10":0.046233,"10.1":0.067248,"11":0.04203,"11.1":0.117684,"12":0.33624,"0":null},"ios_saf":{"3.2":0.0022323767390652,"4.0-4.1":0.0011161883695326,"4.2-4.3":0.0011161883695326,"5.0-5.1":0.013394260434391,"6.0-6.1":0.0044647534781303,"7.0-7.1":0.022323767390652,"8":0.18863583445101,"8.1-8.4":0.047996099889901,"9.0-9.2":0.035718027825043,"9.3":0.23328336923231,"10.0-10.2":0.16407969032129,"10.3":0.35048314803323,"11.0-11.2":0.51679521509358,"11.3-11.4":1.4220239827845,"12.0-12.1":8.1481750975878},"android":{"2.1":0,"2.2":0.0021736343072573,"2.3":0.065209029217719,"3":0.0021736343072573,"4":0.37603873515551,"4.1":0.14563349858624,"4.2-4.3":0.54558221112158,"4.4":0,"4.4.3-4.4.4":1.1694152573044,"67":null},"ie":{"5.5":0,"6":0,"7":0,"8":0.021015,"9":0.008406,"10":0.029421,"11":0.470736},"edge":{"12":0.046233,"13":0.037827,"14":0.075654,"15":0.071451,"16":0.037827,"17":0.407691,"18":null},"op_mob":{"10":null,"11":null,"11.1":null,"11.5":null,"12":null,"12.1":null,"0":null},"samsung":{"4":1.2815841090426,"5":0.12526761968085,"6.2":0.24089926861702,"7.2":null},"ie_mob":{"10":0.044787780821918,"11":0.77258921917808},"bb":{"7":0.005797,"10":0.023188},"baidu":{"0":null},"and_ff":{"0":0.110143},"and_uc":{"0":0.365211},"and_qq":{"1.2":null},"op_mini":{"0":0.92202181443299},"and_chr":{"0":63.137718}},"total":94.953996811773}