{"id":"ST","name":"Sao Tome and Principe","month":"2018-12","access_date":"2019-01-04","data":{"chrome":{"4":0,"5":0,"6":0,"7":0,"8":0,"9":0,"10":0,"11":0,"12":0,"13":0,"14":0,"15":0,"16":0,"17":0.005574,"18":0,"19":0,"20":0,"21":0,"22":0,"23":0,"24":0,"25":0,"26":0.022296,"27":0,"28":0,"29":0,"30":0,"31":0,"32":0,"33":0.105906,"34":0.02787,"35":0,"36":0,"37":0.005574,"38":0,"39":0,"40":0.44592,"41":0.005574,"42":0,"43":1.14267,"44":0.011148,"45":0.011148,"46":0.323292,"47":0.011148,"48":0.011148,"49":0.161646,"50":0,"51":0.011148,"52":0.011148,"53":0.016722,"54":0.011148,"55":0.066888,"56":0.089184,"57":0.117054,"58":1.36563,"59":0.005574,"60":0.089184,"61":0.011148,"62":0.011148,"63":0.039018,"64":0,"65":0.663306,"66":0.016722,"67":0.061314,"68":0.078036,"69":0.11148,"70":9.1971,"71":6.934056,"72":0.011148,"73":0,"74":0},"firefox":{"2":0,"3":0,"3.5":0,"3.6":0.005574,"4":0,"5":0,"6":0,"7":0,"8":0,"9":0,"10":0,"11":0,"12":0,"13":0,"14":0,"15":0,"16":0,"17":0,"18":0,"19":0,"20":0,"21":0,"22":0,"23":0,"24":0,"25":0,"26":0,"27":0,"28":0,"29":0,"30":0,"31":0,"32":0,"33":0,"34":0,"35":0,"36":0,"37":0,"38":0,"39":0,"40":0,"41":0,"42":0,"43":0,"44":0,"45":0.005574,"46":0,"47":0,"48":0.005574,"49":0.016722,"50":0,"51":0,"52":0.050166,"53":0.25083,"54":0.02787,"55":0.005574,"56":0,"57":0,"58":0,"59":0,"60":0,"61":0,"62":0.005574,"63":0.41805,"64":0.574122,"65":0,"66":0},"opera":{"9":0,"9.5-9.6":0,"10.0-10.1":0,"10.5":0,"10.6":0,"11":0,"11.1":0,"11.5":0,"11.6":0,"12":0,"12.1":0.050166,"15":0,"16":0,"17":0,"18":0,"19":0,"20":0,"21":0,"22":0,"23":0,"24":0,"25":0,"26":0,"27":0,"28":0,"29":0,"30":0,"31":0,"32":0,"33":0,"34":0,"35":0,"36":0,"37":0,"38":0,"39":0,"40":0,"41":0,"42":0,"43":0,"44":0,"45":0.005574,"46":0,"47":0,"48":0.011148,"49":0.11148,"50":0.016722,"51":0,"52":0,"53":0,"54":0,"55":0.02787,"56":0.44592,"57":0.211812},"safari":{"3.1":0,"3.2":0,"4":0,"5":0,"5.1":0,"6":0,"6.1":0,"7":0,"7.1":0,"8":0,"9":0,"9.1":0.016722,"10":0,"10.1":0.161646,"11":0.022296,"11.1":0.011148,"12":0.930858,"0":null},"ios_saf":{"3.2":0.00099538264437994,"4.0-4.1":0.00049769132218997,"4.2-4.3":0.00049769132218997,"5.0-5.1":0.0059722958662797,"6.0-6.1":0.0019907652887599,"7.0-7.1":0.0099538264437994,"8":0.084109833450105,"8.1-8.4":0.021400726854169,"9.0-9.2":0.015926122310079,"9.3":0.1040174863377,"10.0-10.2":0.073160624361926,"10.3":0.15627507516765,"11.0-11.2":0.23043108217396,"11.3-11.4":0.63405874447002,"12.0-12.1":3.6331466519868},"android":{"2.1":0,"2.2":0.0039145975494816,"2.3":0.11743792648445,"3":0.0039145975494816,"4":0.67722537606032,"4.1":0.26227803581527,"4.2-4.3":0.98256398491989,"4.4":0,"4.4.3-4.4.4":2.1060534816211,"67":null},"ie":{"5.5":0,"6":0,"7":0,"8":0.100332,"9":0.011148,"10":0.022296,"11":0.89184},"edge":{"12":0.033444,"13":0.011148,"14":0.178368,"15":0.02787,"16":0.100332,"17":1.739088,"18":null},"op_mob":{"10":null,"11":null,"11.1":null,"11.5":null,"12":null,"12.1":null,"0":null},"samsung":{"4":0.28225234285714,"5":0.031361371428571,"6.2":0.062722742857143,"7.2":null},"ie_mob":{"10":0,"11":0.185892},"bb":{"7":0.0035408,"10":0.0141632},"baidu":{"0":null},"and_ff":{"0":0.070816},"and_uc":{"0":4.983676},"and_qq":{"1.2":null},"op_mini":{"0":6.5745035979381},"and_chr":{"0":41.812772}},"total":90.861450055081}