{"id":"TC","name":"Turks and Caicos Islands","month":"2018-12","access_date":"2019-01-04","data":{"chrome":{"4":0,"5":0,"6":0,"7":0,"8":0,"9":0,"10":0,"11":0.00689,"12":0,"13":0,"14":0,"15":0,"16":0,"17":0,"18":0,"19":0,"20":0,"21":0,"22":0,"23":0,"24":0,"25":0,"26":0.01378,"27":0,"28":0,"29":0,"30":0,"31":0.01378,"32":0,"33":0.02756,"34":0.12402,"35":0.02067,"36":0.01378,"37":0.01378,"38":0.00689,"39":0.02756,"40":0.02067,"41":0.04134,"42":0.00689,"43":0,"44":0.01378,"45":0.05512,"46":0.03445,"47":0.02067,"48":0.05512,"49":0.59254,"50":0.00689,"51":0.04823,"52":0.0689,"53":0.14469,"54":0.04134,"55":0.15847,"56":0.33761,"57":0.37895,"58":6.07698,"59":0.01378,"60":0.04823,"61":0,"62":0.01378,"63":0.00689,"64":0.00689,"65":0.12402,"66":0.01378,"67":0.02067,"68":0.08957,"69":0.16536,"70":10.12141,"71":7.53077,"72":0.02067,"73":0,"74":0},"firefox":{"2":0,"3":0,"3.5":0,"3.6":0,"4":0,"5":0,"6":0,"7":0,"8":0,"9":0,"10":0,"11":0.11713,"12":0,"13":0,"14":0.04134,"15":0,"16":0,"17":0,"18":0,"19":0,"20":0,"21":0,"22":0,"23":0,"24":0,"25":0,"26":0,"27":0,"28":0,"29":0,"30":0,"31":0,"32":0,"33":0,"34":0,"35":0,"36":0,"37":0,"38":0,"39":0,"40":0,"41":0,"42":0,"43":0.01378,"44":0,"45":0.01378,"46":0,"47":0.00689,"48":0,"49":0.01378,"50":0.00689,"51":0,"52":0.11713,"53":1.19886,"54":0.01378,"55":0.00689,"56":0,"57":0,"58":0,"59":0.00689,"60":0.02756,"61":0.00689,"62":0,"63":0.31005,"64":0.37895,"65":0,"66":0},"opera":{"9":0,"9.5-9.6":0,"10.0-10.1":0,"10.5":0,"10.6":0,"11":0,"11.1":0,"11.5":0,"11.6":0,"12":0,"12.1":0,"15":0,"16":0,"17":0,"18":0,"19":0,"20":0,"21":0,"22":0,"23":0,"24":0,"25":0,"26":0,"27":0,"28":0,"29":0,"30":0,"31":0,"32":0,"33":0,"34":0,"35":0,"36":0,"37":0,"38":0,"39":0,"40":0,"41":0,"42":0,"43":0,"44":0,"45":0.03445,"46":0,"47":0,"48":0,"49":0,"50":0,"51":0,"52":0,"53":0,"54":0,"55":0,"56":0.08957,"57":0.11713},"safari":{"3.1":0,"3.2":0,"4":0,"5":0,"5.1":0,"6":0,"6.1":0.1378,"7":0,"7.1":0,"8":0,"9":0,"9.1":0.04134,"10":0.00689,"10.1":0.19292,"11":0.02756,"11.1":0.40651,"12":1.46068,"0":null},"ios_saf":{"3.2":0.0060500030027024,"4.0-4.1":0.0030250015013512,"4.2-4.3":0.0030250015013512,"5.0-5.1":0.036300018016215,"6.0-6.1":0.012100006005405,"7.0-7.1":0.060500030027024,"8":0.51122525372836,"8.1-8.4":0.1300750645581,"9.0-9.2":0.096800048043239,"9.3":0.6322253137824,"10.0-10.2":0.44467522069863,"10.3":0.94985047142428,"11.0-11.2":1.4005756951256,"11.3-11.4":3.8538519127214,"12.0-12.1":22.082510959864},"android":{"2.1":0,"2.2":0.0015445428840716,"2.3":0.046336286522149,"3":0.0015445428840716,"4":0.26720591894439,"4.1":0.1034843732328,"4.2-4.3":0.38768026390198,"4.4":0,"4.4.3-4.4.4":0.83096407163054,"67":null},"ie":{"5.5":0,"6":0,"7":0,"8":0.01378,"9":0.01378,"10":0.19292,"11":1.48135},"edge":{"12":0.02067,"13":0.08268,"14":0.32383,"15":0.08957,"16":0.13091,"17":3.18318,"18":null},"op_mob":{"10":null,"11":null,"11.1":null,"11.5":null,"12":null,"12.1":null,"0":null},"samsung":{"4":0.42192846534653,"5":0.012055099009901,"6.2":0.060275495049505,"7.2":null},"ie_mob":{"10":0,"11":0.03421},"bb":{"7":0.002488,"10":0.009952},"baidu":{"0":null},"and_ff":{"0":0.00933},"and_uc":{"0":0.08708},"and_qq":{"1.2":null},"op_mini":{"0":0.073608676975945},"and_chr":{"0":26.53004}},"total":95.977797736382}