{"id":"TH","name":"Thailand","month":"2018-12","access_date":"2019-01-04","data":{"chrome":{"4":0,"5":0,"6":0,"7":0,"8":0,"9":0,"10":0,"11":0.007342,"12":0,"13":0,"14":0,"15":0,"16":0,"17":0,"18":0,"19":0,"20":0,"21":0,"22":0.003671,"23":0,"24":0,"25":0.003671,"26":0.003671,"27":0,"28":0,"29":0.011013,"30":0,"31":0.003671,"32":0,"33":0.003671,"34":0.011013,"35":0,"36":0.003671,"37":0.003671,"38":0.014684,"39":0.003671,"40":0.003671,"41":0.007342,"42":0,"43":0.051394,"44":0.003671,"45":0.007342,"46":0.007342,"47":0.003671,"48":0.007342,"49":0.150511,"50":0.003671,"51":0.011013,"52":0.007342,"53":0.011013,"54":0.007342,"55":0.014684,"56":0.033039,"57":0.040381,"58":0.473559,"59":0.011013,"60":0.018355,"61":0.022026,"62":0.018355,"63":0.029368,"64":0.018355,"65":0.029368,"66":0.025697,"67":0.062407,"68":0.051394,"69":0.069749,"70":3.700368,"71":3.872905,"72":0.022026,"73":0.007342,"74":0},"firefox":{"2":0,"3":0,"3.5":0,"3.6":0,"4":0,"5":0,"6":0,"7":0,"8":0,"9":0,"10":0,"11":0,"12":0,"13":0,"14":0,"15":0.003671,"16":0,"17":0,"18":0,"19":0,"20":0,"21":0,"22":0,"23":0,"24":0,"25":0,"26":0,"27":0,"28":0,"29":0,"30":0,"31":0,"32":0,"33":0,"34":0.003671,"35":0,"36":0,"37":0,"38":0,"39":0,"40":0,"41":0,"42":0,"43":0.003671,"44":0,"45":0.003671,"46":0,"47":0.018355,"48":0.011013,"49":0.011013,"50":0.003671,"51":0.003671,"52":0.033039,"53":0.095446,"54":0.014684,"55":0.033039,"56":0.088104,"57":0.007342,"58":0.007342,"59":0.003671,"60":0.007342,"61":0.011013,"62":0.011013,"63":0.249628,"64":0.260641,"65":0.007342,"66":0},"opera":{"9":0,"9.5-9.6":0,"10.0-10.1":0,"10.5":0,"10.6":0,"11":0,"11.1":0,"11.5":0,"11.6":0,"12":0,"12.1":0.003671,"15":0,"16":0,"17":0,"18":0,"19":0,"20":0,"21":0,"22":0,"23":0,"24":0,"25":0,"26":0,"27":0,"28":0,"29":0,"30":0,"31":0,"32":0,"33":0,"34":0,"35":0,"36":0,"37":0.176208,"38":0,"39":0,"40":0,"41":0,"42":0,"43":0,"44":0,"45":0.003671,"46":0,"47":0,"48":0,"49":0.007342,"50":0,"51":0,"52":0,"53":0,"54":0,"55":0,"56":0.062407,"57":0.029368},"safari":{"3.1":0,"3.2":0,"4":0,"5":0,"5.1":0,"6":0,"6.1":0,"7":0,"7.1":0,"8":0.003671,"9":0,"9.1":0.011013,"10":0.011013,"10.1":0.033039,"11":0.022026,"11.1":0.066078,"12":0.234944,"0":null},"ios_saf":{"3.2":0.0029663595235712,"4.0-4.1":0.0014831797617856,"4.2-4.3":0.0014831797617856,"5.0-5.1":0.017798157141427,"6.0-6.1":0.0059327190471424,"7.0-7.1":0.029663595235712,"8":0.25065737974177,"8.1-8.4":0.063776729756781,"9.0-9.2":0.047461752377139,"9.3":0.30998457021319,"10.0-10.2":0.21802742498248,"10.3":0.46571844520068,"11.0-11.2":0.68671222970674,"11.3-11.4":1.8895710165149,"12.0-12.1":10.827212261035},"android":{"2.1":0,"2.2":0.00071093590951932,"2.3":0.02132807728558,"3":0.00071093590951932,"4":0.12299191234684,"4.1":0.047632705937795,"4.2-4.3":0.17844491328935,"4.4":0,"4.4.3-4.4.4":0.38248351932139,"67":null},"ie":{"5.5":0,"6":0,"7":0,"8":0.022340657142857,"9":0.018617214285714,"10":0.014893771428571,"11":0.20478935714286},"edge":{"12":0.003671,"13":0.003671,"14":0.014684,"15":0.007342,"16":0.011013,"17":0.14684,"18":null},"op_mob":{"10":null,"11":null,"11.1":null,"11.5":null,"12":null,"12.1":null,"0":null},"samsung":{"4":1.401412797136,"5":0.099390978520286,"6.2":0.17890376133652,"7.2":null},"ie_mob":{"10":0.0151896,"11":0.0607584},"bb":{"7":0,"10":0},"baidu":{"0":null},"and_ff":{"0":0.094935},"and_uc":{"0":1.120233},"and_qq":{"1.2":null},"op_mini":{"0":1.0186210137457},"and_chr":{"0":64.492778}},"total":94.935818550739}