{"id":"TZ","name":"Tanzania","month":"2018-12","access_date":"2019-01-04","data":{"chrome":{"4":0.003552,"5":null,"6":null,"7":null,"8":null,"9":0.003552,"10":null,"11":0.014208,"12":null,"13":null,"14":null,"15":null,"16":null,"17":null,"18":null,"19":null,"20":null,"21":0.049728,"22":0.003552,"23":null,"24":null,"25":0.003552,"26":0.007104,"27":0.003552,"28":null,"29":0.007104,"30":null,"31":0.010656,"32":0.007104,"33":0.014208,"34":0.007104,"35":null,"36":null,"37":0.003552,"38":0.021312,"39":null,"40":0.014208,"41":null,"42":0.007104,"43":0.046176,"44":null,"45":0.007104,"46":0.014208,"47":null,"48":0.007104,"49":0.206016,"50":0.010656,"51":0.010656,"52":0.010656,"53":0.007104,"54":0.003552,"55":0.131424,"56":0.031968,"57":0.031968,"58":0.40848,"59":0.010656,"60":0.120768,"61":0.007104,"62":0.046176,"63":0.127872,"64":0.1776,"65":0.280608,"66":0.03552,"67":0.206016,"68":0.103008,"69":0.23088,"70":7.000992,"71":6.887328,"72":0.049728,"73":0.01776,"74":null},"firefox":{"2":null,"3":null,"3.5":null,"3.6":0.014208,"4":0.014208,"5":0.003552,"6":0.010656,"7":0.003552,"8":0.010656,"9":null,"10":0.021312,"11":0.007104,"12":0.007104,"13":0.010656,"14":0.010656,"15":0.007104,"16":0.014208,"17":0.007104,"18":0.010656,"19":0.007104,"20":0.014208,"21":0.01776,"22":0.007104,"23":0.031968,"24":0.007104,"25":0.007104,"26":0.014208,"27":0.007104,"28":0.010656,"29":0.010656,"30":0.024864,"31":0.007104,"32":0.014208,"33":0.01776,"34":0.028416,"35":0.014208,"36":0.039072,"37":0.014208,"38":0.049728,"39":0.021312,"40":0.031968,"41":0.01776,"42":0.03552,"43":0.12432,"44":0.078144,"45":0.031968,"46":0.01776,"47":0.138528,"48":0.085248,"49":0.039072,"50":0.01776,"51":0.007104,"52":0.117216,"53":0.067488,"54":0.021312,"55":0.007104,"56":0.039072,"57":0.05328,"58":0.01776,"59":0.014208,"60":0.120768,"61":0.07104,"62":0.113664,"63":2.53968,"64":2.553888,"65":0.24864,"66":0.007104},"opera":{"9":null,"9.5-9.6":null,"10.0-10.1":0,"10.5":null,"10.6":null,"11":null,"11.1":null,"11.5":null,"11.6":0.003552,"12":null,"12.1":null,"15":null,"16":null,"17":null,"18":null,"19":null,"20":null,"21":null,"22":null,"23":null,"24":null,"25":null,"26":null,"27":null,"28":null,"29":null,"30":null,"31":null,"32":null,"33":null,"34":null,"35":0.003552,"36":0.007104,"37":0.003552,"38":null,"39":null,"40":null,"41":null,"42":0.007104,"43":null,"44":null,"45":null,"46":null,"47":null,"48":0.003552,"49":0.01776,"50":null,"51":0.003552,"52":0.010656,"53":0.007104,"54":0.010656,"55":0.014208,"56":1.399488,"57":0.767232},"safari":{"3.1":null,"3.2":null,"4":0.010656,"5":null,"5.1":0.007104,"6":0.003552,"6.1":null,"7":0.003552,"7.1":null,"8":0.010656,"9":0.042624,"9.1":0.05328,"10":0.060384,"10.1":0.117216,"11":0.127872,"11.1":0.376512,"12":0.735264,"0":null},"ios_saf":{"3.2":0.00055373676308678,"4.0-4.1":0.00027686838154339,"4.2-4.3":0.00027686838154339,"5.0-5.1":0.0033224205785207,"6.0-6.1":0.0011074735261736,"7.0-7.1":0.0055373676308678,"8":0.046790756480833,"8.1-8.4":0.011905340406366,"9.0-9.2":0.0088597882093884,"9.3":0.057865491742568,"10.0-10.2":0.040699652086878,"10.3":0.086936671804624,"11.0-11.2":0.12819006065459,"11.3-11.4":0.35273031808628,"12.0-12.1":2.0211391852667},"android":{"2.1":0,"2.2":0.0016044033930254,"2.3":0.048132101790763,"3":0.0016044033930254,"4":0.2775617869934,"4.1":0.10749502733271,"4.2-4.3":0.40270525164939,"4.4":0,"4.4.3-4.4.4":0.86316902544769,"67":null},"ie":{"5.5":null,"6":null,"7":null,"8":0.34999933584906,"9":0.021874958490566,"10":0.047395743396226,"11":0.54687396226415},"edge":{"12":0.156288,"13":0.074592,"14":0.05328,"15":0.067488,"16":0.095904,"17":0.660672,"18":null},"op_mob":{"10":null,"11":null,"11.1":null,"11.5":null,"12":null,"12.1":null,"0":null},"samsung":{"4":0.87569213333333,"5":0.10182466666667,"6.2":0.1221896,"7.2":null},"ie_mob":{"10":0.054895135135135,"11":0.35132886486486},"bb":{"7":0.0103168,"10":0.0412672},"baidu":{"0":null},"and_ff":{"0":0.270816},"and_uc":{"0":4.365296},"and_qq":{"1.2":null},"op_mini":{"0":22.483057017182},"and_chr":{"0":31.904224}},"total":94.477691417182}