{"id":"US","name":"United States","month":"2018-12","access_date":"2019-01-04","data":{"chrome":{"4":0,"5":0,"6":0,"7":0,"8":0,"9":0,"10":0,"11":0.005794,"12":0,"13":0,"14":0,"15":0.05794,"16":0,"17":0,"18":0.005794,"19":0,"20":0,"21":0.005794,"22":0,"23":0,"24":0,"25":0.005794,"26":0,"27":0,"28":0.005794,"29":0.052146,"30":0.005794,"31":0.005794,"32":0.005794,"33":0.005794,"34":0.005794,"35":0.011588,"36":0.005794,"37":0.011588,"38":0.011588,"39":0.011588,"40":0.05794,"41":0.023176,"42":0.011588,"43":0.005794,"44":0.005794,"45":0.005794,"46":0.005794,"47":0.005794,"48":0.034764,"49":0.208584,"50":0.005794,"51":0.017382,"52":0.011588,"53":0.011588,"54":0.023176,"55":0.02897,"56":0.052146,"57":0.063734,"58":0.110086,"59":0.040558,"60":0.034764,"61":0.121674,"62":0.092704,"63":0.185408,"64":0.098498,"65":0.272318,"66":0.11588,"67":0.283906,"68":0.225966,"69":0.417168,"70":8.360742,"71":6.060524,"72":0.023176,"73":0.023176,"74":null},"firefox":{"2":0,"3":0,"3.5":0,"3.6":0.005794,"4":0.017382,"5":0,"6":0,"7":0,"8":0,"9":0,"10":0,"11":0.005794,"12":0,"13":0,"14":0.005794,"15":0,"16":0.005794,"17":0.017382,"18":0,"19":0,"20":0,"21":0,"22":0,"23":0,"24":0,"25":0,"26":0,"27":0.005794,"28":0,"29":0,"30":0.005794,"31":0.005794,"32":0.005794,"33":0.005794,"34":0,"35":0,"36":0,"37":0,"38":0.017382,"39":0,"40":0.005794,"41":0,"42":0,"43":0.011588,"44":0.011588,"45":0.040558,"46":0,"47":0.011588,"48":0.052146,"49":0.005794,"50":0.011588,"51":0.011588,"52":0.11588,"53":0.011588,"54":0.023176,"55":0.005794,"56":0.034764,"57":0.02897,"58":0.017382,"59":0.052146,"60":0.098498,"61":0.052146,"62":0.052146,"63":1.025538,"64":0.944422,"65":0.005794,"66":null},"opera":{"9":0,"9.5-9.6":0,"10.0-10.1":0,"10.5":0,"10.6":0,"11":0,"11.1":0,"11.5":0,"11.6":0,"12":0,"12.1":0.005794,"15":0,"16":0,"17":0,"18":0,"19":0,"20":0,"21":0,"22":0,"23":0,"24":0,"25":0,"26":0,"27":0,"28":0,"29":0,"30":0,"31":0,"32":0,"33":0,"34":0,"35":0,"36":0.005794,"37":0.005794,"38":0,"39":0,"40":0,"41":0,"42":0,"43":0,"44":0,"45":0,"46":0,"47":0,"48":0,"49":0.011588,"50":0,"51":0.005794,"52":0,"53":0,"54":0,"55":0,"56":0.127468,"57":0.05794},"safari":{"3.1":0,"3.2":0,"4":0,"5":0.005794,"5.1":0.017382,"6":0,"6.1":0.005794,"7":0.005794,"7.1":0,"8":0.02897,"9":0.023176,"9.1":0.075322,"10":0.034764,"10.1":0.185408,"11":0.110086,"11.1":0.393992,"12":1.697642,"0":null},"ios_saf":{"3.2":0.0078987785006506,"4.0-4.1":0.0039493892503253,"4.2-4.3":0.0039493892503253,"5.0-5.1":0.047392671003904,"6.0-6.1":0.015797557001301,"7.0-7.1":0.078987785006506,"8":0.66744678330497,"8.1-8.4":0.16982373776399,"9.0-9.2":0.12638045601041,"9.3":0.82542235331799,"10.0-10.2":0.58056021979782,"10.3":1.2401082246021,"11.0-11.2":1.8285672229006,"11.3-11.4":5.0315219049144,"12.0-12.1":28.830541527375},"android":{"2.1":0,"2.2":0.00099137229029218,"2.3":0.029741168708765,"3":0.00099137229029218,"4":0.17150740622055,"4.1":0.066421943449576,"4.2-4.3":0.24883444486334,"4.4":0,"4.4.3-4.4.4":0.53335829217719,"67":null},"edge":{"12":0.005794,"13":0.017382,"14":0.040558,"15":0.046352,"16":0.121674,"17":2.155368,"18":null},"op_mob":{"10":null,"11":null,"11.1":null,"11.5":null,"12":null,"12.1":null,"0":null},"ie":{"5.5":0,"6":0.017451667334669,"7":0.0058172224448898,"8":0.093075559118236,"9":0.39557112625251,"10":0.040720557114228,"11":2.3501578677355},"samsung":{"4":0.1617823030303,"5":0.05055696969697,"6.2":0.040445575757576,"7.2":null},"ie_mob":{"10":0,"11":0.029442},"bb":{"7":0.0025236,"10":0.0100944},"baidu":{"0":null},"and_ff":{"0":0.239742},"and_uc":{"0":0.23133},"and_qq":{"1.2":null},"op_mini":{"0":0.13538694845361},"and_chr":{"0":26.654102}},"total":96.160705796938}