{"id":"UY","name":"Uruguay","month":"2018-12","access_date":"2019-01-04","data":{"chrome":{"4":0,"5":0.01295,"6":0,"7":0,"8":0,"9":0,"10":0,"11":0,"12":0,"13":0,"14":0,"15":0,"16":0,"17":0,"18":0,"19":0,"20":0,"21":0,"22":0,"23":0,"24":0,"25":0,"26":0.0518,"27":0.006475,"28":0,"29":0.304325,"30":0,"31":0.006475,"32":0,"33":0.006475,"34":0.019425,"35":0,"36":0,"37":0,"38":0.006475,"39":0.006475,"40":0.006475,"41":0.01295,"42":0.006475,"43":0.032375,"44":0.01295,"45":0.01295,"46":0.0259,"47":0.006475,"48":0.110075,"49":0.6216,"50":0.006475,"51":0.01295,"52":0.01295,"53":0.01295,"54":0.019425,"55":0.045325,"56":0.0777,"57":0.084175,"58":0.977725,"59":0.01295,"60":0.032375,"61":0.01295,"62":0.11655,"63":0.097125,"64":0.097125,"65":0.0518,"66":0.0777,"67":0.14245,"68":2.6677,"69":0.239575,"70":12.736325,"71":11.71975,"72":0.045325,"73":0.006475,"74":0},"firefox":{"2":0,"3":0,"3.5":0,"3.6":0,"4":0,"5":0,"6":0,"7":0,"8":0,"9":0,"10":0,"11":0,"12":0,"13":0,"14":0.006475,"15":0,"16":0,"17":0,"18":0,"19":0,"20":0,"21":0,"22":0,"23":0,"24":0,"25":0.0259,"26":0,"27":0.019425,"28":0.01295,"29":0,"30":0,"31":0,"32":0,"33":0.0259,"34":0,"35":0,"36":0,"37":0,"38":0.006475,"39":0.006475,"40":0.006475,"41":0,"42":0,"43":0.01295,"44":0.006475,"45":0.019425,"46":0,"47":0.019425,"48":0.0259,"49":0.019425,"50":0.01295,"51":0.006475,"52":0.22015,"53":0.22015,"54":0.006475,"55":0.01295,"56":0.01295,"57":0.1036,"58":0.006475,"59":0.01295,"60":0.06475,"61":0.032375,"62":0.03885,"63":1.07485,"64":1.12665,"65":0.006475,"66":0},"opera":{"9":0,"9.5-9.6":0,"10.0-10.1":0,"10.5":0,"10.6":0,"11":0,"11.1":0,"11.5":0,"11.6":0,"12":0,"12.1":0,"15":0,"16":0,"17":0,"18":0,"19":0,"20":0,"21":0,"22":0,"23":0,"24":0,"25":0,"26":0,"27":0,"28":0,"29":0,"30":0,"31":0,"32":0,"33":0,"34":0,"35":0,"36":0.006475,"37":0,"38":0,"39":0,"40":0,"41":0,"42":0,"43":0,"44":0,"45":0.006475,"46":0,"47":0,"48":0.006475,"49":0.01295,"50":0,"51":0,"52":0,"53":0,"54":0,"55":0,"56":0.3885,"57":0.2072},"safari":{"3.1":0,"3.2":0,"4":0,"5":0,"5.1":0,"6":0,"6.1":0,"7":0,"7.1":0,"8":0.006475,"9":0,"9.1":0.0259,"10":0.019425,"10.1":0.0518,"11":0.0777,"11.1":0.19425,"12":0.796425,"0":null},"ios_saf":{"3.2":0.001998318486638,"4.0-4.1":0.00099915924331899,"4.2-4.3":0.00099915924331899,"5.0-5.1":0.011989910919828,"6.0-6.1":0.0039966369732759,"7.0-7.1":0.01998318486638,"8":0.16885791212091,"8.1-8.4":0.042963847462716,"9.0-9.2":0.031973095786208,"9.3":0.20882428185367,"10.0-10.2":0.14687640876789,"10.3":0.31373600240216,"11.0-11.2":0.46261072965669,"11.3-11.4":1.2729288759884,"12.0-12.1":7.2938624762286},"android":{"2.1":0,"2.2":0.0005693685202639,"2.3":0.017081055607917,"3":0.0005693685202639,"4":0.098500754005655,"4.1":0.038147690857681,"4.2-4.3":0.14291149858624,"4.4":0,"4.4.3-4.4.4":0.30632026390198,"67":null},"ie":{"5.5":0,"6":0,"7":0,"8":0.052369230769231,"9":0.019638461538462,"10":0.019638461538462,"11":0.50405384615385},"edge":{"12":0.0259,"13":0.01295,"14":0.045325,"15":0.032375,"16":0.0518,"17":0.420875,"18":null},"op_mob":{"10":null,"11":null,"11.1":null,"11.5":null,"12":null,"12.1":null,"0":null},"samsung":{"4":0.36501982758621,"5":0.037437931034483,"6.2":0.15911120689655,"7.2":null},"ie_mob":{"10":0,"11":0.4089},"bb":{"7":0.000705,"10":0.00282},"baidu":{"0":null},"and_ff":{"0":0.116325},"and_uc":{"0":0.017625},"and_qq":{"1.2":null},"op_mini":{"0":0.14350141752577},"and_chr":{"0":47.72775}},"total":96.298570383043}