{"id":"UZ","name":"Uzbekistan","month":"2018-12","access_date":"2019-01-04","data":{"chrome":{"4":0.005065,"5":0.01013,"6":0.005065,"7":0.025325,"8":0.015195,"9":0.005065,"10":0.005065,"11":0.04052,"12":0.015195,"13":0.01013,"14":0.005065,"15":0.02026,"16":0.045585,"17":0.045585,"18":0.025325,"19":0.02026,"20":0.035455,"21":0.06078,"22":0.035455,"23":0.03039,"24":0.045585,"25":0.025325,"26":0.025325,"27":0.045585,"28":0.015195,"29":0.005065,"30":0.005065,"31":0.015195,"32":0.005065,"33":0.01013,"34":0.01013,"35":0.03039,"36":0.005065,"37":0.005065,"38":0.015195,"39":0.06078,"40":0.07091,"41":0.015195,"42":0.025325,"43":0.005065,"44":0,"45":0.005065,"46":0.005065,"47":0.005065,"48":0.005065,"49":0.41533,"50":0.01013,"51":0.01013,"52":0.005065,"53":0.005065,"54":0.005065,"55":0.025325,"56":0.035455,"57":0.09117,"58":0.187405,"59":0.01013,"60":0.025325,"61":0.035455,"62":0.015195,"63":0.16208,"64":0.035455,"65":0.025325,"66":0.045585,"67":0.15195,"68":0.15195,"69":0.197535,"70":7.531655,"71":8.098935,"72":0.025325,"73":0.015195,"74":0},"firefox":{"2":0.02026,"3":0.04052,"3.5":0.14182,"3.6":0.278575,"4":0.03039,"5":0.005065,"6":0,"7":0,"8":0.005065,"9":0,"10":0.01013,"11":0.015195,"12":0.01013,"13":0.015195,"14":0,"15":0.005065,"16":0.005065,"17":0,"18":0,"19":0,"20":0.005065,"21":0,"22":0,"23":0,"24":0,"25":0,"26":0,"27":0.005065,"28":0.005065,"29":0,"30":0.015195,"31":0.005065,"32":0,"33":0.005065,"34":0.005065,"35":0.005065,"36":0.005065,"37":0,"38":0.005065,"39":0.01013,"40":0,"41":0,"42":0,"43":0.005065,"44":0,"45":0.005065,"46":0.005065,"47":0.02026,"48":0.005065,"49":0,"50":0.025325,"51":0.005065,"52":0.13169,"53":0.025325,"54":0.005065,"55":0.005065,"56":0.03039,"57":0.015195,"58":0.005065,"59":0.01013,"60":0.05065,"61":0.02026,"62":0.02026,"63":0.55715,"64":0.56728,"65":0.015195,"66":0},"opera":{"9":0,"9.5-9.6":0,"10.0-10.1":0.01013,"10.5":0.02026,"10.6":0.025325,"11":0.005065,"11.1":0.01013,"11.5":0.02026,"11.6":0.116495,"12":0.065845,"12.1":0.339355,"15":0.005065,"16":0.01013,"17":0,"18":0.01013,"19":0.01013,"20":0.015195,"21":0.005065,"22":0.005065,"23":0.005065,"24":0.025325,"25":0.01013,"26":0.01013,"27":0.065845,"28":0.01013,"29":0.005065,"30":0.01013,"31":0,"32":0.005065,"33":0.005065,"34":0.01013,"35":0.01013,"36":0.04052,"37":0.01013,"38":0,"39":0,"40":0.005065,"41":0.005065,"42":0.005065,"43":0.005065,"44":0.005065,"45":0.005065,"46":0.01013,"47":0.05065,"48":0.025325,"49":0.07091,"50":0.04052,"51":0.01013,"52":0.015195,"53":0.4052,"54":0.08104,"55":0.32416,"56":0.339355,"57":0.055715},"safari":{"3.1":0.005065,"3.2":0,"4":0.02026,"5":0.065845,"5.1":0.015195,"6":0.015195,"6.1":0,"7":0,"7.1":0,"8":0.005065,"9":0,"9.1":0.005065,"10":0.01013,"10.1":0.005065,"11":0.025325,"11.1":0.055715,"12":0.17221,"0":null},"ios_saf":{"3.2":0.0010062266039435,"4.0-4.1":0.00050311330197177,"4.2-4.3":0.00050311330197177,"5.0-5.1":0.0060373596236613,"6.0-6.1":0.0020124532078871,"7.0-7.1":0.010062266039435,"8":0.08502614803323,"8.1-8.4":0.021633871984786,"9.0-9.2":0.016099625663097,"9.3":0.1051506801121,"10.0-10.2":0.073957655389851,"10.3":0.15797757681914,"11.0-11.2":0.23294145881293,"11.3-11.4":0.64096634671204,"12.0-12.1":3.672727104394},"android":{"2.1":0,"2.2":0.0036982846371348,"2.3":0.11094853911404,"3":0.0036982846371348,"4":0.63980324222432,"4.1":0.24778507068803,"4.2-4.3":0.92826944392083,"4.4":0,"4.4.3-4.4.4":1.9896771347785,"67":null},"ie":{"5.5":0,"6":0,"7":0,"8":0.048507115384615,"9":0.064676153846154,"10":0.086234871794872,"11":0.21558717948718},"edge":{"12":0.01013,"13":0.02026,"14":0.025325,"15":0.035455,"16":0.03039,"17":0.08104,"18":null},"op_mob":{"10":null,"11":null,"11.1":null,"11.5":null,"12":null,"12.1":null,"0":null},"samsung":{"4":3.3170049288256,"5":0.40142097864769,"6.2":0.47536694839858,"7.2":null},"ie_mob":{"10":0.0399735,"11":0.0932715},"bb":{"7":0.004935,"10":0.01974},"baidu":{"0":null},"and_ff":{"0":0.03948},"and_uc":{"0":13.7193},"and_qq":{"1.2":null},"op_mini":{"0":2.3547581443299},"and_chr":{"0":30.65987}},"total":83.870651320715}