{"id":"VI","name":"Virgin Island, U.S.","month":"2018-12","access_date":"2019-01-04","data":{"chrome":{"4":null,"5":null,"6":null,"7":0.010056,"8":0.010056,"9":null,"10":0.005028,"11":0.020112,"12":0.015084,"13":null,"14":null,"15":0.020112,"16":0.005028,"17":null,"18":0.010056,"19":null,"20":null,"21":0.010056,"22":null,"23":null,"24":0.005028,"25":0.02514,"26":0.005028,"27":null,"28":0.015084,"29":0.015084,"30":null,"31":0.030168,"32":0.010056,"33":0.030168,"34":0.040224,"35":0.020112,"36":null,"37":0.040224,"38":0.035196,"39":0.015084,"40":0.065364,"41":0.030168,"42":0.07542,"43":null,"44":0.02514,"45":0.030168,"46":0.015084,"47":0.005028,"48":0.02514,"49":0.316764,"50":0.015084,"51":0.030168,"52":0.030168,"53":0.165924,"54":0.015084,"55":0.055308,"56":0.120672,"57":0.155868,"58":2.222376,"59":0.120672,"60":0.080448,"61":0.005028,"62":0.015084,"63":0.030168,"64":0.02514,"65":0.060336,"66":0.05028,"67":0.336876,"68":0.085476,"69":0.281568,"70":11.48898,"71":10.272204,"72":0.020112,"73":null,"74":null},"firefox":{"2":null,"3":null,"3.5":null,"3.6":null,"4":null,"5":null,"6":null,"7":null,"8":null,"9":null,"10":null,"11":null,"12":null,"13":null,"14":null,"15":null,"16":null,"17":null,"18":null,"19":null,"20":null,"21":null,"22":null,"23":null,"24":null,"25":null,"26":null,"27":null,"28":null,"29":null,"30":null,"31":null,"32":null,"33":null,"34":null,"35":null,"36":null,"37":null,"38":null,"39":null,"40":null,"41":null,"42":null,"43":null,"44":null,"45":0.015084,"46":null,"47":0.005028,"48":0.020112,"49":0.005028,"50":0.010056,"51":null,"52":0.181008,"53":0.417324,"54":0.010056,"55":null,"56":null,"57":0.010056,"58":0.005028,"59":0.005028,"60":0.020112,"61":0.135756,"62":0.070392,"63":1.724604,"64":2.076564,"65":0.015084,"66":null},"opera":{"9":null,"9.5-9.6":null,"10.0-10.1":0,"10.5":null,"10.6":null,"11":null,"11.1":null,"11.5":null,"11.6":null,"12":null,"12.1":null,"15":null,"16":null,"17":null,"18":null,"19":null,"20":null,"21":null,"22":null,"23":null,"24":null,"25":null,"26":null,"27":null,"28":null,"29":null,"30":null,"31":null,"32":null,"33":null,"34":null,"35":null,"36":null,"37":null,"38":null,"39":null,"40":null,"41":null,"42":null,"43":null,"44":null,"45":0.015084,"46":null,"47":null,"48":null,"49":null,"50":null,"51":null,"52":null,"53":null,"54":null,"55":null,"56":0.130728,"57":0.065364},"safari":{"3.1":null,"3.2":null,"4":0,"5":null,"5.1":null,"6":null,"6.1":null,"7":null,"7.1":null,"8":0.035196,"9":0.015084,"9.1":0.311736,"10":0.02514,"10.1":0.286596,"11":0.065364,"11.1":0.442464,"12":2.282712,"0":null},"ios_saf":{"3.2":0.0049426387748974,"4.0-4.1":0.0024713193874487,"4.2-4.3":0.0024713193874487,"5.0-5.1":0.029655832649384,"6.0-6.1":0.0098852775497948,"7.0-7.1":0.049426387748974,"8":0.41765297647883,"8.1-8.4":0.10626673366029,"9.0-9.2":0.079082220398359,"9.3":0.51650575197678,"10.0-10.2":0.36328394995496,"10.3":0.77599428765889,"11.0-11.2":1.1442208763887,"11.3-11.4":3.1484608996096,"12.0-12.1":18.040631528376},"android":{"2.1":0,"2.2":0.00021087653157399,"2.3":0.0063262959472196,"3":0.00021087653157399,"4":0.0364816399623,"4.1":0.014128727615457,"4.2-4.3":0.052930009425071,"4.4":0,"4.4.3-4.4.4":0.1134515739868,"67":null},"ie":{"5.5":null,"6":null,"7":null,"8":0.020112,"9":0.015084,"10":0.281568,"11":3.891672},"edge":{"12":0.015084,"13":0.02514,"14":0.211176,"15":0.110616,"16":0.32682,"17":6.169356,"18":null},"op_mob":{"10":null,"11":null,"11.1":null,"11.5":null,"12":null,"12.1":null,"0":null},"samsung":{"4":null,"5":null,"6.2":null,"7.2":null},"ie_mob":{"10":0.011256428571429,"11":0.14633357142857},"bb":{"7":0,"10":0},"baidu":{"0":null},"and_ff":{"0":0.417648},"and_uc":{"0":0.089496},"and_qq":{"1.2":null},"op_mini":{"0":0.042364515463918},"and_chr":{"0":21.736504}},"total":93.490194515464}