{"id":"WS","name":"Samoa","month":"2018-12","access_date":"2019-01-04","data":{"chrome":{"4":0,"5":0,"6":0,"7":0,"8":0,"9":0,"10":0,"11":0,"12":0,"13":0,"14":0,"15":0,"16":0,"17":0,"18":0,"19":0,"20":0,"21":0,"22":0,"23":0,"24":0.004654,"25":0.027924,"26":0,"27":0,"28":0,"29":0,"30":0,"31":0,"32":0,"33":0,"34":0,"35":0,"36":0,"37":0,"38":0,"39":0,"40":0.060502,"41":0,"42":0,"43":0.004654,"44":0,"45":0,"46":0,"47":0.009308,"48":0.018616,"49":0.274586,"50":0,"51":0.004654,"52":0,"53":0,"54":0,"55":0.032578,"56":0.009308,"57":0.04654,"58":0,"59":0.004654,"60":0.009308,"61":0.013962,"62":0,"63":0.274586,"64":0.004654,"65":0.474708,"66":0.018616,"67":0.041886,"68":0.041886,"69":0.065156,"70":5.836116,"71":3.90936,"72":0.009308,"73":0,"74":0},"firefox":{"2":0,"3":0,"3.5":0,"3.6":0,"4":0,"5":0,"6":0,"7":0,"8":0,"9":0,"10":0,"11":0,"12":0,"13":0,"14":0,"15":0,"16":0,"17":0,"18":0,"19":0,"20":0,"21":0,"22":0,"23":0,"24":0,"25":0,"26":0,"27":0,"28":0,"29":0,"30":0,"31":0,"32":0,"33":0,"34":0,"35":0,"36":0,"37":0,"38":0,"39":0,"40":0,"41":0,"42":0,"43":0.060502,"44":0,"45":0,"46":0,"47":0.041886,"48":0.009308,"49":0,"50":0,"51":0,"52":0.04654,"53":0,"54":0,"55":0,"56":0,"57":0.009308,"58":0,"59":0.004654,"60":0.009308,"61":0.032578,"62":0.004654,"63":1.033188,"64":0.879606,"65":0.242008,"66":0},"opera":{"9":0,"9.5-9.6":0,"10.0-10.1":0,"10.5":0,"10.6":0,"11":0,"11.1":0,"11.5":0,"11.6":0,"12":0,"12.1":0.004654,"15":0,"16":0,"17":0,"18":0,"19":0,"20":0,"21":0,"22":0,"23":0,"24":0,"25":0,"26":0,"27":0,"28":0,"29":0,"30":0.004654,"31":0,"32":0,"33":0.013962,"34":0,"35":0,"36":0,"37":0.018616,"38":0,"39":0,"40":0,"41":0,"42":0,"43":0.02327,"44":0,"45":0.004654,"46":0,"47":0,"48":0,"49":0.018616,"50":0,"51":0,"52":0,"53":0.004654,"54":0,"55":0,"56":0.11635,"57":0.055848},"safari":{"3.1":0,"3.2":0,"4":0,"5":0,"5.1":0,"6":0,"6.1":0,"7":0,"7.1":0,"8":0.204776,"9":0,"9.1":0.060502,"10":0.02327,"10.1":0.134966,"11":0,"11.1":0.027924,"12":0.214084,"0":null},"ios_saf":{"3.2":0.0016439763787409,"4.0-4.1":0.00082198818937043,"4.2-4.3":0.00082198818937043,"5.0-5.1":0.0098638582724452,"6.0-6.1":0.0032879527574817,"7.0-7.1":0.016439763787409,"8":0.1389160040036,"8.1-8.4":0.035345492142929,"9.0-9.2":0.026303622059854,"9.3":0.17179553157842,"10.0-10.2":0.12083226383745,"10.3":0.25810429146232,"11.0-11.2":0.38058053167851,"11.3-11.4":1.0472129532579,"12.0-12.1":6.0005137824042},"android":{"2.1":0,"2.2":0.0031703279924599,"2.3":0.095109839773798,"3":0.0031703279924599,"4":0.54846674269557,"4.1":0.21241197549482,"4.2-4.3":0.79575232610745,"4.4":0,"4.4.3-4.4.4":1.7056364599434,"67":null},"ie":{"5.5":0,"6":0,"7":0,"8":0.018616,"9":0.009308,"10":0.018616,"11":0.660868},"edge":{"12":0.009308,"13":0.088426,"14":0.004654,"15":0.04654,"16":0.051194,"17":0.609674,"18":null},"op_mob":{"10":null,"11":null,"11.1":null,"11.5":null,"12":null,"12.1":null,"0":null},"samsung":{"4":1.0566472375691,"5":0.20933577348066,"6.2":0.18939903314917,"7.2":null},"ie_mob":{"10":0,"11":0.652212},"bb":{"7":0,"10":0},"baidu":{"0":null},"and_ff":{"0":0.085536},"and_uc":{"0":1.058508},"and_qq":{"1.2":null},"op_mini":{"0":2.7887473298969},"and_chr":{"0":59.615366}},"total":93.251021374096}